label,series,platform,game,track,reason_keyword,file
ambiguous_other,Ace Attorney,Nintendo 3DS,Phoenix Wright Ace Attorney Spirit of Justice,Cheerful People,,game_midi/Ace Attorney_Nintendo 3DS_Phoenix Wright Ace Attorney Spirit of Justice_Cheerful People.mid
ambiguous_other,Ace Attorney,Nintendo DS,Ace Attorney Investigations Miles Edgeworth,Kay Faraday The Great Truth Burglar,,game_midi/Ace Attorney_Nintendo DS_Ace Attorney Investigations Miles Edgeworth_Kay Faraday The Great Truth Burglar.mid
ambiguous_other,Ace Attorney,Nintendo DS,Ace Attorney Investigations Miles Edgeworth,Pursuit Lying Coldly,,game_midi/Ace Attorney_Nintendo DS_Ace Attorney Investigations Miles Edgeworth_Pursuit Lying Coldly.mid
ambiguous_other,Ace Attorney,Nintendo DS,Apollo Justice Ace Attorney,Court Begins,,game_midi/Ace Attorney_Nintendo DS_Apollo Justice Ace Attorney_Court Begins.mid
ambiguous_other,Ace Attorney,Nintendo DS,Apollo Justice Ace Attorney,Cross-Examination Moderato 2007,,game_midi/Ace Attorney_Nintendo DS_Apollo Justice Ace Attorney_Cross-Examination Moderato 2007.mid
ambiguous_other,Ace Attorney,Nintendo DS,Apollo Justice Ace Attorney,Telling the Truth 2007,,game_midi/Ace Attorney_Nintendo DS_Apollo Justice Ace Attorney_Telling the Truth 2007.mid
ambiguous_other,Ace Attorney,Nintendo DS,Apollo Justice Ace Attorney,Troupe Gramarye,,game_midi/Ace Attorney_Nintendo DS_Apollo Justice Ace Attorney_Troupe Gramarye.mid
ambiguous_other,Ace Attorney,Nintendo DS,Gyakuten Kenji 2,Bonds A Believing Heart,,game_midi/Ace Attorney_Nintendo DS_Gyakuten Kenji 2_Bonds A Believing Heart.mid
ambiguous_other,Ace Attorney,Nintendo DS,Gyakuten Kenji 2,Hakari Mikagami Goddess of Law,,game_midi/Ace Attorney_Nintendo DS_Gyakuten Kenji 2_Hakari Mikagami Goddess of Law.mid
ambiguous_other,Ace Attorney,Nintendo DS,Gyakuten Kenji 2,Pursuit Wanting to Find the Truth,,game_midi/Ace Attorney_Nintendo DS_Gyakuten Kenji 2_Pursuit Wanting to Find the Truth.mid
ambiguous_other,Ace Attorney,Nintendo DS,Gyakuten Kenji 2,Raymond Shields Joking Motive,,game_midi/Ace Attorney_Nintendo DS_Gyakuten Kenji 2_Raymond Shields Joking Motive.mid
ambiguous_other,Ace Attorney,Nintendo DS,Gyakuten Kenji 2,Yumihiko Ichiyanagi First-Class Reasoning,,game_midi/Ace Attorney_Nintendo DS_Gyakuten Kenji 2_Yumihiko Ichiyanagi First-Class Reasoning.mid
ambiguous_other,Ace Attorney,Nintendo DS,Phoenix Wright Ace Attorney Justice for All,Court Begins,,game_midi/Ace Attorney_Nintendo DS_Phoenix Wright Ace Attorney Justice for All_Court Begins.mid
ambiguous_other,Ace Attorney,Nintendo DS,Phoenix Wright Ace Attorney Justice for All,Cross-Examination Allegro 2002,,game_midi/Ace Attorney_Nintendo DS_Phoenix Wright Ace Attorney Justice for All_Cross-Examination Allegro 2002.mid
ambiguous_other,Ace Attorney,Nintendo DS,Phoenix Wright Ace Attorney Justice for All,Great Revival Franziska von Karma,,game_midi/Ace Attorney_Nintendo DS_Phoenix Wright Ace Attorney Justice for All_Great Revival Franziska von Karma.mid
ambiguous_other,Ace Attorney,Nintendo DS,Phoenix Wright Ace Attorney Justice for All,Great Revival Miles Edgeworth,,game_midi/Ace Attorney_Nintendo DS_Phoenix Wright Ace Attorney Justice for All_Great Revival Miles Edgeworth.mid
ambiguous_other,Ace Attorney,Nintendo DS,Phoenix Wright Ace Attorney Justice for All,Phoenix Wright Objection! 2002,,game_midi/Ace Attorney_Nintendo DS_Phoenix Wright Ace Attorney Justice for All_Phoenix Wright Objection! 2002.mid
looping_gameplay_bgm,Ace Attorney,Nintendo DS,Phoenix Wright Ace Attorney Trials and Tribulations,Detention Center Elegy of the Detained,center,game_midi/Ace Attorney_Nintendo DS_Phoenix Wright Ace Attorney Trials and Tribulations_Detention Center Elegy of the Detained.mid
ambiguous_other,Ace Attorney,Nintendo DS,Phoenix Wright Ace Attorney Trials and Tribulations,Furio Tigre Swingin Tiger,,game_midi/Ace Attorney_Nintendo DS_Phoenix Wright Ace Attorney Trials and Tribulations_Furio Tigre Swingin Tiger.mid
ambiguous_other,Ace Attorney,Nintendo DS,Phoenix Wright Ace Attorney Trials and Tribulations,Godot The Fragrance of Dark Coffee,,game_midi/Ace Attorney_Nintendo DS_Phoenix Wright Ace Attorney Trials and Tribulations_Godot The Fragrance of Dark Coffee.mid
finite_song_or_cue,Ace Attorney,Nintendo DS,Phoenix Wright Ace Attorney Trials and Tribulations,Prologue,prologue,game_midi/Ace Attorney_Nintendo DS_Phoenix Wright Ace Attorney Trials and Tribulations_Prologue.mid
ambiguous_other,Ace Attorney,Nintendo DS,Phoenix Wright Ace Attorney Trials and Tribulations,Tres Bien,,game_midi/Ace Attorney_Nintendo DS_Phoenix Wright Ace Attorney Trials and Tribulations_Tres Bien.mid
ambiguous_other,Ace Attorney,Nintendo DS,Phoenix Wright Ace Attorney,Ace Attorney - Court Begins,,game_midi/Ace Attorney_Nintendo DS_Phoenix Wright Ace Attorney_Ace Attorney - Court Begins.mid
ambiguous_other,Ace Attorney,Nintendo DS,Phoenix Wright Ace Attorney,Courtroom Lobby The First Prelude,,game_midi/Ace Attorney_Nintendo DS_Phoenix Wright Ace Attorney_Courtroom Lobby The First Prelude.mid
ambiguous_other,Ace Attorney,Nintendo DS,Phoenix Wright Ace Attorney,Cross-Examination Allegro 2001,,game_midi/Ace Attorney_Nintendo DS_Phoenix Wright Ace Attorney_Cross-Examination Allegro 2001.mid
ambiguous_other,Ace Attorney,Nintendo DS,Phoenix Wright Ace Attorney,Cross-Examination Moderato 2001,,game_midi/Ace Attorney_Nintendo DS_Phoenix Wright Ace Attorney_Cross-Examination Moderato 2001.mid
ambiguous_other,Ace Attorney,Nintendo DS,Phoenix Wright Ace Attorney,"Dick Gumshoe Its Detective Gumshoe, Pal!",,"game_midi/Ace Attorney_Nintendo DS_Phoenix Wright Ace Attorney_Dick Gumshoe Its Detective Gumshoe, Pal!.mid"
ambiguous_likely_loop,Ace Attorney,Nintendo DS,Phoenix Wright Ace Attorney,Ema Skye Turnabout Sisters Theme 2005,theme,game_midi/Ace Attorney_Nintendo DS_Phoenix Wright Ace Attorney_Ema Skye Turnabout Sisters Theme 2005.mid
ambiguous_other,Ace Attorney,Nintendo DS,Phoenix Wright Ace Attorney,Investigation Core 2001,,game_midi/Ace Attorney_Nintendo DS_Phoenix Wright Ace Attorney_Investigation Core 2001.mid
finite_song_or_cue,Ace Attorney,Nintendo DS,Phoenix Wright Ace Attorney,Investigation Opening 2001,opening,game_midi/Ace Attorney_Nintendo DS_Phoenix Wright Ace Attorney_Investigation Opening 2001.mid
ambiguous_other,Ace Attorney,Nintendo DS,Phoenix Wright Ace Attorney,Logic and Trick,,game_midi/Ace Attorney_Nintendo DS_Phoenix Wright Ace Attorney_Logic and Trick.mid
ambiguous_other,Ace Attorney,Nintendo DS,Phoenix Wright Ace Attorney,"Marvin Grossberg Old Age, Regret, Retribution",,"game_midi/Ace Attorney_Nintendo DS_Phoenix Wright Ace Attorney_Marvin Grossberg Old Age, Regret, Retribution.mid"
ambiguous_likely_loop,Ace Attorney,Nintendo DS,Phoenix Wright Ace Attorney,Maya Fey Turnabout Sisters Theme 2001,theme,game_midi/Ace Attorney_Nintendo DS_Phoenix Wright Ace Attorney_Maya Fey Turnabout Sisters Theme 2001.mid
ambiguous_other,Ace Attorney,Nintendo DS,Phoenix Wright Ace Attorney,Phoenix Wright Objection! 2001,,game_midi/Ace Attorney_Nintendo DS_Phoenix Wright Ace Attorney_Phoenix Wright Objection! 2001.mid
ambiguous_other,Ace Attorney,Nintendo DS,Phoenix Wright Ace Attorney,Pursuit Cornered,,game_midi/Ace Attorney_Nintendo DS_Phoenix Wright Ace Attorney_Pursuit Cornered.mid
ambiguous_other,Ace Attorney,Nintendo DS,Phoenix Wright Ace Attorney,Suspense,,game_midi/Ace Attorney_Nintendo DS_Phoenix Wright Ace Attorney_Suspense.mid
ambiguous_other,Ace Attorney,Nintendo DS,Phoenix Wright Ace Attorney,Tell the Truth 2001,,game_midi/Ace Attorney_Nintendo DS_Phoenix Wright Ace Attorney_Tell the Truth 2001.mid
ambiguous_other,Ace Attorney,Nintendo DS,Phoenix Wright Ace Attorney,"The Steel Samurai, Warrior of Neo Olde Tokyo",,"game_midi/Ace Attorney_Nintendo DS_Phoenix Wright Ace Attorney_The Steel Samurai, Warrior of Neo Olde Tokyo.mid"
finite_song_or_cue,Ace Attorney,Nintendo DS,Phoenix Wright Ace Attorney,Turnabout Sisters Ballad,allad,game_midi/Ace Attorney_Nintendo DS_Phoenix Wright Ace Attorney_Turnabout Sisters Ballad.mid
ambiguous_likely_loop,Animal Crossing,Nintendo 3DS,Animal Crossing New Leaf,100 AM,"d{1,2}:?00s*(am|pm)",game_midi/Animal Crossing_Nintendo 3DS_Animal Crossing New Leaf_100 AM.mid
ambiguous_likely_loop,Animal Crossing,Nintendo 3DS,Animal Crossing New Leaf,100 PM,"d{1,2}:?00s*(am|pm)",game_midi/Animal Crossing_Nintendo 3DS_Animal Crossing New Leaf_100 PM.mid
ambiguous_likely_loop,Animal Crossing,Nintendo 3DS,Animal Crossing New Leaf,1000 PM,"d{1,2}:?00s*(am|pm)",game_midi/Animal Crossing_Nintendo 3DS_Animal Crossing New Leaf_1000 PM.mid
ambiguous_likely_loop,Animal Crossing,Nintendo 3DS,Animal Crossing New Leaf,1100 AM,"d{1,2}:?00s*(am|pm)",game_midi/Animal Crossing_Nintendo 3DS_Animal Crossing New Leaf_1100 AM.mid
ambiguous_likely_loop,Animal Crossing,Nintendo 3DS,Animal Crossing New Leaf,1100 PM,"d{1,2}:?00s*(am|pm)",game_midi/Animal Crossing_Nintendo 3DS_Animal Crossing New Leaf_1100 PM.mid
ambiguous_likely_loop,Animal Crossing,Nintendo 3DS,Animal Crossing New Leaf,1200 PM,"d{1,2}:?00s*(am|pm)",game_midi/Animal Crossing_Nintendo 3DS_Animal Crossing New Leaf_1200 PM.mid
ambiguous_likely_loop,Animal Crossing,Nintendo 3DS,Animal Crossing New Leaf,200 AM,"d{1,2}:?00s*(am|pm)",game_midi/Animal Crossing_Nintendo 3DS_Animal Crossing New Leaf_200 AM.mid
ambiguous_likely_loop,Animal Crossing,Nintendo 3DS,Animal Crossing New Leaf,200 PM,"d{1,2}:?00s*(am|pm)",game_midi/Animal Crossing_Nintendo 3DS_Animal Crossing New Leaf_200 PM.mid
ambiguous_likely_loop,Animal Crossing,Nintendo 3DS,Animal Crossing New Leaf,300 AM,"d{1,2}:?00s*(am|pm)",game_midi/Animal Crossing_Nintendo 3DS_Animal Crossing New Leaf_300 AM.mid
ambiguous_likely_loop,Animal Crossing,Nintendo 3DS,Animal Crossing New Leaf,300 PM,"d{1,2}:?00s*(am|pm)",game_midi/Animal Crossing_Nintendo 3DS_Animal Crossing New Leaf_300 PM.mid
ambiguous_likely_loop,Animal Crossing,Nintendo 3DS,Animal Crossing New Leaf,400 AM,"d{1,2}:?00s*(am|pm)",game_midi/Animal Crossing_Nintendo 3DS_Animal Crossing New Leaf_400 AM.mid
ambiguous_likely_loop,Animal Crossing,Nintendo 3DS,Animal Crossing New Leaf,400 PM,"d{1,2}:?00s*(am|pm)",game_midi/Animal Crossing_Nintendo 3DS_Animal Crossing New Leaf_400 PM.mid
ambiguous_likely_loop,Animal Crossing,Nintendo 3DS,Animal Crossing New Leaf,500 AM,"d{1,2}:?00s*(am|pm)",game_midi/Animal Crossing_Nintendo 3DS_Animal Crossing New Leaf_500 AM.mid
ambiguous_likely_loop,Animal Crossing,Nintendo 3DS,Animal Crossing New Leaf,500 PM,"d{1,2}:?00s*(am|pm)",game_midi/Animal Crossing_Nintendo 3DS_Animal Crossing New Leaf_500 PM.mid
ambiguous_likely_loop,Animal Crossing,Nintendo 3DS,Animal Crossing New Leaf,700 AM,"d{1,2}:?00s*(am|pm)",game_midi/Animal Crossing_Nintendo 3DS_Animal Crossing New Leaf_700 AM.mid
ambiguous_likely_loop,Animal Crossing,Nintendo 3DS,Animal Crossing New Leaf,700 PM,"d{1,2}:?00s*(am|pm)",game_midi/Animal Crossing_Nintendo 3DS_Animal Crossing New Leaf_700 PM.mid
ambiguous_likely_loop,Animal Crossing,Nintendo 3DS,Animal Crossing New Leaf,800 AM,"d{1,2}:?00s*(am|pm)",game_midi/Animal Crossing_Nintendo 3DS_Animal Crossing New Leaf_800 AM.mid
ambiguous_likely_loop,Animal Crossing,Nintendo 3DS,Animal Crossing New Leaf,800 PM,"d{1,2}:?00s*(am|pm)",game_midi/Animal Crossing_Nintendo 3DS_Animal Crossing New Leaf_800 PM.mid
ambiguous_likely_loop,Animal Crossing,Nintendo 3DS,Animal Crossing New Leaf,900 AM,"d{1,2}:?00s*(am|pm)",game_midi/Animal Crossing_Nintendo 3DS_Animal Crossing New Leaf_900 AM.mid
ambiguous_likely_loop,Animal Crossing,Nintendo 3DS,Animal Crossing New Leaf,900 PM,"d{1,2}:?00s*(am|pm)",game_midi/Animal Crossing_Nintendo 3DS_Animal Crossing New Leaf_900 PM.mid
ambiguous_other,Animal Crossing,Nintendo 3DS,Animal Crossing New Leaf,Being Chased by a Bee,,game_midi/Animal Crossing_Nintendo 3DS_Animal Crossing New Leaf_Being Chased by a Bee.mid
finite_song_or_cue,Animal Crossing,Nintendo 3DS,Animal Crossing New Leaf,Bubblegum KK (Aircheck),"aircheck, k.?k.?",game_midi/Animal Crossing_Nintendo 3DS_Animal Crossing New Leaf_Bubblegum KK (Aircheck).mid
finite_song_or_cue,Animal Crossing,Nintendo 3DS,Animal Crossing New Leaf,Bubblegum KK (Music Box),k.?k.?,game_midi/Animal Crossing_Nintendo 3DS_Animal Crossing New Leaf_Bubblegum KK (Music Box).mid
finite_song_or_cue,Animal Crossing,Nintendo 3DS,Animal Crossing New Leaf,Bubblegum KK,k.?k.?,game_midi/Animal Crossing_Nintendo 3DS_Animal Crossing New Leaf_Bubblegum KK.mid
ambiguous_other,Animal Crossing,Nintendo 3DS,Animal Crossing New Leaf,Club LOL,,game_midi/Animal Crossing_Nintendo 3DS_Animal Crossing New Leaf_Club LOL.mid
ambiguous_other,Animal Crossing,Nintendo 3DS,Animal Crossing New Leaf,Fireworks,,game_midi/Animal Crossing_Nintendo 3DS_Animal Crossing New Leaf_Fireworks.mid
finite_song_or_cue,Animal Crossing,Nintendo 3DS,Animal Crossing New Leaf,Hypno KK (Aircheck),"aircheck, k.?k.?",game_midi/Animal Crossing_Nintendo 3DS_Animal Crossing New Leaf_Hypno KK (Aircheck).mid
finite_song_or_cue,Animal Crossing,Nintendo 3DS,Animal Crossing New Leaf,Hypno KK (Music Box),k.?k.?,game_midi/Animal Crossing_Nintendo 3DS_Animal Crossing New Leaf_Hypno KK (Music Box).mid
finite_song_or_cue,Animal Crossing,Nintendo 3DS,Animal Crossing New Leaf,Hypno KK,k.?k.?,game_midi/Animal Crossing_Nintendo 3DS_Animal Crossing New Leaf_Hypno KK.mid
ambiguous_other,Animal Crossing,Nintendo 3DS,Animal Crossing New Leaf,Igloo,,game_midi/Animal Crossing_Nintendo 3DS_Animal Crossing New Leaf_Igloo.mid
finite_song_or_cue,Animal Crossing,Nintendo 3DS,Animal Crossing New Leaf,KK Adventure (Aircheck),"aircheck, k.?k.?",game_midi/Animal Crossing_Nintendo 3DS_Animal Crossing New Leaf_KK Adventure (Aircheck).mid
finite_song_or_cue,Animal Crossing,Nintendo 3DS,Animal Crossing New Leaf,KK Bazaar (Aircheck),"aircheck, k.?k.?",game_midi/Animal Crossing_Nintendo 3DS_Animal Crossing New Leaf_KK Bazaar (Aircheck).mid
finite_song_or_cue,Animal Crossing,Nintendo 3DS,Animal Crossing New Leaf,KK Bazaar (Music Box),k.?k.?,game_midi/Animal Crossing_Nintendo 3DS_Animal Crossing New Leaf_KK Bazaar (Music Box).mid
finite_song_or_cue,Animal Crossing,Nintendo 3DS,Animal Crossing New Leaf,KK Bazaar,k.?k.?,game_midi/Animal Crossing_Nintendo 3DS_Animal Crossing New Leaf_KK Bazaar.mid
finite_song_or_cue,Animal Crossing,Nintendo 3DS,Animal Crossing New Leaf,KK Birthday (Aircheck),"aircheck, k.?k.?",game_midi/Animal Crossing_Nintendo 3DS_Animal Crossing New Leaf_KK Birthday (Aircheck).mid
finite_song_or_cue,Animal Crossing,Nintendo 3DS,Animal Crossing New Leaf,KK Birthday (Music Box),k.?k.?,game_midi/Animal Crossing_Nintendo 3DS_Animal Crossing New Leaf_KK Birthday (Music Box).mid
finite_song_or_cue,Animal Crossing,Nintendo 3DS,Animal Crossing New Leaf,KK Birthday,k.?k.?,game_midi/Animal Crossing_Nintendo 3DS_Animal Crossing New Leaf_KK Birthday.mid
finite_song_or_cue,Animal Crossing,Nintendo 3DS,Animal Crossing New Leaf,KK Disco (Aircheck),"aircheck, k.?k.?",game_midi/Animal Crossing_Nintendo 3DS_Animal Crossing New Leaf_KK Disco (Aircheck).mid
finite_song_or_cue,Animal Crossing,Nintendo 3DS,Animal Crossing New Leaf,KK Disco (Music Box),k.?k.?,game_midi/Animal Crossing_Nintendo 3DS_Animal Crossing New Leaf_KK Disco (Music Box).mid
finite_song_or_cue,Animal Crossing,Nintendo 3DS,Animal Crossing New Leaf,KK Disco,k.?k.?,game_midi/Animal Crossing_Nintendo 3DS_Animal Crossing New Leaf_KK Disco.mid
finite_song_or_cue,Animal Crossing,Nintendo 3DS,Animal Crossing New Leaf,KK Island (Aircheck),"aircheck, k.?k.?",game_midi/Animal Crossing_Nintendo 3DS_Animal Crossing New Leaf_KK Island (Aircheck).mid
finite_song_or_cue,Animal Crossing,Nintendo 3DS,Animal Crossing New Leaf,KK Jongara (Aircheck),"aircheck, k.?k.?",game_midi/Animal Crossing_Nintendo 3DS_Animal Crossing New Leaf_KK Jongara (Aircheck).mid
finite_song_or_cue,Animal Crossing,Nintendo 3DS,Animal Crossing New Leaf,KK Jongara,k.?k.?,game_midi/Animal Crossing_Nintendo 3DS_Animal Crossing New Leaf_KK Jongara.mid
finite_song_or_cue,Animal Crossing,Nintendo 3DS,Animal Crossing New Leaf,KK Stroll (Aircheck),"aircheck, k.?k.?",game_midi/Animal Crossing_Nintendo 3DS_Animal Crossing New Leaf_KK Stroll (Aircheck).mid
finite_song_or_cue,Animal Crossing,Nintendo 3DS,Animal Crossing New Leaf,KK Stroll (Music Box),k.?k.?,game_midi/Animal Crossing_Nintendo 3DS_Animal Crossing New Leaf_KK Stroll (Music Box).mid
finite_song_or_cue,Animal Crossing,Nintendo 3DS,Animal Crossing New Leaf,KK Stroll,k.?k.?,game_midi/Animal Crossing_Nintendo 3DS_Animal Crossing New Leaf_KK Stroll.mid
ambiguous_likely_loop,Animal Crossing,Nintendo 3DS,Animal Crossing New Leaf,Main Street by Day,day,game_midi/Animal Crossing_Nintendo 3DS_Animal Crossing New Leaf_Main Street by Day.mid
looping_gameplay_bgm,Animal Crossing,Nintendo 3DS,Animal Crossing New Leaf,Museum & Exhibit Room,room,game_midi/Animal Crossing_Nintendo 3DS_Animal Crossing New Leaf_Museum & Exhibit Room.mid
ambiguous_likely_loop,Animal Crossing,Nintendo 3DS,Animal Crossing New Leaf,New Years Day,day,game_midi/Animal Crossing_Nintendo 3DS_Animal Crossing New Leaf_New Years Day.mid
ambiguous_other,Animal Crossing,Nintendo 3DS,Animal Crossing New Leaf,Nooks Homes,,game_midi/Animal Crossing_Nintendo 3DS_Animal Crossing New Leaf_Nooks Homes.mid
looping_gameplay_bgm,Animal Crossing,Nintendo 3DS,Animal Crossing New Leaf,Police Station,station,game_midi/Animal Crossing_Nintendo 3DS_Animal Crossing New Leaf_Police Station.mid
finite_song_or_cue,Animal Crossing,Nintendo 3DS,Animal Crossing New Leaf,Space KK (Aircheck),"aircheck, k.?k.?",game_midi/Animal Crossing_Nintendo 3DS_Animal Crossing New Leaf_Space KK (Aircheck).mid
finite_song_or_cue,Animal Crossing,Nintendo 3DS,Animal Crossing New Leaf,Space KK (Music Box),k.?k.?,game_midi/Animal Crossing_Nintendo 3DS_Animal Crossing New Leaf_Space KK (Music Box).mid
finite_song_or_cue,Animal Crossing,Nintendo 3DS,Animal Crossing New Leaf,Space KK,k.?k.?,game_midi/Animal Crossing_Nintendo 3DS_Animal Crossing New Leaf_Space KK.mid
looping_gameplay_bgm,Animal Crossing,Nintendo 3DS,Animal Crossing New Leaf,Town Hall,"town, hall",game_midi/Animal Crossing_Nintendo 3DS_Animal Crossing New Leaf_Town Hall.mid
ambiguous_likely_loop,Animal Crossing,Nintendo 3DS,Animal Crossing New Leaf,Toy Day (Christmas),day,game_midi/Animal Crossing_Nintendo 3DS_Animal Crossing New Leaf_Toy Day (Christmas).mid
looping_gameplay_bgm,Animal Crossing,Nintendo 3DS,Animal Crossing New Leaf,Welcome to Our Village (Not the Mayor),village,game_midi/Animal Crossing_Nintendo 3DS_Animal Crossing New Leaf_Welcome to Our Village (Not the Mayor).mid
ambiguous_likely_loop,Animal Crossing,Nintendo DS,Animal Crossing Wild World,100 AM,"d{1,2}:?00s*(am|pm)",game_midi/Animal Crossing_Nintendo DS_Animal Crossing Wild World_100 AM.mid
ambiguous_likely_loop,Animal Crossing,Nintendo DS,Animal Crossing Wild World,1000 AM,"d{1,2}:?00s*(am|pm)",game_midi/Animal Crossing_Nintendo DS_Animal Crossing Wild World_1000 AM.mid
ambiguous_likely_loop,Animal Crossing,Nintendo DS,Animal Crossing Wild World,200 AM,"d{1,2}:?00s*(am|pm)",game_midi/Animal Crossing_Nintendo DS_Animal Crossing Wild World_200 AM.mid
ambiguous_likely_loop,Animal Crossing,Nintendo DS,Animal Crossing Wild World,200 PM,"d{1,2}:?00s*(am|pm)",game_midi/Animal Crossing_Nintendo DS_Animal Crossing Wild World_200 PM.mid
ambiguous_likely_loop,Animal Crossing,Nintendo DS,Animal Crossing Wild World,300 AM,"d{1,2}:?00s*(am|pm)",game_midi/Animal Crossing_Nintendo DS_Animal Crossing Wild World_300 AM.mid
ambiguous_likely_loop,Animal Crossing,Nintendo DS,Animal Crossing Wild World,600 AM,"d{1,2}:?00s*(am|pm)",game_midi/Animal Crossing_Nintendo DS_Animal Crossing Wild World_600 AM.mid
ambiguous_likely_loop,Animal Crossing,Nintendo DS,Animal Crossing Wild World,900 AM,"d{1,2}:?00s*(am|pm)",game_midi/Animal Crossing_Nintendo DS_Animal Crossing Wild World_900 AM.mid
finite_song_or_cue,Animal Crossing,Nintendo DS,Animal Crossing Wild World,KK Dixie,k.?k.?,game_midi/Animal Crossing_Nintendo DS_Animal Crossing Wild World_KK Dixie.mid
finite_song_or_cue,Animal Crossing,Nintendo DS,Animal Crossing Wild World,KK Metal,k.?k.?,game_midi/Animal Crossing_Nintendo DS_Animal Crossing Wild World_KK Metal.mid
ambiguous_other,Animal Crossing,Nintendo DS,Animal Crossing Wild World,Main Gate,,game_midi/Animal Crossing_Nintendo DS_Animal Crossing Wild World_Main Gate.mid
ambiguous_other,Animal Crossing,Nintendo DS,Animal Crossing Wild World,Museum (Observatory),,game_midi/Animal Crossing_Nintendo DS_Animal Crossing Wild World_Museum (Observatory).mid
finite_song_or_cue,Animal Crossing,Nintendo DS,Animal Crossing Wild World,Steep Hill (Aircheck),aircheck,game_midi/Animal Crossing_Nintendo DS_Animal Crossing Wild World_Steep Hill (Aircheck).mid
ambiguous_other,Animal Crossing,Nintendo DS,Animal Crossing Wild World,The Roost,,game_midi/Animal Crossing_Nintendo DS_Animal Crossing Wild World_The Roost.mid
looping_gameplay_bgm,Animal Crossing,Nintendo DS,Animal Crossing Wild World,Town Hall (Day),"town, hall",game_midi/Animal Crossing_Nintendo DS_Animal Crossing Wild World_Town Hall (Day).mid
ambiguous_likely_loop,Animal Crossing,Nintendo GameCube,Animal Crossing,100 PM,"d{1,2}:?00s*(am|pm)",game_midi/Animal Crossing_Nintendo GameCube_Animal Crossing_100 PM.mid
ambiguous_likely_loop,Animal Crossing,Nintendo GameCube,Animal Crossing,1000 AM,"d{1,2}:?00s*(am|pm)",game_midi/Animal Crossing_Nintendo GameCube_Animal Crossing_1000 AM.mid
ambiguous_likely_loop,Animal Crossing,Nintendo GameCube,Animal Crossing,1100 AM,"d{1,2}:?00s*(am|pm)",game_midi/Animal Crossing_Nintendo GameCube_Animal Crossing_1100 AM.mid
ambiguous_likely_loop,Animal Crossing,Nintendo GameCube,Animal Crossing,1200 PM (Noon),"d{1,2}:?00s*(am|pm)",game_midi/Animal Crossing_Nintendo GameCube_Animal Crossing_1200 PM (Noon).mid
ambiguous_likely_loop,Animal Crossing,Nintendo GameCube,Animal Crossing,500 PM,"d{1,2}:?00s*(am|pm)",game_midi/Animal Crossing_Nintendo GameCube_Animal Crossing_500 PM.mid
ambiguous_likely_loop,Animal Crossing,Nintendo GameCube,Animal Crossing,600 AM,"d{1,2}:?00s*(am|pm)",game_midi/Animal Crossing_Nintendo GameCube_Animal Crossing_600 AM.mid
ambiguous_likely_loop,Animal Crossing,Nintendo GameCube,Animal Crossing,600 PM,"d{1,2}:?00s*(am|pm)",game_midi/Animal Crossing_Nintendo GameCube_Animal Crossing_600 PM.mid
ambiguous_likely_loop,Animal Crossing,Nintendo GameCube,Animal Crossing,700 AM,"d{1,2}:?00s*(am|pm)",game_midi/Animal Crossing_Nintendo GameCube_Animal Crossing_700 AM.mid
ambiguous_likely_loop,Animal Crossing,Nintendo GameCube,Animal Crossing,800 AM,"d{1,2}:?00s*(am|pm)",game_midi/Animal Crossing_Nintendo GameCube_Animal Crossing_800 AM.mid
ambiguous_likely_loop,Animal Crossing,Nintendo GameCube,Animal Crossing,800 PM,"d{1,2}:?00s*(am|pm)",game_midi/Animal Crossing_Nintendo GameCube_Animal Crossing_800 PM.mid
ambiguous_other,Animal Crossing,Nintendo GameCube,Animal Crossing,Able Sisters,,game_midi/Animal Crossing_Nintendo GameCube_Animal Crossing_Able Sisters.mid
ambiguous_other,Animal Crossing,Nintendo GameCube,Animal Crossing,Crazy Redds Black Market,,game_midi/Animal Crossing_Nintendo GameCube_Animal Crossing_Crazy Redds Black Market.mid
finite_song_or_cue,Animal Crossing,Nintendo GameCube,Animal Crossing,Go KK Rider! (Aircheck),"aircheck, k.?k.?",game_midi/Animal Crossing_Nintendo GameCube_Animal Crossing_Go KK Rider! (Aircheck).mid
ambiguous_other,Animal Crossing,Nintendo GameCube,Animal Crossing,Halloween,,game_midi/Animal Crossing_Nintendo GameCube_Animal Crossing_Halloween.mid
finite_song_or_cue,Animal Crossing,Nintendo GameCube,Animal Crossing,KK Aria (Aircheck),"aircheck, k.?k.?, aria",game_midi/Animal Crossing_Nintendo GameCube_Animal Crossing_KK Aria (Aircheck).mid
finite_song_or_cue,Animal Crossing,Nintendo GameCube,Animal Crossing,KK Ballad (Aircheck),"aircheck, k.?k.?, allad",game_midi/Animal Crossing_Nintendo GameCube_Animal Crossing_KK Ballad (Aircheck).mid
finite_song_or_cue,Animal Crossing,Nintendo GameCube,Animal Crossing,KK Bossa (Aircheck),"aircheck, k.?k.?",game_midi/Animal Crossing_Nintendo GameCube_Animal Crossing_KK Bossa (Aircheck).mid
finite_song_or_cue,Animal Crossing,Nintendo GameCube,Animal Crossing,KK Etude (Aircheck),"aircheck, k.?k.?",game_midi/Animal Crossing_Nintendo GameCube_Animal Crossing_KK Etude (Aircheck).mid
finite_song_or_cue,Animal Crossing,Nintendo GameCube,Animal Crossing,KK Gumbo,k.?k.?,game_midi/Animal Crossing_Nintendo GameCube_Animal Crossing_KK Gumbo.mid
finite_song_or_cue,Animal Crossing,Nintendo GameCube,Animal Crossing,KK Jazz (Aircheck),"aircheck, k.?k.?",game_midi/Animal Crossing_Nintendo GameCube_Animal Crossing_KK Jazz (Aircheck).mid
finite_song_or_cue,Animal Crossing,Nintendo GameCube,Animal Crossing,KK Love Song,k.?k.?,game_midi/Animal Crossing_Nintendo GameCube_Animal Crossing_KK Love Song.mid
finite_song_or_cue,Animal Crossing,Nintendo GameCube,Animal Crossing,KK Lullaby (Aircheck),"aircheck, k.?k.?, lullaby",game_midi/Animal Crossing_Nintendo GameCube_Animal Crossing_KK Lullaby (Aircheck).mid
finite_song_or_cue,Animal Crossing,Nintendo GameCube,Animal Crossing,KK Ragtime,k.?k.?,game_midi/Animal Crossing_Nintendo GameCube_Animal Crossing_KK Ragtime.mid
finite_song_or_cue,Animal Crossing,Nintendo GameCube,Animal Crossing,KK Song (Aircheck),"aircheck, k.?k.?",game_midi/Animal Crossing_Nintendo GameCube_Animal Crossing_KK Song (Aircheck).mid
finite_song_or_cue,Animal Crossing,Nintendo GameCube,Animal Crossing,KK Swing (Aircheck),"aircheck, k.?k.?",game_midi/Animal Crossing_Nintendo GameCube_Animal Crossing_KK Swing (Aircheck).mid
finite_song_or_cue,Animal Crossing,Nintendo GameCube,Animal Crossing,KK Western (Aircheck),"aircheck, k.?k.?",game_midi/Animal Crossing_Nintendo GameCube_Animal Crossing_KK Western (Aircheck).mid
ambiguous_other,Animal Crossing,Nintendo GameCube,Animal Crossing,Load Game,,game_midi/Animal Crossing_Nintendo GameCube_Animal Crossing_Load Game.mid
finite_song_or_cue,Animal Crossing,Nintendo GameCube,Animal Crossing,Lucky KK (Aircheck),"aircheck, k.?k.?",game_midi/Animal Crossing_Nintendo GameCube_Animal Crossing_Lucky KK (Aircheck).mid
ambiguous_other,Animal Crossing,Nintendo GameCube,Animal Crossing,Nook n Go,,game_midi/Animal Crossing_Nintendo GameCube_Animal Crossing_Nook n Go.mid
ambiguous_other,Animal Crossing,Nintendo GameCube,Animal Crossing,Nookingtons,,game_midi/Animal Crossing_Nintendo GameCube_Animal Crossing_Nookingtons.mid
ambiguous_other,Animal Crossing,Nintendo GameCube,Animal Crossing,Nooks Cranny,,game_midi/Animal Crossing_Nintendo GameCube_Animal Crossing_Nooks Cranny.mid
ambiguous_other,Animal Crossing,Nintendo GameCube,Animal Crossing,Nookway,,game_midi/Animal Crossing_Nintendo GameCube_Animal Crossing_Nookway.mid
finite_song_or_cue,Animal Crossing,Nintendo GameCube,Animal Crossing,Only Me (Aircheck),aircheck,game_midi/Animal Crossing_Nintendo GameCube_Animal Crossing_Only Me (Aircheck).mid
ambiguous_other,Animal Crossing,Nintendo GameCube,Animal Crossing,Only Me,,game_midi/Animal Crossing_Nintendo GameCube_Animal Crossing_Only Me.mid
ambiguous_likely_loop,Animal Crossing,Nintendo GameCube,Animal Crossing,Rainy Day,day,game_midi/Animal Crossing_Nintendo GameCube_Animal Crossing_Rainy Day.mid
ambiguous_other,Animal Crossing,Nintendo GameCube,Animal Crossing,Resetti Themes,,game_midi/Animal Crossing_Nintendo GameCube_Animal Crossing_Resetti Themes.mid
finite_song_or_cue,Animal Crossing,Nintendo GameCube,Animal Crossing,Save Game,save game,game_midi/Animal Crossing_Nintendo GameCube_Animal Crossing_Save Game.mid
finite_song_or_cue,Animal Crossing,Nintendo GameCube,Animal Crossing,Senor KK,k.?k.?,game_midi/Animal Crossing_Nintendo GameCube_Animal Crossing_Senor KK.mid
finite_song_or_cue,Animal Crossing,Nintendo GameCube,Animal Crossing,The K Funk (Aircheck),aircheck,game_midi/Animal Crossing_Nintendo GameCube_Animal Crossing_The K Funk (Aircheck).mid
ambiguous_other,Animal Crossing,Nintendo GameCube,Animal Crossing,Title Screen,,game_midi/Animal Crossing_Nintendo GameCube_Animal Crossing_Title Screen.mid
ambiguous_other,Animal Crossing,Nintendo GameCube,Animal Crossing,Working for Nook,,game_midi/Animal Crossing_Nintendo GameCube_Animal Crossing_Working for Nook.mid
ambiguous_likely_loop,Animal Crossing,Nintendo Switch,Animal Crossing New Horizons,1200 AM,"d{1,2}:?00s*(am|pm)",game_midi/Animal Crossing_Nintendo Switch_Animal Crossing New Horizons_1200 AM.mid
ambiguous_likely_loop,Animal Crossing,Nintendo Switch,Animal Crossing New Horizons,200 AM,"d{1,2}:?00s*(am|pm)",game_midi/Animal Crossing_Nintendo Switch_Animal Crossing New Horizons_200 AM.mid
ambiguous_likely_loop,Animal Crossing,Nintendo Switch,Animal Crossing New Horizons,900 PM,"d{1,2}:?00s*(am|pm)",game_midi/Animal Crossing_Nintendo Switch_Animal Crossing New Horizons_900 PM.mid
ambiguous_other,Animal Crossing,Nintendo Switch,Animal Crossing New Horizons,Outing (Waiting),,game_midi/Animal Crossing_Nintendo Switch_Animal Crossing New Horizons_Outing (Waiting).mid
finite_song_or_cue,Animal Crossing,Nintendo Switch,Animal Crossing New Horizons,Welcome Horizons (Opening Theme),opening,game_midi/Animal Crossing_Nintendo Switch_Animal Crossing New Horizons_Welcome Horizons (Opening Theme).mid
looping_gameplay_bgm,Animal Crossing,Wii,Animal Crossing City Folk,City Square,city,game_midi/Animal Crossing_Wii_Animal Crossing City Folk_City Square.mid
finite_song_or_cue,Animal Crossing,Wii,Animal Crossing City Folk,KK Sonata (Aircheck),"aircheck, k.?k.?",game_midi/Animal Crossing_Wii_Animal Crossing City Folk_KK Sonata (Aircheck).mid
finite_song_or_cue,Animal Crossing,Wii,Animal Crossing City Folk,Stale Cupcakes (Aircheck),aircheck,game_midi/Animal Crossing_Wii_Animal Crossing City Folk_Stale Cupcakes (Aircheck).mid
looping_gameplay_bgm,Banjo-Kazooie,Game Boy Advance,Banjo-Kazooie Gruntys Revenge,Breegull Beach,each,game_midi/Banjo-Kazooie_Game Boy Advance_Banjo-Kazooie Gruntys Revenge_Breegull Beach.mid
ambiguous_other,Banjo-Kazooie,Game Boy Advance,Banjo-Kazooie Gruntys Revenge,Spillers Harbor,,game_midi/Banjo-Kazooie_Game Boy Advance_Banjo-Kazooie Gruntys Revenge_Spillers Harbor.mid
looping_gameplay_bgm,Banjo-Kazooie,Game Boy Advance,Banjo-Pilot,Lava Track,track,game_midi/Banjo-Kazooie_Game Boy Advance_Banjo-Pilot_Lava Track.mid
ambiguous_other,Banjo-Kazooie,N64,Banjo-Kazooie,Boggys Igloo Happy_0,,game_midi/Banjo-Kazooie_N64_Banjo-Kazooie_Boggys Igloo Happy_0.mid
ambiguous_other,Banjo-Kazooie,N64,Banjo-Kazooie,Boggys Igloo Sad_0,,game_midi/Banjo-Kazooie_N64_Banjo-Kazooie_Boggys Igloo Sad_0.mid
ambiguous_other,Banjo-Kazooie,N64,Banjo-Kazooie,Bubblegloop Swamp_0,,game_midi/Banjo-Kazooie_N64_Banjo-Kazooie_Bubblegloop Swamp_0.mid
ambiguous_other,Banjo-Kazooie,N64,Banjo-Kazooie,Click Clock Wood_0,,game_midi/Banjo-Kazooie_N64_Banjo-Kazooie_Click Clock Wood_0.mid
ambiguous_other,Banjo-Kazooie,N64,Banjo-Kazooie,Ending_0,,game_midi/Banjo-Kazooie_N64_Banjo-Kazooie_Ending_0.mid
ambiguous_other,Banjo-Kazooie,N64,Banjo-Kazooie,Freezeezy Peak_0,,game_midi/Banjo-Kazooie_N64_Banjo-Kazooie_Freezeezy Peak_0.mid
ambiguous_other,Banjo-Kazooie,N64,Banjo-Kazooie,Gobis Valley_0,,game_midi/Banjo-Kazooie_N64_Banjo-Kazooie_Gobis Valley_0.mid
ambiguous_other,Banjo-Kazooie,N64,Banjo-Kazooie,Mad Monster Mansion_0,,game_midi/Banjo-Kazooie_N64_Banjo-Kazooie_Mad Monster Mansion_0.mid
ambiguous_other,Banjo-Kazooie,N64,Banjo-Kazooie,Motzhand_0,,game_midi/Banjo-Kazooie_N64_Banjo-Kazooie_Motzhand_0.mid
ambiguous_other,Banjo-Kazooie,N64,Banjo-Kazooie,Mumbos Mountain_0,,game_midi/Banjo-Kazooie_N64_Banjo-Kazooie_Mumbos Mountain_0.mid
ambiguous_other,Banjo-Kazooie,N64,Banjo-Kazooie,Rusty Bucket Bay Aquatic_0,,game_midi/Banjo-Kazooie_N64_Banjo-Kazooie_Rusty Bucket Bay Aquatic_0.mid
ambiguous_other,Banjo-Kazooie,N64,Banjo-Tooie,Cauldron Keep_0,,game_midi/Banjo-Kazooie_N64_Banjo-Tooie_Cauldron Keep_0.mid
ambiguous_other,Banjo-Kazooie,N64,Banjo-Tooie,Chilly Willy Chilli Billi_0,,game_midi/Banjo-Kazooie_N64_Banjo-Tooie_Chilly Willy Chilli Billi_0.mid
ambiguous_other,Banjo-Kazooie,N64,Banjo-Tooie,End Credits_0,,game_midi/Banjo-Kazooie_N64_Banjo-Tooie_End Credits_0.mid
ambiguous_other,Banjo-Kazooie,N64,Banjo-Tooie,Here Comes Trouble_0,,game_midi/Banjo-Kazooie_N64_Banjo-Tooie_Here Comes Trouble_0.mid
ambiguous_other,Banjo-Kazooie,N64,Banjo-Tooie,Isle O Hags Cauldron Keep_0,,game_midi/Banjo-Kazooie_N64_Banjo-Tooie_Isle O Hags Cauldron Keep_0.mid
ambiguous_other,Banjo-Kazooie,N64,Banjo-Tooie,Isle O Hags_0,,game_midi/Banjo-Kazooie_N64_Banjo-Tooie_Isle O Hags_0.mid
ambiguous_other,Banjo-Kazooie,N64,Banjo-Tooie,Spiral Mountain_0,,game_midi/Banjo-Kazooie_N64_Banjo-Tooie_Spiral Mountain_0.mid
ambiguous_other,Banjo-Kazooie,N64,Banjo-Tooie,Terry_0,,game_midi/Banjo-Kazooie_N64_Banjo-Tooie_Terry_0.mid
ambiguous_other,Banjo-Kazooie,N64,Banjo-Tooie,Witchy World_0,,game_midi/Banjo-Kazooie_N64_Banjo-Tooie_Witchy World_0.mid
ambiguous_other,Banjo-Kazooie,Xbox 360,Banjo-Kazooie Nuts & Bolts,Banjoland (Challenge),,game_midi/Banjo-Kazooie_Xbox 360_Banjo-Kazooie Nuts & Bolts_Banjoland (Challenge).mid
ambiguous_other,Banjo-Kazooie,Xbox 360,Banjo-Kazooie Nuts & Bolts,Logbox Lunacy,,game_midi/Banjo-Kazooie_Xbox 360_Banjo-Kazooie Nuts & Bolts_Logbox Lunacy.mid
looping_gameplay_bgm,Banjo-Kazooie,Xbox 360,Banjo-Kazooie Nuts & Bolts,Showdown Town,town,game_midi/Banjo-Kazooie_Xbox 360_Banjo-Kazooie Nuts & Bolts_Showdown Town.mid
ambiguous_other,Battle of Olympus,NES,Battle of Olympus,3 Magic Hearts_0,,game_midi/Battle of Olympus_NES_Battle of Olympus_3 Magic Hearts_0.mid
ambiguous_other,Battle of Olympus,NES,Battle of Olympus,A Brave Warrior_0,,game_midi/Battle of Olympus_NES_Battle of Olympus_A Brave Warrior_0.mid
ambiguous_other,Battle of Olympus,NES,Battle of Olympus,A Prayer to Zeus_0,,game_midi/Battle of Olympus_NES_Battle of Olympus_A Prayer to Zeus_0.mid
ambiguous_other,Battle of Olympus,NES,Battle of Olympus,Athene Sonata_0,,game_midi/Battle of Olympus_NES_Battle of Olympus_Athene Sonata_0.mid
ambiguous_other,Battle of Olympus,NES,Battle of Olympus,Olympus No Tatakai_0,,game_midi/Battle of Olympus_NES_Battle of Olympus_Olympus No Tatakai_0.mid
ambiguous_other,Battle of Olympus,NES,Battle of Olympus,Olympus No Tatakai_1,,game_midi/Battle of Olympus_NES_Battle of Olympus_Olympus No Tatakai_1.mid
ambiguous_other,Battle of Olympus,NES,Battle of Olympus,Orpheus Journey Arranged_0,,game_midi/Battle of Olympus_NES_Battle of Olympus_Orpheus Journey Arranged_0.mid
ambiguous_other,Battle of Olympus,NES,Battle of Olympus,The Story of a Lost Love_0,,game_midi/Battle of Olympus_NES_Battle of Olympus_The Story of a Lost Love_0.mid
looping_gameplay_bgm,Bomberman,Game Boy Advance,Bomberman Tournament,Arctic Valley,valley,game_midi/Bomberman_Game Boy Advance_Bomberman Tournament_Arctic Valley.mid
looping_gameplay_bgm,Bomberman,Game Boy Advance,Bomberman Tournament,Bomber Base,ase,game_midi/Bomberman_Game Boy Advance_Bomberman Tournament_Bomber Base.mid
looping_gameplay_bgm,Bomberman,Game Boy Advance,Bomberman Tournament,Overworld,overworld,game_midi/Bomberman_Game Boy Advance_Bomberman Tournament_Overworld.mid
looping_gameplay_bgm,Bomberman,Game Boy Advance,Bomberman Tournament,Town,town,game_midi/Bomberman_Game Boy Advance_Bomberman Tournament_Town.mid
ambiguous_other,Bomberman,Super Nintendo Entertainment System,Super Bomberman 3,Winterland,,game_midi/Bomberman_Super Nintendo Entertainment System_Super Bomberman 3_Winterland.mid
looping_gameplay_bgm,Bomberman,Super Nintendo Entertainment System,Super Bomberman,Level 5,level,game_midi/Bomberman_Super Nintendo Entertainment System_Super Bomberman_Level 5.mid
ambiguous_other,Castlevania,Arcade,Haunted Castle,Basement Melodies,,game_midi/Castlevania_Arcade_Haunted Castle_Basement Melodies.mid
ambiguous_likely_loop,Castlevania,Arcade,Haunted Castle,Cant Wait Until Night,night,game_midi/Castlevania_Arcade_Haunted Castle_Cant Wait Until Night.mid
ambiguous_other,Castlevania,Arcade,Haunted Castle,Cross Your Heart,,game_midi/Castlevania_Arcade_Haunted Castle_Cross Your Heart.mid
ambiguous_other,Castlevania,Arcade,Haunted Castle,Devils Resurrection,,game_midi/Castlevania_Arcade_Haunted Castle_Devils Resurrection.mid
ambiguous_other,Castlevania,Arcade,Haunted Castle,Miscellaneous Short Themes,,game_midi/Castlevania_Arcade_Haunted Castle_Miscellaneous Short Themes.mid
ambiguous_other,Castlevania,Game Boy Advance,Castlevania Aria of Sorrow,Chapel,,game_midi/Castlevania_Game Boy Advance_Castlevania Aria of Sorrow_Chapel.mid
ambiguous_other,Castlevania,Game Boy Advance,Castlevania Aria of Sorrow,Clocktower,,game_midi/Castlevania_Game Boy Advance_Castlevania Aria of Sorrow_Clocktower.mid
ambiguous_other,Castlevania,Game Boy Advance,Castlevania Aria of Sorrow,Inner Quarters,,game_midi/Castlevania_Game Boy Advance_Castlevania Aria of Sorrow_Inner Quarters.mid
ambiguous_other,Castlevania,Game Boy Advance,Castlevania Aria of Sorrow,Study,,game_midi/Castlevania_Game Boy Advance_Castlevania Aria of Sorrow_Study.mid
ambiguous_other,Castlevania,Game Boy Advance,Castlevania Circle of the Moon,Aquarius,,game_midi/Castlevania_Game Boy Advance_Castlevania Circle of the Moon_Aquarius.mid
ambiguous_other,Castlevania,Game Boy Advance,Castlevania Circle of the Moon,Awake,,game_midi/Castlevania_Game Boy Advance_Castlevania Circle of the Moon_Awake.mid
ambiguous_other,Castlevania,Game Boy Advance,Castlevania Circle of the Moon,Fate To Despair,,game_midi/Castlevania_Game Boy Advance_Castlevania Circle of the Moon_Fate To Despair.mid
looping_gameplay_bgm,Castlevania,Game Boy Advance,Castlevania Harmony of Dissonance,Clock Tower Casualty,tower,game_midi/Castlevania_Game Boy Advance_Castlevania Harmony of Dissonance_Clock Tower Casualty.mid
ambiguous_likely_loop,Castlevania,Game Boy Advance,Castlevania Harmony of Dissonance,Dark Covenant (Theme of Death),theme,game_midi/Castlevania_Game Boy Advance_Castlevania Harmony of Dissonance_Dark Covenant (Theme of Death).mid
ambiguous_likely_loop,Castlevania,Game Boy Advance,Castlevania Harmony of Dissonance,Incarnation of Darkness (Theme of Dracula),theme,game_midi/Castlevania_Game Boy Advance_Castlevania Harmony of Dissonance_Incarnation of Darkness (Theme of Dracula).mid
finite_song_or_cue,Castlevania,Game Boy Advance,Castlevania Harmony of Dissonance,Prologue (Theme of Maxim Kischine),prologue,game_midi/Castlevania_Game Boy Advance_Castlevania Harmony of Dissonance_Prologue (Theme of Maxim Kischine).mid
ambiguous_likely_loop,Castlevania,Game Boy Advance,Castlevania Harmony of Dissonance,Successor of Fate (Theme of Juste Belmont),theme,game_midi/Castlevania_Game Boy Advance_Castlevania Harmony of Dissonance_Successor of Fate (Theme of Juste Belmont).mid
ambiguous_other,Castlevania,Game Boy Advance,Castlevania Harmony of Dissonance,Title Screen,,game_midi/Castlevania_Game Boy Advance_Castlevania Harmony of Dissonance_Title Screen.mid
looping_gameplay_bgm,Castlevania,Game Boy,Castlevania II Belmonts Revenge,Praying Hands (Cloud Castle),castle,game_midi/Castlevania_Game Boy_Castlevania II Belmonts Revenge_Praying Hands (Cloud Castle).mid
looping_gameplay_bgm,Castlevania,Game Boy,Castlevania II Belmonts Revenge,Psycho Warrior (Rock Castle),castle,game_midi/Castlevania_Game Boy_Castlevania II Belmonts Revenge_Psycho Warrior (Rock Castle).mid
looping_gameplay_bgm,Castlevania,Game Boy,Castlevania II Belmonts Revenge,Ripe Seeds (Plant Castle),castle,game_midi/Castlevania_Game Boy_Castlevania II Belmonts Revenge_Ripe Seeds (Plant Castle).mid
finite_song_or_cue,Castlevania,Game Boy,Castlevania Legends,Prologue,prologue,game_midi/Castlevania_Game Boy_Castlevania Legends_Prologue.mid
looping_gameplay_bgm,Castlevania,Game Boy,Castlevania The Adventure,Battle of the Holy,attle!?,game_midi/Castlevania_Game Boy_Castlevania The Adventure_Battle of the Holy.mid
ambiguous_other,Castlevania,Game Boy,Castlevania The Adventure,Darkness,,game_midi/Castlevania_Game Boy_Castlevania The Adventure_Darkness.mid
ambiguous_other,Castlevania,Game Boy,Castlevania The Adventure,Death Fair,,game_midi/Castlevania_Game Boy_Castlevania The Adventure_Death Fair.mid
ambiguous_other,Castlevania,Game Boy,Castlevania The Adventure,Evil Devil,,game_midi/Castlevania_Game Boy_Castlevania The Adventure_Evil Devil.mid
ambiguous_other,Castlevania,Game Boy,Castlevania The Adventure,Gate to Hell,,game_midi/Castlevania_Game Boy_Castlevania The Adventure_Gate to Hell.mid
ambiguous_other,Castlevania,Game Boy,Castlevania The Adventure,Kill! Kill! Kill!,,game_midi/Castlevania_Game Boy_Castlevania The Adventure_Kill! Kill! Kill!.mid
ambiguous_other,Castlevania,Game Boy,Castlevania The Adventure,Miscellaneous Short Themes,,game_midi/Castlevania_Game Boy_Castlevania The Adventure_Miscellaneous Short Themes.mid
ambiguous_other,Castlevania,Game Boy,Castlevania The Adventure,Revenge,,game_midi/Castlevania_Game Boy_Castlevania The Adventure_Revenge.mid
finite_song_or_cue,Castlevania,Game Boy,Castlevania The Adventure,Theme from The Legend of Dracula & Reprise,"reprise, theme from",game_midi/Castlevania_Game Boy_Castlevania The Adventure_Theme from The Legend of Dracula & Reprise.mid
ambiguous_other,Castlevania,Nintendo DS,Castlevania Dawn of Sorrow,Cursed Clocktower,,game_midi/Castlevania_Nintendo DS_Castlevania Dawn of Sorrow_Cursed Clocktower.mid
looping_gameplay_bgm,Castlevania,Nintendo DS,Castlevania Dawn of Sorrow,Demon Castle Pinnacle,castle,game_midi/Castlevania_Nintendo DS_Castlevania Dawn of Sorrow_Demon Castle Pinnacle.mid
ambiguous_other,Castlevania,Nintendo DS,Castlevania Dawn of Sorrow,Pitch Black Intrusion,,game_midi/Castlevania_Nintendo DS_Castlevania Dawn of Sorrow_Pitch Black Intrusion.mid
ambiguous_other,Castlevania,Nintendo DS,Castlevania Dawn of Sorrow,Platinum Moonlight,,game_midi/Castlevania_Nintendo DS_Castlevania Dawn of Sorrow_Platinum Moonlight.mid
ambiguous_other,Castlevania,Nintendo DS,Castlevania Order of Ecclesia,Cantus Motetten -1-,,game_midi/Castlevania_Nintendo DS_Castlevania Order of Ecclesia_Cantus Motetten -1-.mid
ambiguous_other,Castlevania,Nintendo DS,Castlevania Portrait of Ruin,Bad Situation,,game_midi/Castlevania_Nintendo DS_Castlevania Portrait of Ruin_Bad Situation.mid
ambiguous_other,Castlevania,Nintendo DS,Castlevania Portrait of Ruin,Crucifix Held Close,,game_midi/Castlevania_Nintendo DS_Castlevania Portrait of Ruin_Crucifix Held Close.mid
ambiguous_other,Castlevania,Nintendo DS,Castlevania Portrait of Ruin,Gaze Up At The Darkness,,game_midi/Castlevania_Nintendo DS_Castlevania Portrait of Ruin_Gaze Up At The Darkness.mid
ambiguous_other,Castlevania,Nintendo DS,Castlevania Portrait of Ruin,Iron Blue Intention,,game_midi/Castlevania_Nintendo DS_Castlevania Portrait of Ruin_Iron Blue Intention.mid
ambiguous_other,Castlevania,Nintendo DS,Castlevania Portrait of Ruin,The Gears Go Awry,,game_midi/Castlevania_Nintendo DS_Castlevania Portrait of Ruin_The Gears Go Awry.mid
ambiguous_other,Castlevania,Nintendo Entertainment System,Castlevania II Simons Quest,A Requiem,,game_midi/Castlevania_Nintendo Entertainment System_Castlevania II Simons Quest_A Requiem.mid
ambiguous_other,Castlevania,Nintendo Entertainment System,Castlevania II Simons Quest,Bloody Tears,,game_midi/Castlevania_Nintendo Entertainment System_Castlevania II Simons Quest_Bloody Tears.mid
ambiguous_other,Castlevania,Nintendo Entertainment System,Castlevania II Simons Quest,Dwelling of Doom,,game_midi/Castlevania_Nintendo Entertainment System_Castlevania II Simons Quest_Dwelling of Doom.mid
looping_gameplay_bgm,Castlevania,Nintendo Entertainment System,Castlevania II Simons Quest,Last Boss,oss,game_midi/Castlevania_Nintendo Entertainment System_Castlevania II Simons Quest_Last Boss.mid
ambiguous_other,Castlevania,Nintendo Entertainment System,Castlevania II Simons Quest,Message of Darkness,,game_midi/Castlevania_Nintendo Entertainment System_Castlevania II Simons Quest_Message of Darkness.mid
ambiguous_other,Castlevania,Nintendo Entertainment System,Castlevania II Simons Quest,Monster Dance,,game_midi/Castlevania_Nintendo Entertainment System_Castlevania II Simons Quest_Monster Dance.mid
ambiguous_other,Castlevania,Nintendo Entertainment System,Castlevania II Simons Quest,The Silence of Daylight,,game_midi/Castlevania_Nintendo Entertainment System_Castlevania II Simons Quest_The Silence of Daylight.mid
looping_gameplay_bgm,Castlevania,Nintendo Entertainment System,Castlevania II Simons Quest,Within These Castle Walls,castle,game_midi/Castlevania_Nintendo Entertainment System_Castlevania II Simons Quest_Within These Castle Walls.mid
ambiguous_other,Castlevania,Nintendo Entertainment System,Castlevania III Draculas Curse,Beginning,,game_midi/Castlevania_Nintendo Entertainment System_Castlevania III Draculas Curse_Beginning.mid
ambiguous_other,Castlevania,Nintendo Entertainment System,Castlevania III Draculas Curse,Clockwork,,game_midi/Castlevania_Nintendo Entertainment System_Castlevania III Draculas Curse_Clockwork.mid
ambiguous_other,Castlevania,Nintendo Entertainment System,Castlevania III Draculas Curse,Demon Seed,,game_midi/Castlevania_Nintendo Entertainment System_Castlevania III Draculas Curse_Demon Seed.mid
looping_gameplay_bgm,Castlevania,Nintendo Entertainment System,Castlevania III Draculas Curse,Mad Forest,forest,game_midi/Castlevania_Nintendo Entertainment System_Castlevania III Draculas Curse_Mad Forest.mid
ambiguous_other,Castlevania,Nintendo Entertainment System,Castlevania III Draculas Curse,Riddle,,game_midi/Castlevania_Nintendo Entertainment System_Castlevania III Draculas Curse_Riddle.mid
ambiguous_likely_loop,Castlevania,Nintendo Entertainment System,Castlevania,Black Night,night,game_midi/Castlevania_Nintendo Entertainment System_Castlevania_Black Night.mid
ambiguous_other,Castlevania,Nintendo Entertainment System,Castlevania,Heart of Fire,,game_midi/Castlevania_Nintendo Entertainment System_Castlevania_Heart of Fire.mid
ambiguous_other,Castlevania,Nintendo Entertainment System,Castlevania,Nothing to Lose,,game_midi/Castlevania_Nintendo Entertainment System_Castlevania_Nothing to Lose.mid
ambiguous_other,Castlevania,Nintendo Entertainment System,Castlevania,Out of Time,,game_midi/Castlevania_Nintendo Entertainment System_Castlevania_Out of Time.mid
ambiguous_other,Castlevania,Nintendo Entertainment System,Castlevania,Poison Mind,,game_midi/Castlevania_Nintendo Entertainment System_Castlevania_Poison Mind.mid
ambiguous_other,Castlevania,Nintendo Entertainment System,Castlevania,Short Jingles,,game_midi/Castlevania_Nintendo Entertainment System_Castlevania_Short Jingles.mid
ambiguous_other,Castlevania,Nintendo Entertainment System,Castlevania,Stalker,,game_midi/Castlevania_Nintendo Entertainment System_Castlevania_Stalker.mid
ambiguous_other,Castlevania,Nintendo Entertainment System,Castlevania,Underground,,game_midi/Castlevania_Nintendo Entertainment System_Castlevania_Underground.mid
ambiguous_other,Castlevania,Nintendo Entertainment System,Castlevania,Vampire Killer,,game_midi/Castlevania_Nintendo Entertainment System_Castlevania_Vampire Killer.mid
ambiguous_other,Castlevania,Nintendo Entertainment System,Castlevania,Voyager,,game_midi/Castlevania_Nintendo Entertainment System_Castlevania_Voyager.mid
ambiguous_other,Castlevania,Nintendo Entertainment System,Castlevania,Walking on the Edge,,game_midi/Castlevania_Nintendo Entertainment System_Castlevania_Walking on the Edge.mid
ambiguous_other,Castlevania,Nintendo Entertainment System,Castlevania,Wicked Child,,game_midi/Castlevania_Nintendo Entertainment System_Castlevania_Wicked Child.mid
looping_gameplay_bgm,Castlevania,PlayStation,Castlevania Symphony of the Night,Draculas Castle,castle,game_midi/Castlevania_PlayStation_Castlevania Symphony of the Night_Draculas Castle.mid
ambiguous_other,Castlevania,PlayStation,Castlevania Symphony of the Night,Lost Painting,,game_midi/Castlevania_PlayStation_Castlevania Symphony of the Night_Lost Painting.mid
ambiguous_other,Castlevania,PlayStation,Castlevania Symphony of the Night,Marble Gallery,,game_midi/Castlevania_PlayStation_Castlevania Symphony of the Night_Marble Gallery.mid
ambiguous_other,Castlevania,PlayStation,Castlevania Symphony of the Night,Prayer,,game_midi/Castlevania_PlayStation_Castlevania Symphony of the Night_Prayer.mid
ambiguous_other,Castlevania,PlayStation,Castlevania Symphony of the Night,The Tragic Prince,,game_midi/Castlevania_PlayStation_Castlevania Symphony of the Night_The Tragic Prince.mid
ambiguous_other,Castlevania,Sega Genesis,Castlevania Bloodlines,Reincarnated Soul,,game_midi/Castlevania_Sega Genesis_Castlevania Bloodlines_Reincarnated Soul.mid
ambiguous_other,Castlevania,Super Nintendo Entertainment System,Super Castlevania IV,Password,,game_midi/Castlevania_Super Nintendo Entertainment System_Super Castlevania IV_Password.mid
ambiguous_likely_loop,Castlevania,Super Nintendo Entertainment System,Super Castlevania IV,Simon Belmonts Theme,theme,game_midi/Castlevania_Super Nintendo Entertainment System_Super Castlevania IV_Simon Belmonts Theme.mid
ambiguous_other,Chrono,PlayStation,Chrono Cross,Dimensional Breach (The Bend of Time),,game_midi/Chrono_PlayStation_Chrono Cross_Dimensional Breach (The Bend of Time).mid
looping_gameplay_bgm,Chrono,PlayStation,Chrono Cross,Dream of the Shore Near Another World,world,game_midi/Chrono_PlayStation_Chrono Cross_Dream of the Shore Near Another World.mid
ambiguous_other,Chrono,PlayStation,Chrono Cross,Radical Dreamers,,game_midi/Chrono_PlayStation_Chrono Cross_Radical Dreamers.mid
ambiguous_other,Chrono,PlayStation,Chrono Cross,The Scars of Time,,game_midi/Chrono_PlayStation_Chrono Cross_The Scars of Time.mid
ambiguous_other,Chrono,SNES,Chrono Trigger,600 AD_0,,game_midi/Chrono_SNES_Chrono Trigger_600 AD_0.mid
ambiguous_other,Chrono,SNES,Chrono Trigger,Chrono Trigger_0,,game_midi/Chrono_SNES_Chrono Trigger_Chrono Trigger_0.mid
ambiguous_other,Chrono,SNES,Chrono Trigger,Corridors of Time_0,,game_midi/Chrono_SNES_Chrono Trigger_Corridors of Time_0.mid
ambiguous_other,Chrono,SNES,Chrono Trigger,Maguss Theme_0,,game_midi/Chrono_SNES_Chrono Trigger_Maguss Theme_0.mid
ambiguous_other,Chrono,SNES,Chrono Trigger,Millenial Fair_0,,game_midi/Chrono_SNES_Chrono Trigger_Millenial Fair_0.mid
looping_gameplay_bgm,Chrono,SNES,Chrono Trigger,Ocean Palace_0,ocean,game_midi/Chrono_SNES_Chrono Trigger_Ocean Palace_0.mid
ambiguous_other,Chrono,SNES,Chrono Trigger,Secret of the Forest_0,,game_midi/Chrono_SNES_Chrono Trigger_Secret of the Forest_0.mid
ambiguous_other,Chrono,SNES,Chrono Trigger,Silent Light_0,,game_midi/Chrono_SNES_Chrono Trigger_Silent Light_0.mid
ambiguous_other,Chrono,SNES,Chrono Trigger,Wings That Cross Time_0,,game_midi/Chrono_SNES_Chrono Trigger_Wings That Cross Time_0.mid
ambiguous_other,Chrono,Satellaview,Radical Dreamers,The Girl Who Stole the Stars,,game_midi/Chrono_Satellaview_Radical Dreamers_The Girl Who Stole the Stars.mid
ambiguous_other,Donkey Kong,Arcade,Donkey Kong 3,Music from Donkey Kong 3,,game_midi/Donkey Kong_Arcade_Donkey Kong 3_Music from Donkey Kong 3.mid
ambiguous_other,Donkey Kong,Arcade,Donkey Kong Jr,Music from Donkey Kong Jr,,game_midi/Donkey Kong_Arcade_Donkey Kong Jr_Music from Donkey Kong Jr.mid
ambiguous_other,Donkey Kong,Arcade,Donkey Kong,Music from Donkey Kong,,game_midi/Donkey Kong_Arcade_Donkey Kong_Music from Donkey Kong.mid
ambiguous_other,Donkey Kong,Game Boy Advance,Donkey Kong Country 3,Treetop Tumble,,game_midi/Donkey Kong_Game Boy Advance_Donkey Kong Country 3_Treetop Tumble.mid
looping_gameplay_bgm,Donkey Kong,Game Boy Color,Donkey Kong Country,Forest Frenzy,forest,game_midi/Donkey Kong_Game Boy Color_Donkey Kong Country_Forest Frenzy.mid
ambiguous_other,Donkey Kong,Game Boy,Donkey Kong 94,Chase,,game_midi/Donkey Kong_Game Boy_Donkey Kong 94_Chase.mid
looping_gameplay_bgm,Donkey Kong,Game Boy,Donkey Kong 94,Showdown at the Tower,tower,game_midi/Donkey Kong_Game Boy_Donkey Kong 94_Showdown at the Tower.mid
looping_gameplay_bgm,Donkey Kong,Game Boy,Donkey Kong Land 2,Boss Battle,"attle!?, oss",game_midi/Donkey Kong_Game Boy_Donkey Kong Land 2_Boss Battle.mid
ambiguous_other,Donkey Kong,Game Boy,Donkey Kong Land 2,Title Screen,,game_midi/Donkey Kong_Game Boy_Donkey Kong Land 2_Title Screen.mid
ambiguous_other,Donkey Kong,Game Boy,Donkey Kong Land III,Bonus Time!,,game_midi/Donkey Kong_Game Boy_Donkey Kong Land III_Bonus Time!.mid
ambiguous_other,Donkey Kong,Game Boy,Donkey Kong Land III,Rockface Rumble,,game_midi/Donkey Kong_Game Boy_Donkey Kong Land III_Rockface Rumble.mid
looping_gameplay_bgm,Donkey Kong,Game Boy,Donkey Kong Land,Boss Battle,"attle!?, oss",game_midi/Donkey Kong_Game Boy_Donkey Kong Land_Boss Battle.mid
looping_gameplay_bgm,Donkey Kong,Game Boy,Donkey Kong Land,File Select,select,game_midi/Donkey Kong_Game Boy_Donkey Kong Land_File Select.mid
ambiguous_other,Donkey Kong,Game Boy,Donkey Kong Land,Kremlantis,,game_midi/Donkey Kong_Game Boy_Donkey Kong Land_Kremlantis.mid
ambiguous_other,Donkey Kong,Game Boy,Donkey Kong Land,Title Screen,,game_midi/Donkey Kong_Game Boy_Donkey Kong Land_Title Screen.mid
looping_gameplay_bgm,Donkey Kong,Nintendo 64,Diddy Kong Racing,Ancient Lake,lake,game_midi/Donkey Kong_Nintendo 64_Diddy Kong Racing_Ancient Lake.mid
ambiguous_other,Donkey Kong,Nintendo 64,Diddy Kong Racing,Darkmoon Caverns,,game_midi/Donkey Kong_Nintendo 64_Diddy Kong Racing_Darkmoon Caverns.mid
looping_gameplay_bgm,Donkey Kong,Nintendo 64,Diddy Kong Racing,Dino Domain,domain,game_midi/Donkey Kong_Nintendo 64_Diddy Kong Racing_Dino Domain.mid
ambiguous_other,Donkey Kong,Nintendo 64,Diddy Kong Racing,Fossil Canyon,,game_midi/Donkey Kong_Nintendo 64_Diddy Kong Racing_Fossil Canyon.mid
looping_gameplay_bgm,Donkey Kong,Nintendo 64,Diddy Kong Racing,Frosty Village,village,game_midi/Donkey Kong_Nintendo 64_Diddy Kong Racing_Frosty Village.mid
looping_gameplay_bgm,Donkey Kong,Nintendo 64,Diddy Kong Racing,Haunted Woods,woods,game_midi/Donkey Kong_Nintendo 64_Diddy Kong Racing_Haunted Woods.mid
ambiguous_likely_loop,Donkey Kong,Nintendo 64,Diddy Kong Racing,Lobby Theme,theme,game_midi/Donkey Kong_Nintendo 64_Diddy Kong Racing_Lobby Theme.mid
ambiguous_other,Donkey Kong,Nintendo 64,Diddy Kong Racing,Spaceport Alpha,,game_midi/Donkey Kong_Nintendo 64_Diddy Kong Racing_Spaceport Alpha.mid
ambiguous_likely_loop,Donkey Kong,Nintendo 64,Diddy Kong Racing,Title Theme,theme,game_midi/Donkey Kong_Nintendo 64_Diddy Kong Racing_Title Theme.mid
ambiguous_other,Donkey Kong,Nintendo 64,Diddy Kong Racing,Walrus Cove,,game_midi/Donkey Kong_Nintendo 64_Diddy Kong Racing_Walrus Cove.mid
looping_gameplay_bgm,Donkey Kong,Nintendo 64,Donkey Kong 64,Angry Aztec (Barrel Course),course,game_midi/Donkey Kong_Nintendo 64_Donkey Kong 64_Angry Aztec (Barrel Course).mid
ambiguous_other,Donkey Kong,Nintendo 64,Donkey Kong 64,Angry Aztec (Caves),,game_midi/Donkey Kong_Nintendo 64_Donkey Kong 64_Angry Aztec (Caves).mid
looping_gameplay_bgm,Donkey Kong,Nintendo 64,Donkey Kong 64,Angry Aztec (Temple),temple,game_midi/Donkey Kong_Nintendo 64_Donkey Kong 64_Angry Aztec (Temple).mid
ambiguous_other,Donkey Kong,Nintendo 64,Donkey Kong 64,Angry Aztec (Underground),,game_midi/Donkey Kong_Nintendo 64_Donkey Kong 64_Angry Aztec (Underground).mid
ambiguous_other,Donkey Kong,Nintendo 64,Donkey Kong 64,Angry Aztec,,game_midi/Donkey Kong_Nintendo 64_Donkey Kong 64_Angry Aztec.mid
looping_gameplay_bgm,Donkey Kong,Nintendo 64,Donkey Kong 64,Army Dillo Battle,attle!?,game_midi/Donkey Kong_Nintendo 64_Donkey Kong 64_Army Dillo Battle.mid
ambiguous_other,Donkey Kong,Nintendo 64,Donkey Kong 64,Army Dillo Rematch,,game_midi/Donkey Kong_Nintendo 64_Donkey Kong 64_Army Dillo Rematch.mid
ambiguous_other,Donkey Kong,Nintendo 64,Donkey Kong 64,Baboon Balloon,,game_midi/Donkey Kong_Nintendo 64_Donkey Kong 64_Baboon Balloon.mid
looping_gameplay_bgm,Donkey Kong,Nintendo 64,Donkey Kong 64,Banana Fairy Island,island,game_midi/Donkey Kong_Nintendo 64_Donkey Kong 64_Banana Fairy Island.mid
looping_gameplay_bgm,Donkey Kong,Nintendo 64,Donkey Kong 64,Battle Arena,"attle!?, arena",game_midi/Donkey Kong_Nintendo 64_Donkey Kong 64_Battle Arena.mid
looping_gameplay_bgm,Donkey Kong,Nintendo 64,Donkey Kong 64,Before Boss,oss,game_midi/Donkey Kong_Nintendo 64_Donkey Kong 64_Before Boss.mid
ambiguous_other,Donkey Kong,Nintendo 64,Donkey Kong 64,Bonus Barrel,,game_midi/Donkey Kong_Nintendo 64_Donkey Kong 64_Bonus Barrel.mid
finite_song_or_cue,Donkey Kong,Nintendo 64,Donkey Kong 64,Boss Introduction,introduction,game_midi/Donkey Kong_Nintendo 64_Donkey Kong 64_Boss Introduction.mid
ambiguous_other,Donkey Kong,Nintendo 64,Donkey Kong 64,Candys Music Store,,game_midi/Donkey Kong_Nintendo 64_Donkey Kong 64_Candys Music Store.mid
looping_gameplay_bgm,Donkey Kong,Nintendo 64,Donkey Kong 64,Crankys Lab,lab(oratory)?,game_midi/Donkey Kong_Nintendo 64_Donkey Kong 64_Crankys Lab.mid
looping_gameplay_bgm,Donkey Kong,Nintendo 64,Donkey Kong 64,Creepy Castle (Ballroom),castle,game_midi/Donkey Kong_Nintendo 64_Donkey Kong 64_Creepy Castle (Ballroom).mid
looping_gameplay_bgm,Donkey Kong,Nintendo 64,Donkey Kong 64,Creepy Castle (Barrel Course),"course, castle",game_midi/Donkey Kong_Nintendo 64_Donkey Kong 64_Creepy Castle (Barrel Course).mid
looping_gameplay_bgm,Donkey Kong,Nintendo 64,Donkey Kong 64,Creepy Castle (Caves),castle,game_midi/Donkey Kong_Nintendo 64_Donkey Kong 64_Creepy Castle (Caves).mid
looping_gameplay_bgm,Donkey Kong,Nintendo 64,Donkey Kong 64,Creepy Castle (Dungeon 1),"castle, dungeon",game_midi/Donkey Kong_Nintendo 64_Donkey Kong 64_Creepy Castle (Dungeon 1).mid
looping_gameplay_bgm,Donkey Kong,Nintendo 64,Donkey Kong 64,Creepy Castle (Dungeon 2Library),"castle, dungeon",game_midi/Donkey Kong_Nintendo 64_Donkey Kong 64_Creepy Castle (Dungeon 2Library).mid
looping_gameplay_bgm,Donkey Kong,Nintendo 64,Donkey Kong 64,Creepy Castle (Dungeon 3),"castle, dungeon",game_midi/Donkey Kong_Nintendo 64_Donkey Kong 64_Creepy Castle (Dungeon 3).mid
looping_gameplay_bgm,Donkey Kong,Nintendo 64,Donkey Kong 64,Creepy Castle (Dungeon 4),"castle, dungeon",game_midi/Donkey Kong_Nintendo 64_Donkey Kong 64_Creepy Castle (Dungeon 4).mid
looping_gameplay_bgm,Donkey Kong,Nintendo 64,Donkey Kong 64,Creepy Castle (Greenhouse),castle,game_midi/Donkey Kong_Nintendo 64_Donkey Kong 64_Creepy Castle (Greenhouse).mid
looping_gameplay_bgm,Donkey Kong,Nintendo 64,Donkey Kong 64,Creepy Castle (Mine Cart),"castle, mine",game_midi/Donkey Kong_Nintendo 64_Donkey Kong 64_Creepy Castle (Mine Cart).mid
looping_gameplay_bgm,Donkey Kong,Nintendo 64,Donkey Kong 64,Creepy Castle (Museum),castle,game_midi/Donkey Kong_Nintendo 64_Donkey Kong 64_Creepy Castle (Museum).mid
looping_gameplay_bgm,Donkey Kong,Nintendo 64,Donkey Kong 64,Creepy Castle (Rubbish Bin),castle,game_midi/Donkey Kong_Nintendo 64_Donkey Kong 64_Creepy Castle (Rubbish Bin).mid
looping_gameplay_bgm,Donkey Kong,Nintendo 64,Donkey Kong 64,Creepy Castle (Tree Trunk),castle,game_midi/Donkey Kong_Nintendo 64_Donkey Kong 64_Creepy Castle (Tree Trunk).mid
looping_gameplay_bgm,Donkey Kong,Nintendo 64,Donkey Kong 64,Creepy Castle (Wind Tower),"castle, tower",game_midi/Donkey Kong_Nintendo 64_Donkey Kong 64_Creepy Castle (Wind Tower).mid
looping_gameplay_bgm,Donkey Kong,Nintendo 64,Donkey Kong 64,Creepy Castle,castle,game_midi/Donkey Kong_Nintendo 64_Donkey Kong 64_Creepy Castle.mid
looping_gameplay_bgm,Donkey Kong,Nintendo 64,Donkey Kong 64,Crystal Caves (Barrel Course),course,game_midi/Donkey Kong_Nintendo 64_Donkey Kong 64_Crystal Caves (Barrel Course).mid
ambiguous_other,Donkey Kong,Nintendo 64,Donkey Kong 64,Crystal Caves (Board Game),,game_midi/Donkey Kong_Nintendo 64_Donkey Kong 64_Crystal Caves (Board Game).mid
ambiguous_other,Donkey Kong,Nintendo 64,Donkey Kong 64,Crystal Caves (Igloo),,game_midi/Donkey Kong_Nintendo 64_Donkey Kong 64_Crystal Caves (Igloo).mid
ambiguous_other,Donkey Kong,Nintendo 64,Donkey Kong 64,Crystal Caves (Indoors),,game_midi/Donkey Kong_Nintendo 64_Donkey Kong 64_Crystal Caves (Indoors).mid
looping_gameplay_bgm,Donkey Kong,Nintendo 64,Donkey Kong 64,Crystal Caves (Rotating Room),room,game_midi/Donkey Kong_Nintendo 64_Donkey Kong 64_Crystal Caves (Rotating Room).mid
ambiguous_other,Donkey Kong,Nintendo 64,Donkey Kong 64,Crystal Caves,,game_midi/Donkey Kong_Nintendo 64_Donkey Kong 64_Crystal Caves.mid
looping_gameplay_bgm,Donkey Kong,Nintendo 64,Donkey Kong 64,DK Island Creepy Castle,"castle, island",game_midi/Donkey Kong_Nintendo 64_Donkey Kong 64_DK Island Creepy Castle.mid
ambiguous_other,Donkey Kong,Nintendo 64,Donkey Kong 64,DK Isle (Angry Aztec),,game_midi/Donkey Kong_Nintendo 64_Donkey Kong 64_DK Isle (Angry Aztec).mid
ambiguous_other,Donkey Kong,Nintendo 64,Donkey Kong 64,DK Isle (Crystal Caves),,game_midi/Donkey Kong_Nintendo 64_Donkey Kong 64_DK Isle (Crystal Caves).mid
looping_gameplay_bgm,Donkey Kong,Nintendo 64,Donkey Kong 64,DK Isle (Frantic Factory),factory,game_midi/Donkey Kong_Nintendo 64_Donkey Kong 64_DK Isle (Frantic Factory).mid
looping_gameplay_bgm,Donkey Kong,Nintendo 64,Donkey Kong 64,DK Isle (Fungi Forest),forest,game_midi/Donkey Kong_Nintendo 64_Donkey Kong 64_DK Isle (Fungi Forest).mid
ambiguous_other,Donkey Kong,Nintendo 64,Donkey Kong 64,DK Isle (Gloomy Galleon),,game_midi/Donkey Kong_Nintendo 64_Donkey Kong 64_DK Isle (Gloomy Galleon).mid
looping_gameplay_bgm,Donkey Kong,Nintendo 64,Donkey Kong 64,DK Isle (Hideout Helm),hideout,game_midi/Donkey Kong_Nintendo 64_Donkey Kong 64_DK Isle (Hideout Helm).mid
looping_gameplay_bgm,Donkey Kong,Nintendo 64,Donkey Kong 64,DK Isle (Jungle Japes),jungle,game_midi/Donkey Kong_Nintendo 64_Donkey Kong 64_DK Isle (Jungle Japes).mid
looping_gameplay_bgm,Donkey Kong,Nintendo 64,Donkey Kong 64,DK Isle (Snides HQ),hq,game_midi/Donkey Kong_Nintendo 64_Donkey Kong 64_DK Isle (Snides HQ).mid
ambiguous_other,Donkey Kong,Nintendo 64,Donkey Kong 64,DK Isle,,game_midi/Donkey Kong_Nintendo 64_Donkey Kong 64_DK Isle.mid
ambiguous_other,Donkey Kong,Nintendo 64,Donkey Kong 64,DKs Treehouse,,game_midi/Donkey Kong_Nintendo 64_Donkey Kong 64_DKs Treehouse.mid
ambiguous_other,Donkey Kong,Nintendo 64,Donkey Kong 64,Dogadon Rematch,,game_midi/Donkey Kong_Nintendo 64_Donkey Kong 64_Dogadon Rematch.mid
finite_song_or_cue,Donkey Kong,Nintendo 64,Donkey Kong 64,Ending,ending,game_midi/Donkey Kong_Nintendo 64_Donkey Kong 64_Ending.mid
ambiguous_likely_loop,Donkey Kong,Nintendo 64,Donkey Kong 64,Enguardes Theme,theme,game_midi/Donkey Kong_Nintendo 64_Donkey Kong 64_Enguardes Theme.mid
looping_gameplay_bgm,Donkey Kong,Nintendo 64,Donkey Kong 64,Frantic Factory (Production Room),"factory, room",game_midi/Donkey Kong_Nintendo 64_Donkey Kong 64_Frantic Factory (Production Room).mid
looping_gameplay_bgm,Donkey Kong,Nintendo 64,Donkey Kong 64,Frantic Factory (Research and Development),factory,game_midi/Donkey Kong_Nintendo 64_Donkey Kong 64_Frantic Factory (Research and Development).mid
looping_gameplay_bgm,Donkey Kong,Nintendo 64,Donkey Kong 64,Frantic Factory Car Race,"race, factory",game_midi/Donkey Kong_Nintendo 64_Donkey Kong 64_Frantic Factory Car Race.mid
looping_gameplay_bgm,Donkey Kong,Nintendo 64,Donkey Kong 64,Frantic Factory,factory,game_midi/Donkey Kong_Nintendo 64_Donkey Kong 64_Frantic Factory.mid
looping_gameplay_bgm,Donkey Kong,Nintendo 64,Donkey Kong 64,Fungi Forest (Barrel Course),"course, forest",game_midi/Donkey Kong_Nintendo 64_Donkey Kong 64_Fungi Forest (Barrel Course).mid
looping_gameplay_bgm,Donkey Kong,Nintendo 64,Donkey Kong 64,Fungi Forest (Bonus Room),"forest, room",game_midi/Donkey Kong_Nintendo 64_Donkey Kong 64_Fungi Forest (Bonus Room).mid
looping_gameplay_bgm,Donkey Kong,Nintendo 64,Donkey Kong 64,Fungi Forest (Day),forest,game_midi/Donkey Kong_Nintendo 64_Donkey Kong 64_Fungi Forest (Day).mid
looping_gameplay_bgm,Donkey Kong,Nintendo 64,Donkey Kong 64,Fungi Forest (Giant Mushroom),forest,game_midi/Donkey Kong_Nintendo 64_Donkey Kong 64_Fungi Forest (Giant Mushroom).mid
looping_gameplay_bgm,Donkey Kong,Nintendo 64,Donkey Kong 64,Fungi Forest (Indoors 2),forest,game_midi/Donkey Kong_Nintendo 64_Donkey Kong 64_Fungi Forest (Indoors 2).mid
looping_gameplay_bgm,Donkey Kong,Nintendo 64,Donkey Kong 64,Fungi Forest (Indoors),forest,game_midi/Donkey Kong_Nintendo 64_Donkey Kong 64_Fungi Forest (Indoors).mid
looping_gameplay_bgm,Donkey Kong,Nintendo 64,Donkey Kong 64,Fungi Forest (Night),forest,game_midi/Donkey Kong_Nintendo 64_Donkey Kong 64_Fungi Forest (Night).mid
looping_gameplay_bgm,Donkey Kong,Nintendo 64,Donkey Kong 64,Fungi Forest (Spider),forest,game_midi/Donkey Kong_Nintendo 64_Donkey Kong 64_Fungi Forest (Spider).mid
looping_gameplay_bgm,Donkey Kong,Nintendo 64,Donkey Kong 64,Fungi Forest (Tree Trunk),forest,game_midi/Donkey Kong_Nintendo 64_Donkey Kong 64_Fungi Forest (Tree Trunk).mid
ambiguous_other,Donkey Kong,Nintendo 64,Donkey Kong 64,Funkys Armoury,,game_midi/Donkey Kong_Nintendo 64_Donkey Kong 64_Funkys Armoury.mid
looping_gameplay_bgm,Donkey Kong,Nintendo 64,Donkey Kong 64,Gloomy Galleon (Barrel Course),course,game_midi/Donkey Kong_Nintendo 64_Donkey Kong 64_Gloomy Galleon (Barrel Course).mid
ambiguous_other,Donkey Kong,Nintendo 64,Donkey Kong 64,Gloomy Galleon (Caves),,game_midi/Donkey Kong_Nintendo 64_Donkey Kong 64_Gloomy Galleon (Caves).mid
ambiguous_other,Donkey Kong,Nintendo 64,Donkey Kong 64,Gloomy Galleon (Lighthouse-Submarine),,game_midi/Donkey Kong_Nintendo 64_Donkey Kong 64_Gloomy Galleon (Lighthouse-Submarine).mid
ambiguous_other,Donkey Kong,Nintendo 64,Donkey Kong 64,Gloomy Galleon (Mechanical Fish),,game_midi/Donkey Kong_Nintendo 64_Donkey Kong 64_Gloomy Galleon (Mechanical Fish).mid
looping_gameplay_bgm,Donkey Kong,Nintendo 64,Donkey Kong 64,Gloomy Galleon (Mermaid Palace),palace,game_midi/Donkey Kong_Nintendo 64_Donkey Kong 64_Gloomy Galleon (Mermaid Palace).mid
ambiguous_other,Donkey Kong,Nintendo 64,Donkey Kong 64,Gloomy Galleon (Pearl Treasure),,game_midi/Donkey Kong_Nintendo 64_Donkey Kong 64_Gloomy Galleon (Pearl Treasure).mid
looping_gameplay_bgm,Donkey Kong,Nintendo 64,Donkey Kong 64,Gloomy Galleon (Ship Ruins),"ruins, ship",game_midi/Donkey Kong_Nintendo 64_Donkey Kong 64_Gloomy Galleon (Ship Ruins).mid
looping_gameplay_bgm,Donkey Kong,Nintendo 64,Donkey Kong 64,Gloomy Galleon Boat Race,race,game_midi/Donkey Kong_Nintendo 64_Donkey Kong 64_Gloomy Galleon Boat Race.mid
ambiguous_other,Donkey Kong,Nintendo 64,Donkey Kong 64,Gloomy Galleon,,game_midi/Donkey Kong_Nintendo 64_Donkey Kong 64_Gloomy Galleon.mid
ambiguous_other,Donkey Kong,Nintendo 64,Donkey Kong 64,Happy K Lumsy,,game_midi/Donkey Kong_Nintendo 64_Donkey Kong 64_Happy K Lumsy.mid
looping_gameplay_bgm,Donkey Kong,Nintendo 64,Donkey Kong 64,Hideout Helm (Bonus Barrel),hideout,game_midi/Donkey Kong_Nintendo 64_Donkey Kong 64_Hideout Helm (Bonus Barrel).mid
looping_gameplay_bgm,Donkey Kong,Nintendo 64,Donkey Kong 64,Hideout Helm 2,hideout,game_midi/Donkey Kong_Nintendo 64_Donkey Kong 64_Hideout Helm 2.mid
ambiguous_other,Donkey Kong,Nintendo 64,Donkey Kong 64,Hunky Chunky,,game_midi/Donkey Kong_Nintendo 64_Donkey Kong 64_Hunky Chunky.mid
looping_gameplay_bgm,Donkey Kong,Nintendo 64,Donkey Kong 64,Jungle Japes (Barrel Blast),jungle,game_midi/Donkey Kong_Nintendo 64_Donkey Kong 64_Jungle Japes (Barrel Blast).mid
looping_gameplay_bgm,Donkey Kong,Nintendo 64,Donkey Kong 64,Jungle Japes (Caves),jungle,game_midi/Donkey Kong_Nintendo 64_Donkey Kong 64_Jungle Japes (Caves).mid
looping_gameplay_bgm,Donkey Kong,Nintendo 64,Donkey Kong 64,Jungle Japes (Mine Cart),"jungle, mine",game_midi/Donkey Kong_Nintendo 64_Donkey Kong 64_Jungle Japes (Mine Cart).mid
looping_gameplay_bgm,Donkey Kong,Nintendo 64,Donkey Kong 64,Jungle Japes (Storm),jungle,game_midi/Donkey Kong_Nintendo 64_Donkey Kong 64_Jungle Japes (Storm).mid
looping_gameplay_bgm,Donkey Kong,Nintendo 64,Donkey Kong 64,Jungle Japes (Underground),jungle,game_midi/Donkey Kong_Nintendo 64_Donkey Kong 64_Jungle Japes (Underground).mid
looping_gameplay_bgm,Donkey Kong,Nintendo 64,Donkey Kong 64,Jungle Japes 2,jungle,game_midi/Donkey Kong_Nintendo 64_Donkey Kong 64_Jungle Japes 2.mid
ambiguous_other,Donkey Kong,Nintendo 64,Donkey Kong 64,K Lumsy,,game_midi/Donkey Kong_Nintendo 64_Donkey Kong 64_K Lumsy.mid
finite_song_or_cue,Donkey Kong,Nintendo 64,Donkey Kong 64,K Rool Defeated,defeat(ed)?,game_midi/Donkey Kong_Nintendo 64_Donkey Kong 64_K Rool Defeated.mid
ambiguous_other,Donkey Kong,Nintendo 64,Donkey Kong 64,K Rool Duel,,game_midi/Donkey Kong_Nintendo 64_Donkey Kong 64_K Rool Duel.mid
finite_song_or_cue,Donkey Kong,Nintendo 64,Donkey Kong 64,K Rool Introduction,introduction,game_midi/Donkey Kong_Nintendo 64_Donkey Kong 64_K Rool Introduction.mid
ambiguous_other,Donkey Kong,Nintendo 64,Donkey Kong 64,K Rool,,game_midi/Donkey Kong_Nintendo 64_Donkey Kong 64_K Rool.mid
looping_gameplay_bgm,Donkey Kong,Nintendo 64,Donkey Kong 64,King Kut Out Battle,attle!?,game_midi/Donkey Kong_Nintendo 64_Donkey Kong 64_King Kut Out Battle.mid
ambiguous_other,Donkey Kong,Nintendo 64,Donkey Kong 64,Krem Isle,,game_midi/Donkey Kong_Nintendo 64_Donkey Kong 64_Krem Isle.mid
looping_gameplay_bgm,Donkey Kong,Nintendo 64,Donkey Kong 64,Mad Jack Battle,attle!?,game_midi/Donkey Kong_Nintendo 64_Donkey Kong 64_Mad Jack Battle.mid
ambiguous_other,Donkey Kong,Nintendo 64,Donkey Kong 64,Mad Maze Maul,,game_midi/Donkey Kong_Nintendo 64_Donkey Kong 64_Mad Maze Maul.mid
looping_gameplay_bgm,Donkey Kong,Nintendo 64,Donkey Kong 64,Main Menu,menu,game_midi/Donkey Kong_Nintendo 64_Donkey Kong 64_Main Menu.mid
ambiguous_other,Donkey Kong,Nintendo 64,Donkey Kong 64,Minecart Mayhem,,game_midi/Donkey Kong_Nintendo 64_Donkey Kong 64_Minecart Mayhem.mid
ambiguous_other,Donkey Kong,Nintendo 64,Donkey Kong 64,Mini Monkey,,game_midi/Donkey Kong_Nintendo 64_Donkey Kong 64_Mini Monkey.mid
ambiguous_other,Donkey Kong,Nintendo 64,Donkey Kong 64,Monkey Smash,,game_midi/Donkey Kong_Nintendo 64_Donkey Kong 64_Monkey Smash.mid
looping_gameplay_bgm,Donkey Kong,Nintendo 64,Donkey Kong 64,Pause Menu,"menu, pause",game_midi/Donkey Kong_Nintendo 64_Donkey Kong 64_Pause Menu.mid
looping_gameplay_bgm,Donkey Kong,Nintendo 64,Donkey Kong 64,Pufftoss Battle,attle!?,game_midi/Donkey Kong_Nintendo 64_Donkey Kong 64_Pufftoss Battle.mid
ambiguous_likely_loop,Donkey Kong,Nintendo 64,Donkey Kong 64,Rambis Theme,theme,game_midi/Donkey Kong_Nintendo 64_Donkey Kong 64_Rambis Theme.mid
ambiguous_other,Donkey Kong,Nintendo 64,Donkey Kong 64,Rocket Barrel Boost,,game_midi/Donkey Kong_Nintendo 64_Donkey Kong 64_Rocket Barrel Boost.mid
looping_gameplay_bgm,Donkey Kong,Nintendo 64,Donkey Kong 64,Snides HQ,hq,game_midi/Donkey Kong_Nintendo 64_Donkey Kong 64_Snides HQ.mid
ambiguous_other,Donkey Kong,Nintendo 64,Donkey Kong 64,Strong Kong,,game_midi/Donkey Kong_Nintendo 64_Donkey Kong 64_Strong Kong.mid
ambiguous_other,Donkey Kong,Nintendo 64,Donkey Kong 64,Tag Barrel (All Variations),,game_midi/Donkey Kong_Nintendo 64_Donkey Kong 64_Tag Barrel (All Variations).mid
ambiguous_other,Donkey Kong,Nintendo 64,Donkey Kong 64,Troff n Scoff,,game_midi/Donkey Kong_Nintendo 64_Donkey Kong 64_Troff n Scoff.mid
looping_gameplay_bgm,Donkey Kong,Nintendo GameCube,Donkey Kong Jungle Beat,Battle for Storm Hill,attle!?,game_midi/Donkey Kong_Nintendo GameCube_Donkey Kong Jungle Beat_Battle for Storm Hill.mid
ambiguous_other,Donkey Kong,SNES,Donkey Kong Country 2 Diddy's Kong Quest,Bayou Boogie_0,,game_midi/Donkey Kong_SNES_Donkey Kong Country 2 Diddy's Kong Quest_Bayou Boogie_0.mid
ambiguous_other,Donkey Kong,SNES,Donkey Kong Country 2 Diddy's Kong Quest,Hot Head Bop_0,,game_midi/Donkey Kong_SNES_Donkey Kong Country 2 Diddy's Kong Quest_Hot Head Bop_0.mid
ambiguous_other,Donkey Kong,SNES,Donkey Kong Country 2 Diddy's Kong Quest,Jib Jig_0,,game_midi/Donkey Kong_SNES_Donkey Kong Country 2 Diddy's Kong Quest_Jib Jig_0.mid
ambiguous_other,Donkey Kong,SNES,Donkey Kong Country 2 Diddy's Kong Quest,Snakey Chantey_0,,game_midi/Donkey Kong_SNES_Donkey Kong Country 2 Diddy's Kong Quest_Snakey Chantey_0.mid
ambiguous_other,Donkey Kong,Super Nintendo Entertainment System,Donkey Kong Country 3 Dixie Kongs Double Trouble!,Brothers Bear,,game_midi/Donkey Kong_Super Nintendo Entertainment System_Donkey Kong Country 3 Dixie Kongs Double Trouble!_Brothers Bear.mid
ambiguous_other,Donkey Kong,Super Nintendo Entertainment System,Donkey Kong Country 3 Dixie Kongs Double Trouble!,Tree Top Tumble,,game_midi/Donkey Kong_Super Nintendo Entertainment System_Donkey Kong Country 3 Dixie Kongs Double Trouble!_Tree Top Tumble.mid
ambiguous_other,Donkey Kong,Super Nintendo Entertainment System,Donkey Kong Country,Aquatic Ambience,,game_midi/Donkey Kong_Super Nintendo Entertainment System_Donkey Kong Country_Aquatic Ambience.mid
looping_gameplay_bgm,Donkey Kong,Super Nintendo Entertainment System,Donkey Kong Country,Bonus Room Blitz,room,game_midi/Donkey Kong_Super Nintendo Entertainment System_Donkey Kong Country_Bonus Room Blitz.mid
ambiguous_likely_loop,Donkey Kong,Super Nintendo Entertainment System,Donkey Kong Country,Crankys Theme,theme,game_midi/Donkey Kong_Super Nintendo Entertainment System_Donkey Kong Country_Crankys Theme.mid
looping_gameplay_bgm,Donkey Kong,Super Nintendo Entertainment System,Donkey Kong Country,DK Island Swing,island,game_midi/Donkey Kong_Super Nintendo Entertainment System_Donkey Kong Country_DK Island Swing.mid
looping_gameplay_bgm,Donkey Kong,Super Nintendo Entertainment System,Donkey Kong Country,Fear Factory,factory,game_midi/Donkey Kong_Super Nintendo Entertainment System_Donkey Kong Country_Fear Factory.mid
looping_gameplay_bgm,Donkey Kong,Super Nintendo Entertainment System,Donkey Kong Country,Forest Frenzy,forest,game_midi/Donkey Kong_Super Nintendo Entertainment System_Donkey Kong Country_Forest Frenzy.mid
ambiguous_other,Donkey Kong,Super Nintendo Entertainment System,Donkey Kong Country,Funkys Fugue,,game_midi/Donkey Kong_Super Nintendo Entertainment System_Donkey Kong Country_Funkys Fugue.mid
ambiguous_other,Donkey Kong,Super Nintendo Entertainment System,Donkey Kong Country,Gang-Plank Galleon,,game_midi/Donkey Kong_Super Nintendo Entertainment System_Donkey Kong Country_Gang-Plank Galleon.mid
looping_gameplay_bgm,Donkey Kong,Super Nintendo Entertainment System,Donkey Kong Country,Map,map,game_midi/Donkey Kong_Super Nintendo Entertainment System_Donkey Kong Country_Map.mid
finite_song_or_cue,Donkey Kong,Super Nintendo Entertainment System,Donkey Kong Country,The Credits Concerto,credits?,game_midi/Donkey Kong_Super Nintendo Entertainment System_Donkey Kong Country_The Credits Concerto.mid
ambiguous_other,Donkey Kong,Super Nintendo Entertainment System,Donkey Kong Country,Treetop Rock,,game_midi/Donkey Kong_Super Nintendo Entertainment System_Donkey Kong Country_Treetop Rock.mid
ambiguous_other,Donkey Kong,Wii,Donkey Kong Country Returns,Life in the Mines Returns,,game_midi/Donkey Kong_Wii_Donkey Kong Country Returns_Life in the Mines Returns.mid
ambiguous_other,Donkey Kong,Wii,Donkey Kong Country Returns,Muncher Marathon,,game_midi/Donkey Kong_Wii_Donkey Kong Country Returns_Muncher Marathon.mid
ambiguous_other,Donkey Kong,Wii,Donkey Kong Country Returns,Music Madness,,game_midi/Donkey Kong_Wii_Donkey Kong Country Returns_Music Madness.mid
ambiguous_other,Donkey Kong,Wii,Donkey Kong Country Returns,Rocket Barrel,,game_midi/Donkey Kong_Wii_Donkey Kong Country Returns_Rocket Barrel.mid
looping_gameplay_bgm,Dragon Quest,NES,Dragon Quest,Battle Theme_0,attle!?,game_midi/Dragon Quest_NES_Dragon Quest_Battle Theme_0.mid
looping_gameplay_bgm,Dragon Quest,NES,Dragon Quest,Castle Theme_0,castle,game_midi/Dragon Quest_NES_Dragon Quest_Castle Theme_0.mid
looping_gameplay_bgm,Dragon Quest,NES,Dragon Quest,Cave Theme_0,cave,game_midi/Dragon Quest_NES_Dragon Quest_Cave Theme_0.mid
ambiguous_other,Dragon Quest,NES,Dragon Quest,Final Battle_0,,game_midi/Dragon Quest_NES_Dragon Quest_Final Battle_0.mid
looping_gameplay_bgm,Dragon Quest,NES,Dragon Quest,Overworld Theme_0,overworld,game_midi/Dragon Quest_NES_Dragon Quest_Overworld Theme_0.mid
ambiguous_other,Dragon Quest,NES,Dragon Quest,Title Screen_0,,game_midi/Dragon Quest_NES_Dragon Quest_Title Screen_0.mid
looping_gameplay_bgm,Dragon Quest,NES,Dragon Quest,Town Theme_0,town,game_midi/Dragon Quest_NES_Dragon Quest_Town Theme_0.mid
looping_gameplay_bgm,Dragon Quest,Nintendo DS,Dragon Quest IX Sentinels of the Starry Skies,Cave Waltz,cave,game_midi/Dragon Quest_Nintendo DS_Dragon Quest IX Sentinels of the Starry Skies_Cave Waltz.mid
ambiguous_other,Dragon Quest,Nintendo DS,Dragon Quest IX Sentinels of the Starry Skies,Heavens Prayer (The Observatory),,game_midi/Dragon Quest_Nintendo DS_Dragon Quest IX Sentinels of the Starry Skies_Heavens Prayer (The Observatory).mid
ambiguous_other,Dragon Quest,Nintendo DS,Dragon Quest IX Sentinels of the Starry Skies,Painful Feelings,,game_midi/Dragon Quest_Nintendo DS_Dragon Quest IX Sentinels of the Starry Skies_Painful Feelings.mid
ambiguous_other,Dragon Quest,Nintendo DS,Dragon Quest IX Sentinels of the Starry Skies,Riding in the Ark,,game_midi/Dragon Quest_Nintendo DS_Dragon Quest IX Sentinels of the Starry Skies_Riding in the Ark.mid
ambiguous_other,Dragon Quest,Nintendo DS,Dragon Quest IX Sentinels of the Starry Skies,Verse of Prayer,,game_midi/Dragon Quest_Nintendo DS_Dragon Quest IX Sentinels of the Starry Skies_Verse of Prayer.mid
looping_gameplay_bgm,Dragon Quest,Nintendo Entertainment System,Dragon Quest II Luminaries of the Legendary Line,Ever UpwardsDevils Tower,tower,game_midi/Dragon Quest_Nintendo Entertainment System_Dragon Quest II Luminaries of the Legendary Line_Ever UpwardsDevils Tower.mid
ambiguous_other,Dragon Quest,Nintendo Entertainment System,Dragon Quest III The Seeds of Salvation,Ramias Flight,,game_midi/Dragon Quest_Nintendo Entertainment System_Dragon Quest III The Seeds of Salvation_Ramias Flight.mid
ambiguous_other,Dragon Quest,Nintendo Entertainment System,Dragon Quest III The Seeds of Salvation,Rondo,,game_midi/Dragon Quest_Nintendo Entertainment System_Dragon Quest III The Seeds of Salvation_Rondo.mid
ambiguous_other,Dragon Quest,PlayStation 2,Dragon Quest VIII Journey of the Cursed King,Alchemy Pot,,game_midi/Dragon Quest_PlayStation 2_Dragon Quest VIII Journey of the Cursed King_Alchemy Pot.mid
looping_gameplay_bgm,Dragon Quest,Super Nintendo Entertainment System,Dragon Quest VI Realms of Revelation,Dungeon Theme,dungeon,game_midi/Dragon Quest_Super Nintendo Entertainment System_Dragon Quest VI Realms of Revelation_Dungeon Theme.mid
ambiguous_other,DrakengardNieR,Mobile,NieR Re[in]carnation,Breathe,,game_midi/DrakengardNieR_Mobile_NieR Re[in]carnation_Breathe.mid
ambiguous_other,DrakengardNieR,Mobile,NieR Re[in]carnation,Homesick,,game_midi/DrakengardNieR_Mobile_NieR Re[in]carnation_Homesick.mid
looping_gameplay_bgm,DrakengardNieR,Multiplatform,NieR Automata,Amusement Park,park,game_midi/DrakengardNieR_Multiplatform_NieR Automata_Amusement Park.mid
ambiguous_other,DrakengardNieR,Multiplatform,NieR Automata,Birth of a Wish,,game_midi/DrakengardNieR_Multiplatform_NieR Automata_Birth of a Wish.mid
ambiguous_other,DrakengardNieR,Multiplatform,NieR Automata,Pascal,,game_midi/DrakengardNieR_Multiplatform_NieR Automata_Pascal.mid
ambiguous_likely_loop,DrakengardNieR,Multiplatform,NieR Automata,Vague Hope (Cold Rain),rain,game_midi/DrakengardNieR_Multiplatform_NieR Automata_Vague Hope (Cold Rain).mid
ambiguous_other,DrakengardNieR,Multiplatform,NieR,Halua,,game_midi/DrakengardNieR_Multiplatform_NieR_Halua.mid
ambiguous_other,DrakengardNieR,Multiplatform,NieR,Kaine Salvation,,game_midi/DrakengardNieR_Multiplatform_NieR_Kaine Salvation.mid
ambiguous_likely_loop,DrakengardNieR,Multiplatform,NieR,Snow in Summer,"snow, summer",game_midi/DrakengardNieR_Multiplatform_NieR_Snow in Summer.mid
ambiguous_other,DrakengardNieR,Multiplatform,NieR,Yonah (Piano Ver),,game_midi/DrakengardNieR_Multiplatform_NieR_Yonah (Piano Ver).mid
ambiguous_other,DrakengardNieR,PlayStation 2,Drakengard,Fourth Chapter - On the Ground,,game_midi/DrakengardNieR_PlayStation 2_Drakengard_Fourth Chapter - On the Ground.mid
finite_song_or_cue,DrakengardNieR,PlayStation 2,Drakengard,Game Over Continue,game over,game_midi/DrakengardNieR_PlayStation 2_Drakengard_Game Over Continue.mid
ambiguous_other,DrakengardNieR,PlayStation 2,Drakengard,Growing Wings,,game_midi/DrakengardNieR_PlayStation 2_Drakengard_Growing Wings.mid
ambiguous_other,DrakengardNieR,PlayStation 2,Drakengard,Ninth Chapter - In the Sky 1,,game_midi/DrakengardNieR_PlayStation 2_Drakengard_Ninth Chapter - In the Sky 1.mid
ambiguous_other,DrakengardNieR,PlayStation 2,Drakengard,Seventh Chapter - In the Sky,,game_midi/DrakengardNieR_PlayStation 2_Drakengard_Seventh Chapter - In the Sky.mid
ambiguous_other,DrakengardNieR,PlayStation 2,Drakengard,Thirteenth Chapter - Closing,,game_midi/DrakengardNieR_PlayStation 2_Drakengard_Thirteenth Chapter - Closing.mid
ambiguous_other,DrakengardNieR,PlayStation 2,Drakengard,Twelfth Chapter - In the Sky,,game_midi/DrakengardNieR_PlayStation 2_Drakengard_Twelfth Chapter - In the Sky.mid
ambiguous_other,DrakengardNieR,PlayStation 3,Drakengard 3,Aethervox,,game_midi/DrakengardNieR_PlayStation 3_Drakengard 3_Aethervox.mid
ambiguous_other,DrakengardNieR,PlayStation 3,Drakengard 3,Censorial Sonata,,game_midi/DrakengardNieR_PlayStation 3_Drakengard 3_Censorial Sonata.mid
ambiguous_other,DrakengardNieR,PlayStation 3,Drakengard 3,Descendeus,,game_midi/DrakengardNieR_PlayStation 3_Drakengard 3_Descendeus.mid
ambiguous_other,EarthBoundMother,Game Boy Advance,Mother 3,16 Melodies (Beginning),,game_midi/EarthBoundMother_Game Boy Advance_Mother 3_16 Melodies (Beginning).mid
ambiguous_other,EarthBoundMother,Game Boy Advance,Mother 3,"A Tiny, Enormous Miracle",,"game_midi/EarthBoundMother_Game Boy Advance_Mother 3_A Tiny, Enormous Miracle.mid"
looping_gameplay_bgm,EarthBoundMother,Game Boy Advance,Mother 3,Beyond the Sunshine Forest,forest,game_midi/EarthBoundMother_Game Boy Advance_Mother 3_Beyond the Sunshine Forest.mid
ambiguous_other,EarthBoundMother,Game Boy Advance,Mother 3,Cumbersome Guys,,game_midi/EarthBoundMother_Game Boy Advance_Mother 3_Cumbersome Guys.mid
ambiguous_other,EarthBoundMother,Game Boy Advance,Mother 3,F-F-Fire!,,game_midi/EarthBoundMother_Game Boy Advance_Mother 3_F-F-Fire!.mid
ambiguous_other,EarthBoundMother,Game Boy Advance,Mother 3,Fate,,game_midi/EarthBoundMother_Game Boy Advance_Mother 3_Fate.mid
ambiguous_likely_loop,EarthBoundMother,Game Boy Advance,Mother 3,Gentle Rain,rain,game_midi/EarthBoundMother_Game Boy Advance_Mother 3_Gentle Rain.mid
ambiguous_other,EarthBoundMother,Game Boy Advance,Mother 3,"Letter From You, My Sweet",,"game_midi/EarthBoundMother_Game Boy Advance_Mother 3_Letter From You, My Sweet.mid"
ambiguous_other,EarthBoundMother,Game Boy Advance,Mother 3,Magypsy Party,,game_midi/EarthBoundMother_Game Boy Advance_Mother 3_Magypsy Party.mid
ambiguous_other,EarthBoundMother,Game Boy Advance,Mother 3,Memory of Life,,game_midi/EarthBoundMother_Game Boy Advance_Mother 3_Memory of Life.mid
ambiguous_other,EarthBoundMother,Game Boy Advance,Mother 3,Mind of a Thief,,game_midi/EarthBoundMother_Game Boy Advance_Mother 3_Mind of a Thief.mid
ambiguous_other,EarthBoundMother,Game Boy Advance,Mother 3,Monkeys Love Song,,game_midi/EarthBoundMother_Game Boy Advance_Mother 3_Monkeys Love Song.mid
ambiguous_likely_loop,EarthBoundMother,Game Boy Advance,Mother 3,Mother 3 Love Theme,theme,game_midi/EarthBoundMother_Game Boy Advance_Mother 3_Mother 3 Love Theme.mid
looping_gameplay_bgm,EarthBoundMother,Game Boy Advance,Mother 3,Murasaki Forest,forest,game_midi/EarthBoundMother_Game Boy Advance_Mother 3_Murasaki Forest.mid
ambiguous_other,EarthBoundMother,Game Boy Advance,Mother 3,Open Sesame Oil! Open Sesame Tofu!,,game_midi/EarthBoundMother_Game Boy Advance_Mother 3_Open Sesame Oil! Open Sesame Tofu!.mid
ambiguous_other,EarthBoundMother,Game Boy Advance,Mother 3,Rock n Roll (Spicy),,game_midi/EarthBoundMother_Game Boy Advance_Mother 3_Rock n Roll (Spicy).mid
ambiguous_other,EarthBoundMother,Game Boy Advance,Mother 3,Serious,,game_midi/EarthBoundMother_Game Boy Advance_Mother 3_Serious.mid
finite_song_or_cue,EarthBoundMother,Game Boy Advance,Mother 3,Shower Time Ballad,allad,game_midi/EarthBoundMother_Game Boy Advance_Mother 3_Shower Time Ballad.mid
finite_song_or_cue,EarthBoundMother,Game Boy Advance,Mother 3,Smashing Song of Praise,song of,game_midi/EarthBoundMother_Game Boy Advance_Mother 3_Smashing Song of Praise.mid
ambiguous_other,EarthBoundMother,Game Boy Advance,Mother 3,"Somewhere, Someday",,"game_midi/EarthBoundMother_Game Boy Advance_Mother 3_Somewhere, Someday.mid"
ambiguous_likely_loop,EarthBoundMother,Game Boy Advance,Mother 3,Title Theme,theme,game_midi/EarthBoundMother_Game Boy Advance_Mother 3_Title Theme.mid
ambiguous_other,EarthBoundMother,Game Boy Advance,Mother 3,Unfounded Revenge,,game_midi/EarthBoundMother_Game Boy Advance_Mother 3_Unfounded Revenge.mid
ambiguous_other,EarthBoundMother,Nintendo Entertainment System,EarthBound Beginnings,A Ghastly Site,,game_midi/EarthBoundMother_Nintendo Entertainment System_EarthBound Beginnings_A Ghastly Site.mid
ambiguous_other,EarthBoundMother,Nintendo Entertainment System,EarthBound Beginnings,Airplane Ride,,game_midi/EarthBoundMother_Nintendo Entertainment System_EarthBound Beginnings_Airplane Ride.mid
ambiguous_other,EarthBoundMother,Nintendo Entertainment System,EarthBound Beginnings,All That I Needed Was You,,game_midi/EarthBoundMother_Nintendo Entertainment System_EarthBound Beginnings_All That I Needed Was You.mid
ambiguous_other,EarthBoundMother,Nintendo Entertainment System,EarthBound Beginnings,Approaching Mt Itoi,,game_midi/EarthBoundMother_Nintendo Entertainment System_EarthBound Beginnings_Approaching Mt Itoi.mid
looping_gameplay_bgm,EarthBoundMother,Nintendo Entertainment System,EarthBound Beginnings,Battle Against a Powerful Foe,attle!?,game_midi/EarthBoundMother_Nintendo Entertainment System_EarthBound Beginnings_Battle Against a Powerful Foe.mid
looping_gameplay_bgm,EarthBoundMother,Nintendo Entertainment System,EarthBound Beginnings,Battle With A Flippant Foe,attle!?,game_midi/EarthBoundMother_Nintendo Entertainment System_EarthBound Beginnings_Battle With A Flippant Foe.mid
ambiguous_other,EarthBoundMother,Nintendo Entertainment System,EarthBound Beginnings,Bein Friends,,game_midi/EarthBoundMother_Nintendo Entertainment System_EarthBound Beginnings_Bein Friends.mid
ambiguous_other,EarthBoundMother,Nintendo Entertainment System,EarthBound Beginnings,Drugstore,,game_midi/EarthBoundMother_Nintendo Entertainment System_EarthBound Beginnings_Drugstore.mid
ambiguous_other,EarthBoundMother,Nintendo Entertainment System,EarthBound Beginnings,Eight Melodies,,game_midi/EarthBoundMother_Nintendo Entertainment System_EarthBound Beginnings_Eight Melodies.mid
looping_gameplay_bgm,EarthBoundMother,Nintendo Entertainment System,EarthBound Beginnings,Factory,factory,game_midi/EarthBoundMother_Nintendo Entertainment System_EarthBound Beginnings_Factory.mid
ambiguous_other,EarthBoundMother,Nintendo Entertainment System,EarthBound Beginnings,Fallin Love,,game_midi/EarthBoundMother_Nintendo Entertainment System_EarthBound Beginnings_Fallin Love.mid
looping_gameplay_bgm,EarthBoundMother,Nintendo Entertainment System,EarthBound Beginnings,Hippie Battle,attle!?,game_midi/EarthBoundMother_Nintendo Entertainment System_EarthBound Beginnings_Hippie Battle.mid
looping_gameplay_bgm,EarthBoundMother,Nintendo Entertainment System,EarthBound Beginnings,House,house,game_midi/EarthBoundMother_Nintendo Entertainment System_EarthBound Beginnings_House.mid
ambiguous_other,EarthBoundMother,Nintendo Entertainment System,EarthBound Beginnings,Magicant,,game_midi/EarthBoundMother_Nintendo Entertainment System_EarthBound Beginnings_Magicant.mid
ambiguous_other,EarthBoundMother,Nintendo Entertainment System,EarthBound Beginnings,Mother Earth,,game_midi/EarthBoundMother_Nintendo Entertainment System_EarthBound Beginnings_Mother Earth.mid
ambiguous_other,EarthBoundMother,Nintendo Entertainment System,EarthBound Beginnings,Pollyanna (I Believe in You),,game_midi/EarthBoundMother_Nintendo Entertainment System_EarthBound Beginnings_Pollyanna (I Believe in You).mid
ambiguous_other,EarthBoundMother,Nintendo Entertainment System,EarthBound Beginnings,Poltergeist,,game_midi/EarthBoundMother_Nintendo Entertainment System_EarthBound Beginnings_Poltergeist.mid
ambiguous_other,EarthBoundMother,Nintendo Entertainment System,EarthBound Beginnings,Snowman,,game_midi/EarthBoundMother_Nintendo Entertainment System_EarthBound Beginnings_Snowman.mid
finite_song_or_cue,EarthBoundMother,Nintendo Entertainment System,EarthBound Beginnings,The End,the end,game_midi/EarthBoundMother_Nintendo Entertainment System_EarthBound Beginnings_The End.mid
ambiguous_other,EarthBoundMother,Nintendo Entertainment System,EarthBound Beginnings,The Paradise Line,,game_midi/EarthBoundMother_Nintendo Entertainment System_EarthBound Beginnings_The Paradise Line.mid
ambiguous_other,EarthBoundMother,Nintendo Entertainment System,EarthBound Beginnings,The Tombstone,,game_midi/EarthBoundMother_Nintendo Entertainment System_EarthBound Beginnings_The Tombstone.mid
ambiguous_other,EarthBoundMother,Nintendo Entertainment System,EarthBound Beginnings,Twinkle Elementary,,game_midi/EarthBoundMother_Nintendo Entertainment System_EarthBound Beginnings_Twinkle Elementary.mid
looping_gameplay_bgm,EarthBoundMother,Nintendo Entertainment System,EarthBound Beginnings,Wisdom of the World (Queen Marys Castle),"world, castle",game_midi/EarthBoundMother_Nintendo Entertainment System_EarthBound Beginnings_Wisdom of the World (Queen Marys Castle).mid
finite_song_or_cue,EarthBoundMother,Nintendo Entertainment System,EarthBound Beginnings,You Won! Level Up Game Over,"game over, level up!?",game_midi/EarthBoundMother_Nintendo Entertainment System_EarthBound Beginnings_You Won! Level Up Game Over.mid
ambiguous_other,EarthBoundMother,Nintendo Entertainment System,EarthBound Beginnings,Youngtown,,game_midi/EarthBoundMother_Nintendo Entertainment System_EarthBound Beginnings_Youngtown.mid
looping_gameplay_bgm,EarthBoundMother,Nintendo Entertainment System,EarthBound Beginnings,Yucca Desert,desert,game_midi/EarthBoundMother_Nintendo Entertainment System_EarthBound Beginnings_Yucca Desert.mid
ambiguous_other,EarthBoundMother,Super Nintendo Entertainment System,EarthBound,A Flash of Memory,,game_midi/EarthBoundMother_Super Nintendo Entertainment System_EarthBound_A Flash of Memory.mid
ambiguous_likely_loop,EarthBoundMother,Super Nintendo Entertainment System,EarthBound,Apple Kids Theme,theme,game_midi/EarthBoundMother_Super Nintendo Entertainment System_EarthBound_Apple Kids Theme.mid
looping_gameplay_bgm,EarthBoundMother,Super Nintendo Entertainment System,EarthBound,Battle Against a Machine,attle!?,game_midi/EarthBoundMother_Super Nintendo Entertainment System_EarthBound_Battle Against a Machine.mid
looping_gameplay_bgm,EarthBoundMother,Super Nintendo Entertainment System,EarthBound,Battle Against a Weak Opponent,attle!?,game_midi/EarthBoundMother_Super Nintendo Entertainment System_EarthBound_Battle Against a Weak Opponent.mid
looping_gameplay_bgm,EarthBoundMother,Super Nintendo Entertainment System,EarthBound,Battle Against an Unsettling Opponent,attle!?,game_midi/EarthBoundMother_Super Nintendo Entertainment System_EarthBound_Battle Against an Unsettling Opponent.mid
ambiguous_other,EarthBoundMother,Super Nintendo Entertainment System,EarthBound,Because I Love You,,game_midi/EarthBoundMother_Super Nintendo Entertainment System_EarthBound_Because I Love You.mid
ambiguous_other,EarthBoundMother,Super Nintendo Entertainment System,EarthBound,Bed and Breakfast,,game_midi/EarthBoundMother_Super Nintendo Entertainment System_EarthBound_Bed and Breakfast.mid
ambiguous_other,EarthBoundMother,Super Nintendo Entertainment System,EarthBound,Boy Meets Girl (Twoson),,game_midi/EarthBoundMother_Super Nintendo Entertainment System_EarthBound_Boy Meets Girl (Twoson).mid
ambiguous_other,EarthBoundMother,Super Nintendo Entertainment System,EarthBound,Buy Somethin Will Ya!,,game_midi/EarthBoundMother_Super Nintendo Entertainment System_EarthBound_Buy Somethin Will Ya!.mid
ambiguous_other,EarthBoundMother,Super Nintendo Entertainment System,EarthBound,Dead-End Chaos Theater,,game_midi/EarthBoundMother_Super Nintendo Entertainment System_EarthBound_Dead-End Chaos Theater.mid
ambiguous_other,EarthBoundMother,Super Nintendo Entertainment System,EarthBound,Eight Melodies,,game_midi/EarthBoundMother_Super Nintendo Entertainment System_EarthBound_Eight Melodies.mid
ambiguous_other,EarthBoundMother,Super Nintendo Entertainment System,EarthBound,Enjoy Your Stay,,game_midi/EarthBoundMother_Super Nintendo Entertainment System_EarthBound_Enjoy Your Stay.mid
ambiguous_other,EarthBoundMother,Super Nintendo Entertainment System,EarthBound,Franky,,game_midi/EarthBoundMother_Super Nintendo Entertainment System_EarthBound_Franky.mid
ambiguous_other,EarthBoundMother,Super Nintendo Entertainment System,EarthBound,Get on the Bus,,game_midi/EarthBoundMother_Super Nintendo Entertainment System_EarthBound_Get on the Bus.mid
ambiguous_other,EarthBoundMother,Super Nintendo Entertainment System,EarthBound,"Good Friends, Bad Friends",,"game_midi/EarthBoundMother_Super Nintendo Entertainment System_EarthBound_Good Friends, Bad Friends.mid"
looping_gameplay_bgm,EarthBoundMother,Super Nintendo Entertainment System,EarthBound,Hi Hi Hi (Saturn Valley),valley,game_midi/EarthBoundMother_Super Nintendo Entertainment System_EarthBound_Hi Hi Hi (Saturn Valley).mid
ambiguous_other,EarthBoundMother,Super Nintendo Entertainment System,EarthBound,Home Sweet Home,,game_midi/EarthBoundMother_Super Nintendo Entertainment System_EarthBound_Home Sweet Home.mid
ambiguous_other,EarthBoundMother,Super Nintendo Entertainment System,EarthBound,Ness Bike,,game_midi/EarthBoundMother_Super Nintendo Entertainment System_EarthBound_Ness Bike.mid
ambiguous_likely_loop,EarthBoundMother,Super Nintendo Entertainment System,EarthBound,Paulas Theme,theme,game_midi/EarthBoundMother_Super Nintendo Entertainment System_EarthBound_Paulas Theme.mid
ambiguous_other,EarthBoundMother,Super Nintendo Entertainment System,EarthBound,Pokey Means Business!,,game_midi/EarthBoundMother_Super Nintendo Entertainment System_EarthBound_Pokey Means Business!.mid
ambiguous_other,EarthBoundMother,Super Nintendo Entertainment System,EarthBound,Sanctuary Guardian,,game_midi/EarthBoundMother_Super Nintendo Entertainment System_EarthBound_Sanctuary Guardian.mid
ambiguous_other,EarthBoundMother,Super Nintendo Entertainment System,EarthBound,Smiles and Tears,,game_midi/EarthBoundMother_Super Nintendo Entertainment System_EarthBound_Smiles and Tears.mid
ambiguous_other,EarthBoundMother,Super Nintendo Entertainment System,EarthBound,Snowman,,game_midi/EarthBoundMother_Super Nintendo Entertainment System_EarthBound_Snowman.mid
ambiguous_other,EarthBoundMother,Super Nintendo Entertainment System,EarthBound,"Summers, Eternal Tourist Trap",,"game_midi/EarthBoundMother_Super Nintendo Entertainment System_EarthBound_Summers, Eternal Tourist Trap.mid"
ambiguous_other,EarthBoundMother,Super Nintendo Entertainment System,EarthBound,Sunrise & Onett,,game_midi/EarthBoundMother_Super Nintendo Entertainment System_EarthBound_Sunrise & Onett.mid
ambiguous_other,EarthBoundMother,Super Nintendo Entertainment System,EarthBound,Super Dry Dance,,game_midi/EarthBoundMother_Super Nintendo Entertainment System_EarthBound_Super Dry Dance.mid
ambiguous_other,EarthBoundMother,Super Nintendo Entertainment System,EarthBound,The Metropolis of Fourside,,game_midi/EarthBoundMother_Super Nintendo Entertainment System_EarthBound_The Metropolis of Fourside.mid
ambiguous_other,EarthBoundMother,Super Nintendo Entertainment System,EarthBound,"Your Name, Please",,"game_midi/EarthBoundMother_Super Nintendo Entertainment System_EarthBound_Your Name, Please.mid"
looping_gameplay_bgm,F-Zero,64DD,F-Zero X Expansion Kit,Rainbow Road,road,game_midi/F-Zero_64DD_F-Zero X Expansion Kit_Rainbow Road.mid
ambiguous_other,F-Zero,Nintendo 64,F-Zero X,All Need is 30 Deaths,,game_midi/F-Zero_Nintendo 64_F-Zero X_All Need is 30 Deaths.mid
ambiguous_other,F-Zero,Nintendo 64,F-Zero X,Climb Up! And Get the Last Chance!,,game_midi/F-Zero_Nintendo 64_F-Zero X_Climb Up! And Get the Last Chance!.mid
ambiguous_other,F-Zero,Nintendo GameCube,F-Zero GX,Infinite Blue (Big Blue),,game_midi/F-Zero_Nintendo GameCube_F-Zero GX_Infinite Blue (Big Blue).mid
looping_gameplay_bgm,F-Zero,Nintendo GameCube,F-Zero GX,Planet Colors (Green Plant),planet,game_midi/F-Zero_Nintendo GameCube_F-Zero GX_Planet Colors (Green Plant).mid
ambiguous_other,F-Zero,Super Nintendo Entertainment System,F-Zero,Big Blue,,game_midi/F-Zero_Super Nintendo Entertainment System_F-Zero_Big Blue.mid
finite_song_or_cue,F-Zero,Super Nintendo Entertainment System,F-Zero,Ending Theme,"ending, ending theme",game_midi/F-Zero_Super Nintendo Entertainment System_F-Zero_Ending Theme.mid
looping_gameplay_bgm,F-Zero,Super Nintendo Entertainment System,F-Zero,Fire Field,field,game_midi/F-Zero_Super Nintendo Entertainment System_F-Zero_Fire Field.mid
looping_gameplay_bgm,F-Zero,Super Nintendo Entertainment System,F-Zero,Mute City,city,game_midi/F-Zero_Super Nintendo Entertainment System_F-Zero_Mute City.mid
ambiguous_other,Final Fantasy,Multiplatform,Final Fantasy XIII,FINAL FANTASY XIII - The Promise,,game_midi/Final Fantasy_Multiplatform_Final Fantasy XIII_FINAL FANTASY XIII - The Promise.mid
ambiguous_likely_loop,Final Fantasy,Multiplatform,Final Fantasy XIII,Lightnings Theme,theme,game_midi/Final Fantasy_Multiplatform_Final Fantasy XIII_Lightnings Theme.mid
ambiguous_other,Final Fantasy,Multiplatform,Final Fantasy XIII,Sabers Edge,,game_midi/Final Fantasy_Multiplatform_Final Fantasy XIII_Sabers Edge.mid
ambiguous_likely_loop,Final Fantasy,Multiplatform,Final Fantasy XIII,Vanilles Theme,theme,game_midi/Final Fantasy_Multiplatform_Final Fantasy XIII_Vanilles Theme.mid
ambiguous_other,Final Fantasy,Multiplatform,Final Fantasy XIV A Realm Reborn,Torn from the Heavens,,game_midi/Final Fantasy_Multiplatform_Final Fantasy XIV A Realm Reborn_Torn from the Heavens.mid
ambiguous_other,Final Fantasy,Multiplatform,Final Fantasy XIV Shadowbringers,What Angel Wakes Me,,game_midi/Final Fantasy_Multiplatform_Final Fantasy XIV Shadowbringers_What Angel Wakes Me.mid
looping_gameplay_bgm,Final Fantasy,Multiplatform,Final Fantasy XV,End of the Road,road,game_midi/Final Fantasy_Multiplatform_Final Fantasy XV_End of the Road.mid
looping_gameplay_bgm,Final Fantasy,Nintendo Entertainment System,Final Fantasy III,Ancients Village,village,game_midi/Final Fantasy_Nintendo Entertainment System_Final Fantasy III_Ancients Village.mid
looping_gameplay_bgm,Final Fantasy,Nintendo Entertainment System,Final Fantasy III,Battle 1,attle!?,game_midi/Final Fantasy_Nintendo Entertainment System_Final Fantasy III_Battle 1.mid
looping_gameplay_bgm,Final Fantasy,Nintendo Entertainment System,Final Fantasy III,Battle 2,attle!?,game_midi/Final Fantasy_Nintendo Entertainment System_Final Fantasy III_Battle 2.mid
ambiguous_other,Final Fantasy,Nintendo Entertainment System,Final Fantasy III,Djinns Curse,,game_midi/Final Fantasy_Nintendo Entertainment System_Final Fantasy III_Djinns Curse.mid
ambiguous_likely_loop,Final Fantasy,Nintendo Entertainment System,Final Fantasy III,Doga and Unei Theme,theme,game_midi/Final Fantasy_Nintendo Entertainment System_Final Fantasy III_Doga and Unei Theme.mid
ambiguous_other,Final Fantasy,Nintendo Entertainment System,Final Fantasy III,Eternal Wind,,game_midi/Final Fantasy_Nintendo Entertainment System_Final Fantasy III_Eternal Wind.mid
ambiguous_other,Final Fantasy,Nintendo Entertainment System,Final Fantasy III,Hometown of Ur,,game_midi/Final Fantasy_Nintendo Entertainment System_Final Fantasy III_Hometown of Ur.mid
ambiguous_other,Final Fantasy,Nintendo Entertainment System,Final Fantasy III,Jinn the Fire,,game_midi/Final Fantasy_Nintendo Entertainment System_Final Fantasy III_Jinn the Fire.mid
looping_gameplay_bgm,Final Fantasy,Nintendo Entertainment System,Final Fantasy III,Nept Temple,temple,game_midi/Final Fantasy_Nintendo Entertainment System_Final Fantasy III_Nept Temple.mid
looping_gameplay_bgm,Final Fantasy,Nintendo Entertainment System,Final Fantasy III,This is the Last Battle,attle!?,game_midi/Final Fantasy_Nintendo Entertainment System_Final Fantasy III_This is the Last Battle.mid
looping_gameplay_bgm,Final Fantasy,Nintendo Entertainment System,Final Fantasy II,Battle Theme 1,attle!?,game_midi/Final Fantasy_Nintendo Entertainment System_Final Fantasy II_Battle Theme 1.mid
looping_gameplay_bgm,Final Fantasy,Nintendo Entertainment System,Final Fantasy II,Battle Theme 2,attle!?,game_midi/Final Fantasy_Nintendo Entertainment System_Final Fantasy II_Battle Theme 2.mid
looping_gameplay_bgm,Final Fantasy,Nintendo Entertainment System,Final Fantasy II,Battle Theme 3 (Unused),attle!?,game_midi/Final Fantasy_Nintendo Entertainment System_Final Fantasy II_Battle Theme 3 (Unused).mid
looping_gameplay_bgm,Final Fantasy,Nintendo Entertainment System,Final Fantasy II,Castle Pandemonium,castle,game_midi/Final Fantasy_Nintendo Entertainment System_Final Fantasy II_Castle Pandemonium.mid
ambiguous_likely_loop,Final Fantasy,Nintendo Entertainment System,Final Fantasy II,Chocobo Theme,theme,game_midi/Final Fantasy_Nintendo Entertainment System_Final Fantasy II_Chocobo Theme.mid
ambiguous_likely_loop,Final Fantasy,Nintendo Entertainment System,Final Fantasy II,Main Theme,theme,game_midi/Final Fantasy_Nintendo Entertainment System_Final Fantasy II_Main Theme.mid
looping_gameplay_bgm,Final Fantasy,Nintendo Entertainment System,Final Fantasy II,Town,town,game_midi/Final Fantasy_Nintendo Entertainment System_Final Fantasy II_Town.mid
looping_gameplay_bgm,Final Fantasy,Nintendo Entertainment System,Final Fantasy,Airship,airship,game_midi/Final Fantasy_Nintendo Entertainment System_Final Fantasy_Airship.mid
looping_gameplay_bgm,Final Fantasy,Nintendo Entertainment System,Final Fantasy,Battle,attle!?,game_midi/Final Fantasy_Nintendo Entertainment System_Final Fantasy_Battle.mid
looping_gameplay_bgm,Final Fantasy,Nintendo Entertainment System,Final Fantasy,Chaos Temple,temple,game_midi/Final Fantasy_Nintendo Entertainment System_Final Fantasy_Chaos Temple.mid
ambiguous_other,Final Fantasy,Nintendo Entertainment System,Final Fantasy,Dead Music,,game_midi/Final Fantasy_Nintendo Entertainment System_Final Fantasy_Dead Music.mid
ambiguous_likely_loop,Final Fantasy,Nintendo Entertainment System,Final Fantasy,Main Theme,theme,game_midi/Final Fantasy_Nintendo Entertainment System_Final Fantasy_Main Theme.mid
looping_gameplay_bgm,Final Fantasy,Nintendo Entertainment System,Final Fantasy,Matoyas Cave,cave,game_midi/Final Fantasy_Nintendo Entertainment System_Final Fantasy_Matoyas Cave.mid
looping_gameplay_bgm,Final Fantasy,Nintendo Entertainment System,Final Fantasy,Menu,menu,game_midi/Final Fantasy_Nintendo Entertainment System_Final Fantasy_Menu.mid
looping_gameplay_bgm,Final Fantasy,Nintendo Entertainment System,Final Fantasy,Ocean Shrine,"shrine, ocean",game_midi/Final Fantasy_Nintendo Entertainment System_Final Fantasy_Ocean Shrine.mid
ambiguous_other,Final Fantasy,Nintendo Entertainment System,Final Fantasy,Prelude,,game_midi/Final Fantasy_Nintendo Entertainment System_Final Fantasy_Prelude.mid
looping_gameplay_bgm,Final Fantasy,Nintendo Entertainment System,Final Fantasy,Ship,ship,game_midi/Final Fantasy_Nintendo Entertainment System_Final Fantasy_Ship.mid
looping_gameplay_bgm,Final Fantasy,Nintendo Entertainment System,Final Fantasy,Shop,shop,game_midi/Final Fantasy_Nintendo Entertainment System_Final Fantasy_Shop.mid
finite_song_or_cue,Final Fantasy,Nintendo Entertainment System,Final Fantasy,Victory,victory!?,game_midi/Final Fantasy_Nintendo Entertainment System_Final Fantasy_Victory.mid
ambiguous_other,Final Fantasy,Nintendo GameCube,Final Fantasy Crystal Chronicles,Annual Festival,,game_midi/Final Fantasy_Nintendo GameCube_Final Fantasy Crystal Chronicles_Annual Festival.mid
ambiguous_other,Final Fantasy,Nintendo GameCube,Final Fantasy Crystal Chronicles,Departure,,game_midi/Final Fantasy_Nintendo GameCube_Final Fantasy Crystal Chronicles_Departure.mid
ambiguous_other,Final Fantasy,Nintendo GameCube,Final Fantasy Crystal Chronicles,Goblins Lair,,game_midi/Final Fantasy_Nintendo GameCube_Final Fantasy Crystal Chronicles_Goblins Lair.mid
ambiguous_other,Final Fantasy,Nintendo GameCube,Final Fantasy Crystal Chronicles,Leaving the Body Freely,,game_midi/Final Fantasy_Nintendo GameCube_Final Fantasy Crystal Chronicles_Leaving the Body Freely.mid
ambiguous_other,Final Fantasy,Nintendo GameCube,Final Fantasy Crystal Chronicles,Moschet Manor,,game_midi/Final Fantasy_Nintendo GameCube_Final Fantasy Crystal Chronicles_Moschet Manor.mid
ambiguous_other,Final Fantasy,Nintendo GameCube,Final Fantasy Crystal Chronicles,Mount Vellenge,,game_midi/Final Fantasy_Nintendo GameCube_Final Fantasy Crystal Chronicles_Mount Vellenge.mid
ambiguous_other,Final Fantasy,Nintendo GameCube,Final Fantasy Crystal Chronicles,Moving Clouds on the Rivers Surface,,game_midi/Final Fantasy_Nintendo GameCube_Final Fantasy Crystal Chronicles_Moving Clouds on the Rivers Surface.mid
ambiguous_other,Final Fantasy,Nintendo GameCube,Final Fantasy Crystal Chronicles,Promised Grace,,game_midi/Final Fantasy_Nintendo GameCube_Final Fantasy Crystal Chronicles_Promised Grace.mid
ambiguous_other,Final Fantasy,Nintendo GameCube,Final Fantasy Crystal Chronicles,Shella,,game_midi/Final Fantasy_Nintendo GameCube_Final Fantasy Crystal Chronicles_Shella.mid
ambiguous_other,Final Fantasy,Nintendo GameCube,Final Fantasy Crystal Chronicles,Twilight in Dreamland,,game_midi/Final Fantasy_Nintendo GameCube_Final Fantasy Crystal Chronicles_Twilight in Dreamland.mid
looping_gameplay_bgm,Final Fantasy,Nintendo GameCube,Final Fantasy Crystal Chronicles,Village of Origin,village,game_midi/Final Fantasy_Nintendo GameCube_Final Fantasy Crystal Chronicles_Village of Origin.mid
ambiguous_other,Final Fantasy,PS1,Final Fantasy VII,A High Wind Takes to the Skies_0,,game_midi/Final Fantasy_PS1_Final Fantasy VII_A High Wind Takes to the Skies_0.mid
ambiguous_other,Final Fantasy,PS1,Final Fantasy VII,Aeriths Theme_0,,game_midi/Final Fantasy_PS1_Final Fantasy VII_Aeriths Theme_0.mid
ambiguous_other,Final Fantasy,PS1,Final Fantasy VII,Ahead On Our Way Remix_0,,game_midi/Final Fantasy_PS1_Final Fantasy VII_Ahead On Our Way Remix_0.mid
ambiguous_other,Final Fantasy,PS1,Final Fantasy VII,Anxious Heart_0,,game_midi/Final Fantasy_PS1_Final Fantasy VII_Anxious Heart_0.mid
looping_gameplay_bgm,Final Fantasy,PS1,Final Fantasy VII,Battle Theme_0,attle!?,game_midi/Final Fantasy_PS1_Final Fantasy VII_Battle Theme_0.mid
ambiguous_other,Final Fantasy,PS1,Final Fantasy VII,Cait Siths Theme_0,,game_midi/Final Fantasy_PS1_Final Fantasy VII_Cait Siths Theme_0.mid
ambiguous_other,Final Fantasy,PS1,Final Fantasy VII,Chasing The Black Caped Man_0,,game_midi/Final Fantasy_PS1_Final Fantasy VII_Chasing The Black Caped Man_0.mid
ambiguous_other,Final Fantasy,PS1,Final Fantasy VII,Cinco de Chocobo_0,,game_midi/Final Fantasy_PS1_Final Fantasy VII_Cinco de Chocobo_0.mid
ambiguous_other,Final Fantasy,PS1,Final Fantasy VII,Continue_0,,game_midi/Final Fantasy_PS1_Final Fantasy VII_Continue_0.mid
ambiguous_other,Final Fantasy,PS1,Final Fantasy VII,Cosmo Canyon_0,,game_midi/Final Fantasy_PS1_Final Fantasy VII_Cosmo Canyon_0.mid
ambiguous_other,Final Fantasy,PS1,Final Fantasy VII,Costa Del Sol_0,,game_midi/Final Fantasy_PS1_Final Fantasy VII_Costa Del Sol_0.mid
ambiguous_other,Final Fantasy,PS1,Final Fantasy VII,Electric de Chocobo_0,,game_midi/Final Fantasy_PS1_Final Fantasy VII_Electric de Chocobo_0.mid
looping_gameplay_bgm,Final Fantasy,PS1,Final Fantasy VII,Fortress of the Condor_0,fortress,game_midi/Final Fantasy_PS1_Final Fantasy VII_Fortress of the Condor_0.mid
ambiguous_other,Final Fantasy,PS1,Final Fantasy VII,Gold Saucer_0,,game_midi/Final Fantasy_PS1_Final Fantasy VII_Gold Saucer_0.mid
ambiguous_other,Final Fantasy,PS1,Final Fantasy VII,Great Warrior_0,,game_midi/Final Fantasy_PS1_Final Fantasy VII_Great Warrior_0.mid
ambiguous_other,Final Fantasy,PS1,Final Fantasy VII,Holding My Thoughts in My Heart_0,,game_midi/Final Fantasy_PS1_Final Fantasy VII_Holding My Thoughts in My Heart_0.mid
ambiguous_other,Final Fantasy,PS1,Final Fantasy VII,Its Difficult To Stand On Both Feet Isnt It_0,,game_midi/Final Fantasy_PS1_Final Fantasy VII_Its Difficult To Stand On Both Feet Isnt It_0.mid
ambiguous_other,Final Fantasy,PS1,Final Fantasy VII,JENOVA_0,,game_midi/Final Fantasy_PS1_Final Fantasy VII_JENOVA_0.mid
ambiguous_other,Final Fantasy,PS1,Final Fantasy VII,Jenova Absolute_0,,game_midi/Final Fantasy_PS1_Final Fantasy VII_Jenova Absolute_0.mid
ambiguous_other,Final Fantasy,PS1,Final Fantasy VII,Judgement Day_0,,game_midi/Final Fantasy_PS1_Final Fantasy VII_Judgement Day_0.mid
ambiguous_other,Final Fantasy,PS1,Final Fantasy VII,Life Stream_0,,game_midi/Final Fantasy_PS1_Final Fantasy VII_Life Stream_0.mid
ambiguous_other,Final Fantasy,PS1,Final Fantasy VII,Lurking In The Darkness_0,,game_midi/Final Fantasy_PS1_Final Fantasy VII_Lurking In The Darkness_0.mid
ambiguous_other,Final Fantasy,PS1,Final Fantasy VII,Main Theme_0,,game_midi/Final Fantasy_PS1_Final Fantasy VII_Main Theme_0.mid
ambiguous_other,Final Fantasy,PS1,Final Fantasy VII,Mark of the Traitor_0,,game_midi/Final Fantasy_PS1_Final Fantasy VII_Mark of the Traitor_0.mid
ambiguous_other,Final Fantasy,PS1,Final Fantasy VII,Mining Town_0,,game_midi/Final Fantasy_PS1_Final Fantasy VII_Mining Town_0.mid
ambiguous_likely_loop,Final Fantasy,PS1,Final Fantasy VII,On That Day 5 Years Ago_0,day,game_midi/Final Fantasy_PS1_Final Fantasy VII_On That Day 5 Years Ago_0.mid
ambiguous_other,Final Fantasy,PS1,Final Fantasy VII,One Winged Angel Reborn Arrangement_0,,game_midi/Final Fantasy_PS1_Final Fantasy VII_One Winged Angel Reborn Arrangement_0.mid
ambiguous_other,Final Fantasy,PS1,Final Fantasy VII,One Winged Angel_0,,game_midi/Final Fantasy_PS1_Final Fantasy VII_One Winged Angel_0.mid
ambiguous_other,Final Fantasy,PS1,Final Fantasy VII,Oppressed People_0,,game_midi/Final Fantasy_PS1_Final Fantasy VII_Oppressed People_0.mid
ambiguous_other,Final Fantasy,PS1,Final Fantasy VII,Overworld_0,,game_midi/Final Fantasy_PS1_Final Fantasy VII_Overworld_0.mid
ambiguous_other,Final Fantasy,PS1,Final Fantasy VII,Rufuss Welcoming Ceremony_0,,game_midi/Final Fantasy_PS1_Final Fantasy VII_Rufuss Welcoming Ceremony_0.mid
ambiguous_other,Final Fantasy,PS1,Final Fantasy VII,Sandy Badlands_0,,game_midi/Final Fantasy_PS1_Final Fantasy VII_Sandy Badlands_0.mid
ambiguous_other,Final Fantasy,PS1,Final Fantasy VII,The Nightmare Begins_0,,game_midi/Final Fantasy_PS1_Final Fantasy VII_The Nightmare Begins_0.mid
ambiguous_other,Final Fantasy,PS1,Final Fantasy VII,Those Chosen By the Planet_0,,game_midi/Final Fantasy_PS1_Final Fantasy VII_Those Chosen By the Planet_0.mid
ambiguous_other,Final Fantasy,PS1,Final Fantasy VII,Tifa_0,,game_midi/Final Fantasy_PS1_Final Fantasy VII_Tifa_0.mid
ambiguous_other,Final Fantasy,PS1,Final Fantasy VII,Trail of Blood_0,,game_midi/Final Fantasy_PS1_Final Fantasy VII_Trail of Blood_0.mid
ambiguous_other,Final Fantasy,PS1,Final Fantasy VII,Vincents Theme_0,,game_midi/Final Fantasy_PS1_Final Fantasy VII_Vincents Theme_0.mid
ambiguous_other,Final Fantasy,PS1,Final Fantasy VII,Waltz de Chocobo_0,,game_midi/Final Fantasy_PS1_Final Fantasy VII_Waltz de Chocobo_0.mid
ambiguous_other,Final Fantasy,PS1,Final Fantasy VII,Weapon Raid_0,,game_midi/Final Fantasy_PS1_Final Fantasy VII_Weapon Raid_0.mid
ambiguous_other,Final Fantasy,PS1,Final Fantasy VII,Who Are You_0,,game_midi/Final Fantasy_PS1_Final Fantasy VII_Who Are You_0.mid
finite_song_or_cue,Final Fantasy,PlayStation 2,Final Fantasy XII,Game Over,game over,game_midi/Final Fantasy_PlayStation 2_Final Fantasy XII_Game Over.mid
ambiguous_likely_loop,Final Fantasy,PlayStation 2,Final Fantasy X,A Fleeting Dream,dream,game_midi/Final Fantasy_PlayStation 2_Final Fantasy X_A Fleeting Dream.mid
ambiguous_likely_loop,Final Fantasy,PlayStation 2,Final Fantasy X,Aurons Theme,theme,game_midi/Final Fantasy_PlayStation 2_Final Fantasy X_Aurons Theme.mid
ambiguous_other,Final Fantasy,PlayStation 2,Final Fantasy X,Bravely Forward,,game_midi/Final Fantasy_PlayStation 2_Final Fantasy X_Bravely Forward.mid
ambiguous_other,Final Fantasy,PlayStation 2,Final Fantasy X,Calm Before the Storm,,game_midi/Final Fantasy_PlayStation 2_Final Fantasy X_Calm Before the Storm.mid
ambiguous_other,Final Fantasy,PlayStation 2,Final Fantasy X,Hymn (Variations),,game_midi/Final Fantasy_PlayStation 2_Final Fantasy X_Hymn (Variations).mid
ambiguous_other,Final Fantasy,PlayStation 2,Final Fantasy X,To Zanarkand,,game_midi/Final Fantasy_PlayStation 2_Final Fantasy X_To Zanarkand.mid
ambiguous_likely_loop,Final Fantasy,PlayStation 2,Final Fantasy X,Yunas Theme,theme,game_midi/Final Fantasy_PlayStation 2_Final Fantasy X_Yunas Theme.mid
ambiguous_other,Final Fantasy,PlayStation Portable,Crisis Core Final Fantasy VII,Burden of Truth,,game_midi/Final Fantasy_PlayStation Portable_Crisis Core Final Fantasy VII_Burden of Truth.mid
ambiguous_other,Final Fantasy,PlayStation,Final Fantasy IX,All Hail the New Queen,,game_midi/Final Fantasy_PlayStation_Final Fantasy IX_All Hail the New Queen.mid
looping_gameplay_bgm,Final Fantasy,PlayStation,Final Fantasy IX,Boss Battle,"attle!?, oss",game_midi/Final Fantasy_PlayStation_Final Fantasy IX_Boss Battle.mid
ambiguous_other,Final Fantasy,PlayStation,Final Fantasy IX,Esto Gaza,,game_midi/Final Fantasy_PlayStation_Final Fantasy IX_Esto Gaza.mid
ambiguous_likely_loop,Final Fantasy,PlayStation,Final Fantasy IX,Kujas Theme,theme,game_midi/Final Fantasy_PlayStation_Final Fantasy IX_Kujas Theme.mid
ambiguous_other,Final Fantasy,PlayStation,Final Fantasy IX,Prelude,,game_midi/Final Fantasy_PlayStation_Final Fantasy IX_Prelude.mid
ambiguous_other,Final Fantasy,PlayStation,Final Fantasy IX,Rose of May,,game_midi/Final Fantasy_PlayStation_Final Fantasy IX_Rose of May.mid
ambiguous_other,Final Fantasy,PlayStation,Final Fantasy IX,Unforgettable Silhouette,,game_midi/Final Fantasy_PlayStation_Final Fantasy IX_Unforgettable Silhouette.mid
ambiguous_other,Final Fantasy,PlayStation,Final Fantasy IX,Youre Not Alone,,game_midi/Final Fantasy_PlayStation_Final Fantasy IX_Youre Not Alone.mid
ambiguous_other,Final Fantasy,PlayStation,Final Fantasy VIII,Dont be Afraid,,game_midi/Final Fantasy_PlayStation_Final Fantasy VIII_Dont be Afraid.mid
ambiguous_other,Final Fantasy,PlayStation,Final Fantasy VIII,FITHOS LUSEC WECOS VINOSEC,,game_midi/Final Fantasy_PlayStation_Final Fantasy VIII_FITHOS LUSEC WECOS VINOSEC.mid
ambiguous_other,Final Fantasy,PlayStation,Final Fantasy VIII,Force Your Way,,game_midi/Final Fantasy_PlayStation_Final Fantasy VIII_Force Your Way.mid
ambiguous_other,Final Fantasy,PlayStation,Final Fantasy VIII,Liberi Fatali (Children of Fate),,game_midi/Final Fantasy_PlayStation_Final Fantasy VIII_Liberi Fatali (Children of Fate).mid
ambiguous_other,Final Fantasy,PlayStation,Final Fantasy VIII,Movin,,game_midi/Final Fantasy_PlayStation_Final Fantasy VIII_Movin.mid
ambiguous_other,Final Fantasy,PlayStation,Final Fantasy VIII,Only a Plank Between One and Perdition,,game_midi/Final Fantasy_PlayStation_Final Fantasy VIII_Only a Plank Between One and Perdition.mid
ambiguous_other,Final Fantasy,PlayStation,Final Fantasy VIII,Overture,,game_midi/Final Fantasy_PlayStation_Final Fantasy VIII_Overture.mid
looping_gameplay_bgm,Final Fantasy,PlayStation,Final Fantasy VIII,The Castle,castle,game_midi/Final Fantasy_PlayStation_Final Fantasy VIII_The Castle.mid
ambiguous_other,Final Fantasy,PlayStation,Final Fantasy VIII,The Landing,,game_midi/Final Fantasy_PlayStation_Final Fantasy VIII_The Landing.mid
ambiguous_other,Final Fantasy,PlayStation,Final Fantasy VIII,The Legendary Beast,,game_midi/Final Fantasy_PlayStation_Final Fantasy VIII_The Legendary Beast.mid
ambiguous_other,Final Fantasy,PlayStation,Final Fantasy VIII,The Loser,,game_midi/Final Fantasy_PlayStation_Final Fantasy VIII_The Loser.mid
ambiguous_other,Final Fantasy,PlayStation,Final Fantasy VIII,The Salt Flats,,game_midi/Final Fantasy_PlayStation_Final Fantasy VIII_The Salt Flats.mid
looping_gameplay_bgm,Final Fantasy,PlayStation,Final Fantasy VIII,The Stage is Set,stage,game_midi/Final Fantasy_PlayStation_Final Fantasy VIII_The Stage is Set.mid
looping_gameplay_bgm,Final Fantasy,Super Nintendo Entertainment System,Final Fantasy IV,Another Moon,moon,game_midi/Final Fantasy_Super Nintendo Entertainment System_Final Fantasy IV_Another Moon.mid
looping_gameplay_bgm,Final Fantasy,Super Nintendo Entertainment System,Final Fantasy IV,Battle 1,attle!?,game_midi/Final Fantasy_Super Nintendo Entertainment System_Final Fantasy IV_Battle 1.mid
looping_gameplay_bgm,Final Fantasy,Super Nintendo Entertainment System,Final Fantasy IV,Battle 2,attle!?,game_midi/Final Fantasy_Super Nintendo Entertainment System_Final Fantasy IV_Battle 2.mid
ambiguous_other,Final Fantasy,Super Nintendo Entertainment System,Final Fantasy IV,Chocobo,,game_midi/Final Fantasy_Super Nintendo Entertainment System_Final Fantasy IV_Chocobo.mid
ambiguous_other,Final Fantasy,Super Nintendo Entertainment System,Final Fantasy IV,Dancing Calcobrena,,game_midi/Final Fantasy_Super Nintendo Entertainment System_Final Fantasy IV_Dancing Calcobrena.mid
finite_song_or_cue,Final Fantasy,Super Nintendo Entertainment System,Final Fantasy IV,Fanfare,fanfare,game_midi/Final Fantasy_Super Nintendo Entertainment System_Final Fantasy IV_Fanfare.mid
ambiguous_other,Final Fantasy,Super Nintendo Entertainment System,Final Fantasy IV,"Golbez, Clad in the Darkness",,"game_midi/Final Fantasy_Super Nintendo Entertainment System_Final Fantasy IV_Golbez, Clad in the Darkness.mid"
ambiguous_other,Final Fantasy,Super Nintendo Entertainment System,Final Fantasy IV,Kingdom Baron,,game_midi/Final Fantasy_Super Nintendo Entertainment System_Final Fantasy IV_Kingdom Baron.mid
ambiguous_other,Final Fantasy,Super Nintendo Entertainment System,Final Fantasy IV,Mt Ordeals,,game_midi/Final Fantasy_Super Nintendo Entertainment System_Final Fantasy IV_Mt Ordeals.mid
ambiguous_other,Final Fantasy,Super Nintendo Entertainment System,Final Fantasy IV,Red Wings,,game_midi/Final Fantasy_Super Nintendo Entertainment System_Final Fantasy IV_Red Wings.mid
looping_gameplay_bgm,Final Fantasy,Super Nintendo Entertainment System,Final Fantasy IV,The Airship,airship,game_midi/Final Fantasy_Super Nintendo Entertainment System_Final Fantasy IV_The Airship.mid
looping_gameplay_bgm,Final Fantasy,Super Nintendo Entertainment System,Final Fantasy IV,The Dreadful Fight,fight,game_midi/Final Fantasy_Super Nintendo Entertainment System_Final Fantasy IV_The Dreadful Fight.mid
looping_gameplay_bgm,Final Fantasy,Super Nintendo Entertainment System,Final Fantasy IV,The Final Battle,attle!?,game_midi/Final Fantasy_Super Nintendo Entertainment System_Final Fantasy IV_The Final Battle.mid
ambiguous_likely_loop,Final Fantasy,Super Nintendo Entertainment System,Final Fantasy IV,Theme of Love,theme,game_midi/Final Fantasy_Super Nintendo Entertainment System_Final Fantasy IV_Theme of Love.mid
looping_gameplay_bgm,Final Fantasy,Super Nintendo Entertainment System,Final Fantasy IV,Tower of Babil,tower,game_midi/Final Fantasy_Super Nintendo Entertainment System_Final Fantasy IV_Tower of Babil.mid
ambiguous_other,Final Fantasy,Super Nintendo Entertainment System,Final Fantasy VI,Balance Is Restored,,game_midi/Final Fantasy_Super Nintendo Entertainment System_Final Fantasy VI_Balance Is Restored.mid
looping_gameplay_bgm,Final Fantasy,Super Nintendo Entertainment System,Final Fantasy VI,Battle to the Death,attle!?,game_midi/Final Fantasy_Super Nintendo Entertainment System_Final Fantasy VI_Battle to the Death.mid
looping_gameplay_bgm,Final Fantasy,Super Nintendo Entertainment System,Final Fantasy VI,Battle,attle!?,game_midi/Final Fantasy_Super Nintendo Entertainment System_Final Fantasy VI_Battle.mid
ambiguous_likely_loop,Final Fantasy,Super Nintendo Entertainment System,Final Fantasy VI,Cyans Theme,theme,game_midi/Final Fantasy_Super Nintendo Entertainment System_Final Fantasy VI_Cyans Theme.mid
ambiguous_other,Final Fantasy,Super Nintendo Entertainment System,Final Fantasy VI,Dancing Mad,,game_midi/Final Fantasy_Super Nintendo Entertainment System_Final Fantasy VI_Dancing Mad.mid
looping_gameplay_bgm,Final Fantasy,Super Nintendo Entertainment System,Final Fantasy VI,Dark World,world,game_midi/Final Fantasy_Super Nintendo Entertainment System_Final Fantasy VI_Dark World.mid
ambiguous_other,Final Fantasy,Super Nintendo Entertainment System,Final Fantasy VI,Kefka,,game_midi/Final Fantasy_Super Nintendo Entertainment System_Final Fantasy VI_Kefka.mid
ambiguous_other,Final Fantasy,Super Nintendo Entertainment System,Final Fantasy VI,Phantom Train,,game_midi/Final Fantasy_Super Nintendo Entertainment System_Final Fantasy VI_Phantom Train.mid
ambiguous_other,Final Fantasy,Super Nintendo Entertainment System,Final Fantasy VI,Slam Shuffle,,game_midi/Final Fantasy_Super Nintendo Entertainment System_Final Fantasy VI_Slam Shuffle.mid
ambiguous_other,Final Fantasy,Super Nintendo Entertainment System,Final Fantasy VI,Spinach Rag,,game_midi/Final Fantasy_Super Nintendo Entertainment System_Final Fantasy VI_Spinach Rag.mid
ambiguous_likely_loop,Final Fantasy,Super Nintendo Entertainment System,Final Fantasy VI,Stragos Theme,theme,game_midi/Final Fantasy_Super Nintendo Entertainment System_Final Fantasy VI_Stragos Theme.mid
ambiguous_likely_loop,Final Fantasy,Super Nintendo Entertainment System,Final Fantasy VI,Terras Theme,theme,game_midi/Final Fantasy_Super Nintendo Entertainment System_Final Fantasy VI_Terras Theme.mid
ambiguous_likely_loop,Final Fantasy,Super Nintendo Entertainment System,Final Fantasy VI,The Day After,day,game_midi/Final Fantasy_Super Nintendo Entertainment System_Final Fantasy VI_The Day After.mid
looping_gameplay_bgm,Final Fantasy,Super Nintendo Entertainment System,Final Fantasy VI,The Decisive Battle,attle!?,game_midi/Final Fantasy_Super Nintendo Entertainment System_Final Fantasy VI_The Decisive Battle.mid
looping_gameplay_bgm,Final Fantasy,Super Nintendo Entertainment System,Final Fantasy VI,The Devils Lab,lab(oratory)?,game_midi/Final Fantasy_Super Nintendo Entertainment System_Final Fantasy VI_The Devils Lab.mid
ambiguous_other,Final Fantasy,Super Nintendo Entertainment System,Final Fantasy VI,The Mines of Narshe,,game_midi/Final Fantasy_Super Nintendo Entertainment System_Final Fantasy VI_The Mines of Narshe.mid
looping_gameplay_bgm,Final Fantasy,Super Nintendo Entertainment System,Final Fantasy VI,Town 2 (Unreleased Track),"track, town",game_midi/Final Fantasy_Super Nintendo Entertainment System_Final Fantasy VI_Town 2 (Unreleased Track).mid
finite_song_or_cue,Final Fantasy,Super Nintendo Entertainment System,Final Fantasy VI,Victory Fanfare,"victory!?, fanfare",game_midi/Final Fantasy_Super Nintendo Entertainment System_Final Fantasy VI_Victory Fanfare.mid
looping_gameplay_bgm,Final Fantasy,Super Nintendo Entertainment System,Final Fantasy V,A New World,world,game_midi/Final Fantasy_Super Nintendo Entertainment System_Final Fantasy V_A New World.mid
looping_gameplay_bgm,Final Fantasy,Super Nintendo Entertainment System,Final Fantasy V,Battle 1,attle!?,game_midi/Final Fantasy_Super Nintendo Entertainment System_Final Fantasy V_Battle 1.mid
looping_gameplay_bgm,Final Fantasy,Super Nintendo Entertainment System,Final Fantasy V,Battle 2,attle!?,game_midi/Final Fantasy_Super Nintendo Entertainment System_Final Fantasy V_Battle 2.mid
looping_gameplay_bgm,Final Fantasy,Super Nintendo Entertainment System,Final Fantasy V,Battle at the Big Bridge,attle!?,game_midi/Final Fantasy_Super Nintendo Entertainment System_Final Fantasy V_Battle at the Big Bridge.mid
ambiguous_other,Final Fantasy,Super Nintendo Entertainment System,Final Fantasy V,Close Call,,game_midi/Final Fantasy_Super Nintendo Entertainment System_Final Fantasy V_Close Call.mid
ambiguous_other,Final Fantasy,Super Nintendo Entertainment System,Final Fantasy V,Cursed Lands,,game_midi/Final Fantasy_Super Nintendo Entertainment System_Final Fantasy V_Cursed Lands.mid
finite_song_or_cue,Final Fantasy,Super Nintendo Entertainment System,Final Fantasy V,Ending Theme,"ending, ending theme",game_midi/Final Fantasy_Super Nintendo Entertainment System_Final Fantasy V_Ending Theme.mid
looping_gameplay_bgm,Final Fantasy,Super Nintendo Entertainment System,Final Fantasy V,Exdeaths Castle,castle,game_midi/Final Fantasy_Super Nintendo Entertainment System_Final Fantasy V_Exdeaths Castle.mid
ambiguous_other,Final Fantasy,Super Nintendo Entertainment System,Final Fantasy V,Hurry! Hurry!,,game_midi/Final Fantasy_Super Nintendo Entertainment System_Final Fantasy V_Hurry! Hurry!.mid
ambiguous_other,Final Fantasy,Super Nintendo Entertainment System,Final Fantasy V,Library of Ancients,,game_midi/Final Fantasy_Super Nintendo Entertainment System_Final Fantasy V_Library of Ancients.mid
ambiguous_likely_loop,Final Fantasy,Super Nintendo Entertainment System,Final Fantasy V,Main Theme of FINAL FANTASY V,theme,game_midi/Final Fantasy_Super Nintendo Entertainment System_Final Fantasy V_Main Theme of FINAL FANTASY V.mid
ambiguous_other,Final Fantasy,Super Nintendo Entertainment System,Final Fantasy V,Sealed Away,,game_midi/Final Fantasy_Super Nintendo Entertainment System_Final Fantasy V_Sealed Away.mid
ambiguous_other,Final Fantasy,Super Nintendo Entertainment System,Final Fantasy V,Sealed Book,,game_midi/Final Fantasy_Super Nintendo Entertainment System_Final Fantasy V_Sealed Book.mid
ambiguous_other,Final Fantasy,Super Nintendo Entertainment System,Final Fantasy V,Spreading Grand Wings,,game_midi/Final Fantasy_Super Nintendo Entertainment System_Final Fantasy V_Spreading Grand Wings.mid
looping_gameplay_bgm,Final Fantasy,Super Nintendo Entertainment System,Final Fantasy V,The Decisive Battle,attle!?,game_midi/Final Fantasy_Super Nintendo Entertainment System_Final Fantasy V_The Decisive Battle.mid
ambiguous_other,Final Fantasy,Super Nintendo Entertainment System,Final Fantasy V,The Evil Lord Exdeath,,game_midi/Final Fantasy_Super Nintendo Entertainment System_Final Fantasy V_The Evil Lord Exdeath.mid
looping_gameplay_bgm,Final Fantasy,Super Nintendo Entertainment System,Final Fantasy V,The Final Battle,attle!?,game_midi/Final Fantasy_Super Nintendo Entertainment System_Final Fantasy V_The Final Battle.mid
looping_gameplay_bgm,Final Fantasy,Super Nintendo Entertainment System,Final Fantasy V,Town Theme,town,game_midi/Final Fantasy_Super Nintendo Entertainment System_Final Fantasy V_Town Theme.mid
finite_song_or_cue,Final Fantasy,Super Nintendo Entertainment System,Final Fantasy V,Victory Fanfare,"victory!?, fanfare",game_midi/Final Fantasy_Super Nintendo Entertainment System_Final Fantasy V_Victory Fanfare.mid
ambiguous_other,Final Fantasy,Wii,Final Fantasy Crystal Chronicles My Life as a King,A New Home,,game_midi/Final Fantasy_Wii_Final Fantasy Crystal Chronicles My Life as a King_A New Home.mid
ambiguous_other,Fire Emblem,Game Boy Advance,Fire Emblem The Binding Blade,Beyond Distant Skies - Roys Departure,,game_midi/Fire Emblem_Game Boy Advance_Fire Emblem The Binding Blade_Beyond Distant Skies - Roys Departure.mid
ambiguous_other,Fire Emblem,Game Boy Advance,Fire Emblem The Binding Blade,Dark Priestess,,game_midi/Fire Emblem_Game Boy Advance_Fire Emblem The Binding Blade_Dark Priestess.mid
ambiguous_other,Fire Emblem,Game Boy Advance,Fire Emblem The Binding Blade,Shaman in the Dark,,game_midi/Fire Emblem_Game Boy Advance_Fire Emblem The Binding Blade_Shaman in the Dark.mid
ambiguous_other,Fire Emblem,Game Boy Advance,Fire Emblem The Blazing Blade,Anguish,,game_midi/Fire Emblem_Game Boy Advance_Fire Emblem The Blazing Blade_Anguish.mid
ambiguous_other,Fire Emblem,Game Boy Advance,Fire Emblem The Blazing Blade,Black Fang,,game_midi/Fire Emblem_Game Boy Advance_Fire Emblem The Blazing Blade_Black Fang.mid
ambiguous_other,Fire Emblem,Game Boy Advance,Fire Emblem The Blazing Blade,Distant Travels,,game_midi/Fire Emblem_Game Boy Advance_Fire Emblem The Blazing Blade_Distant Travels.mid
ambiguous_other,Fire Emblem,Game Boy Advance,Fire Emblem The Blazing Blade,Everything into the Dark,,game_midi/Fire Emblem_Game Boy Advance_Fire Emblem The Blazing Blade_Everything into the Dark.mid
ambiguous_other,Fire Emblem,Game Boy Advance,Fire Emblem The Blazing Blade,Fortune-Telling,,game_midi/Fire Emblem_Game Boy Advance_Fire Emblem The Blazing Blade_Fortune-Telling.mid
looping_gameplay_bgm,Fire Emblem,Game Boy Advance,Fire Emblem The Blazing Blade,Girl of the Plains Lyns Theme,plains,game_midi/Fire Emblem_Game Boy Advance_Fire Emblem The Blazing Blade_Girl of the Plains Lyns Theme.mid
ambiguous_other,Fire Emblem,Game Boy Advance,Fire Emblem The Blazing Blade,Going My Way,,game_midi/Fire Emblem_Game Boy Advance_Fire Emblem The Blazing Blade_Going My Way.mid
ambiguous_other,Fire Emblem,Game Boy Advance,Fire Emblem The Blazing Blade,Lyns Desire,,game_midi/Fire Emblem_Game Boy Advance_Fire Emblem The Blazing Blade_Lyns Desire.mid
ambiguous_other,Fire Emblem,Game Boy Advance,Fire Emblem The Blazing Blade,Reminiscence,,game_midi/Fire Emblem_Game Boy Advance_Fire Emblem The Blazing Blade_Reminiscence.mid
ambiguous_other,Fire Emblem,Game Boy Advance,Fire Emblem The Blazing Blade,Requiem,,game_midi/Fire Emblem_Game Boy Advance_Fire Emblem The Blazing Blade_Requiem.mid
ambiguous_other,Fire Emblem,Game Boy Advance,Fire Emblem The Blazing Blade,Shadow Approaches,,game_midi/Fire Emblem_Game Boy Advance_Fire Emblem The Blazing Blade_Shadow Approaches.mid
ambiguous_other,Fire Emblem,Game Boy Advance,Fire Emblem The Blazing Blade,Shattered Life,,game_midi/Fire Emblem_Game Boy Advance_Fire Emblem The Blazing Blade_Shattered Life.mid
ambiguous_other,Fire Emblem,Game Boy Advance,Fire Emblem The Blazing Blade,Strike,,game_midi/Fire Emblem_Game Boy Advance_Fire Emblem The Blazing Blade_Strike.mid
ambiguous_other,Fire Emblem,Game Boy Advance,Fire Emblem The Blazing Blade,"Together, We Ride!",,"game_midi/Fire Emblem_Game Boy Advance_Fire Emblem The Blazing Blade_Together, We Ride!.mid"
ambiguous_other,Fire Emblem,Game Boy Advance,Fire Emblem The Sacred Stones,Combat Preparations,,game_midi/Fire Emblem_Game Boy Advance_Fire Emblem The Sacred Stones_Combat Preparations.mid
ambiguous_other,Fire Emblem,Game Boy Advance,Fire Emblem The Sacred Stones,Comrades,,game_midi/Fire Emblem_Game Boy Advance_Fire Emblem The Sacred Stones_Comrades.mid
looping_gameplay_bgm,Fire Emblem,Game Boy Advance,Fire Emblem The Sacred Stones,Final Battle,attle!?,game_midi/Fire Emblem_Game Boy Advance_Fire Emblem The Sacred Stones_Final Battle.mid
ambiguous_other,Fire Emblem,Game Boy Advance,Fire Emblem The Sacred Stones,Lost Heart,,game_midi/Fire Emblem_Game Boy Advance_Fire Emblem The Sacred Stones_Lost Heart.mid
ambiguous_other,Fire Emblem,Game Boy Advance,Fire Emblem The Sacred Stones,Lyon (Organ Arrangement),,game_midi/Fire Emblem_Game Boy Advance_Fire Emblem The Sacred Stones_Lyon (Organ Arrangement).mid
ambiguous_other,Fire Emblem,Game Boy Advance,Fire Emblem The Sacred Stones,Lyon,,game_midi/Fire Emblem_Game Boy Advance_Fire Emblem The Sacred Stones_Lyon.mid
ambiguous_other,Fire Emblem,Game Boy Advance,Fire Emblem The Sacred Stones,Rise Above,,game_midi/Fire Emblem_Game Boy Advance_Fire Emblem The Sacred Stones_Rise Above.mid
ambiguous_other,Fire Emblem,Game Boy Advance,Fire Emblem The Sacred Stones,The Princes Despair,,game_midi/Fire Emblem_Game Boy Advance_Fire Emblem The Sacred Stones_The Princes Despair.mid
ambiguous_other,Fire Emblem,Mobile,Fire Emblem Heroes,Gear Up For,,game_midi/Fire Emblem_Mobile_Fire Emblem Heroes_Gear Up For.mid
ambiguous_other,Fire Emblem,Mobile,Fire Emblem Heroes,Serious 6,,game_midi/Fire Emblem_Mobile_Fire Emblem Heroes_Serious 6.mid
ambiguous_other,Fire Emblem,Mobile,Fire Emblem Heroes,Serious 6b,,game_midi/Fire Emblem_Mobile_Fire Emblem Heroes_Serious 6b.mid
ambiguous_other,Fire Emblem,Nintendo 3DS,Fire Emblem Awakening,,,game_midi/Fire Emblem_Nintendo 3DS_Fire Emblem Awakening_.mid
ambiguous_other,Fire Emblem,Nintendo 3DS,Fire Emblem Awakening,Agh! Won goph in mah mouph! Blech! Ptooey!,,game_midi/Fire Emblem_Nintendo 3DS_Fire Emblem Awakening_Agh! Won goph in mah mouph! Blech! Ptooey!.mid
ambiguous_other,Fire Emblem,Nintendo 3DS,Fire Emblem Awakening,And what if I cant? What if Im not worthy of her ideals?,,game_midi/Fire Emblem_Nintendo 3DS_Fire Emblem Awakening_And what if I cant? What if Im not worthy of her ideals?.mid
ambiguous_other,Fire Emblem,Nintendo 3DS,Fire Emblem Awakening,Chaos,,game_midi/Fire Emblem_Nintendo 3DS_Fire Emblem Awakening_Chaos.mid
ambiguous_other,Fire Emblem,Nintendo 3DS,Fire Emblem Awakening,Destiny,,game_midi/Fire Emblem_Nintendo 3DS_Fire Emblem Awakening_Destiny.mid
ambiguous_other,Fire Emblem,Nintendo 3DS,Fire Emblem Awakening,Duty,,game_midi/Fire Emblem_Nintendo 3DS_Fire Emblem Awakening_Duty.mid
ambiguous_other,Fire Emblem,Nintendo 3DS,Fire Emblem Awakening,Id (Dilemma),,game_midi/Fire Emblem_Nintendo 3DS_Fire Emblem Awakening_Id (Dilemma).mid
ambiguous_other,Fire Emblem,Nintendo 3DS,Fire Emblem Awakening,Id (Purpose),,game_midi/Fire Emblem_Nintendo 3DS_Fire Emblem Awakening_Id (Purpose).mid
ambiguous_other,Fire Emblem,Nintendo 3DS,Fire Emblem Awakening,Id (Serenity),,game_midi/Fire Emblem_Nintendo 3DS_Fire Emblem Awakening_Id (Serenity).mid
ambiguous_other,Fire Emblem,Nintendo 3DS,Fire Emblem Awakening,Id (Sorrow),,game_midi/Fire Emblem_Nintendo 3DS_Fire Emblem Awakening_Id (Sorrow).mid
ambiguous_likely_loop,Fire Emblem,Nintendo 3DS,Fire Emblem Awakening,Main Theme (Title),theme,game_midi/Fire Emblem_Nintendo 3DS_Fire Emblem Awakening_Main Theme (Title).mid
ambiguous_other,Fire Emblem,Nintendo 3DS,Fire Emblem Awakening,Open for business!,,game_midi/Fire Emblem_Nintendo 3DS_Fire Emblem Awakening_Open for business!.mid
ambiguous_other,Fire Emblem,Nintendo 3DS,Fire Emblem Awakening,"Wed best prepare for combat, just to be safe",,"game_midi/Fire Emblem_Nintendo 3DS_Fire Emblem Awakening_Wed best prepare for combat, just to be safe.mid"
ambiguous_other,Fire Emblem,Nintendo 3DS,Fire Emblem Awakening,You may call me Marth,,game_midi/Fire Emblem_Nintendo 3DS_Fire Emblem Awakening_You may call me Marth.mid
ambiguous_other,Fire Emblem,Nintendo 3DS,Fire Emblem Echoes Shadows of Valentia,Echoes,,game_midi/Fire Emblem_Nintendo 3DS_Fire Emblem Echoes Shadows of Valentia_Echoes.mid
looping_gameplay_bgm,Fire Emblem,Nintendo 3DS,Fire Emblem Echoes Shadows of Valentia,In a Silver Garden with You,garden,game_midi/Fire Emblem_Nintendo 3DS_Fire Emblem Echoes Shadows of Valentia_In a Silver Garden with You.mid
ambiguous_other,Fire Emblem,Nintendo 3DS,Fire Emblem Echoes Shadows of Valentia,The Heritors of Arcadia,,game_midi/Fire Emblem_Nintendo 3DS_Fire Emblem Echoes Shadows of Valentia_The Heritors of Arcadia.mid
ambiguous_other,Fire Emblem,Nintendo 3DS,Fire Emblem Echoes Shadows of Valentia,The Voice That Calls You,,game_midi/Fire Emblem_Nintendo 3DS_Fire Emblem Echoes Shadows of Valentia_The Voice That Calls You.mid
ambiguous_other,Fire Emblem,Nintendo 3DS,Fire Emblem Echoes Shadows of Valentia,Title Loop,,game_midi/Fire Emblem_Nintendo 3DS_Fire Emblem Echoes Shadows of Valentia_Title Loop.mid
ambiguous_other,Fire Emblem,Nintendo 3DS,Fire Emblem Echoes Shadows of Valentia,Truth,,game_midi/Fire Emblem_Nintendo 3DS_Fire Emblem Echoes Shadows of Valentia_Truth.mid
ambiguous_other,Fire Emblem,Nintendo 3DS,Fire Emblem Echoes Shadows of Valentia,Where the Wind Rustles,,game_midi/Fire Emblem_Nintendo 3DS_Fire Emblem Echoes Shadows of Valentia_Where the Wind Rustles.mid
ambiguous_other,Fire Emblem,Nintendo 3DS,Fire Emblem Fates,A Dark Fall,,game_midi/Fire Emblem_Nintendo 3DS_Fire Emblem Fates_A Dark Fall.mid
ambiguous_other,Fire Emblem,Nintendo 3DS,Fire Emblem Fates,A Ladys Mirror,,game_midi/Fire Emblem_Nintendo 3DS_Fire Emblem Fates_A Ladys Mirror.mid
ambiguous_other,Fire Emblem,Nintendo 3DS,Fire Emblem Fates,As All Stars Fall,,game_midi/Fire Emblem_Nintendo 3DS_Fire Emblem Fates_As All Stars Fall.mid
ambiguous_other,Fire Emblem,Nintendo 3DS,Fire Emblem Fates,Curious Dining,,game_midi/Fire Emblem_Nintendo 3DS_Fire Emblem Fates_Curious Dining.mid
ambiguous_other,Fire Emblem,Nintendo 3DS,Fire Emblem Fates,Desire Below,,game_midi/Fire Emblem_Nintendo 3DS_Fire Emblem Fates_Desire Below.mid
ambiguous_other,Fire Emblem,Nintendo 3DS,Fire Emblem Fates,End of All,,game_midi/Fire Emblem_Nintendo 3DS_Fire Emblem Fates_End of All.mid
ambiguous_other,Fire Emblem,Nintendo 3DS,Fire Emblem Fates,Fantastical Feast,,game_midi/Fire Emblem_Nintendo 3DS_Fire Emblem Fates_Fantastical Feast.mid
ambiguous_other,Fire Emblem,Nintendo 3DS,Fire Emblem Fates,Far Away,,game_midi/Fire Emblem_Nintendo 3DS_Fire Emblem Fates_Far Away.mid
ambiguous_other,Fire Emblem,Nintendo 3DS,Fire Emblem Fates,Lament,,game_midi/Fire Emblem_Nintendo 3DS_Fire Emblem Fates_Lament.mid
ambiguous_other,Fire Emblem,Nintendo 3DS,Fire Emblem Fates,Lost in Thoughts All Alone,,game_midi/Fire Emblem_Nintendo 3DS_Fire Emblem Fates_Lost in Thoughts All Alone.mid
ambiguous_other,Fire Emblem,Nintendo 3DS,Fire Emblem Fates,Premonition,,game_midi/Fire Emblem_Nintendo 3DS_Fire Emblem Fates_Premonition.mid
looping_gameplay_bgm,Fire Emblem,Nintendo 3DS,Fire Emblem Fates,Road Taken,road,game_midi/Fire Emblem_Nintendo 3DS_Fire Emblem Fates_Road Taken.mid
ambiguous_other,Fire Emblem,Nintendo 3DS,Fire Emblem Fates,The Water Maiden,,game_midi/Fire Emblem_Nintendo 3DS_Fire Emblem Fates_The Water Maiden.mid
ambiguous_other,Fire Emblem,Nintendo DS,Fire Emblem New Mystery of the Emblem,Eternal Bond,,game_midi/Fire Emblem_Nintendo DS_Fire Emblem New Mystery of the Emblem_Eternal Bond.mid
ambiguous_other,Fire Emblem,Nintendo DS,Fire Emblem Shadow Dragon,Trouble!,,game_midi/Fire Emblem_Nintendo DS_Fire Emblem Shadow Dragon_Trouble!.mid
ambiguous_other,Fire Emblem,Nintendo Entertainment System,Fire Emblem Gaiden,Attack!,,game_midi/Fire Emblem_Nintendo Entertainment System_Fire Emblem Gaiden_Attack!.mid
looping_gameplay_bgm,Fire Emblem,Nintendo Entertainment System,Fire Emblem Gaiden,Celica Map 1,map,game_midi/Fire Emblem_Nintendo Entertainment System_Fire Emblem Gaiden_Celica Map 1.mid
ambiguous_other,Fire Emblem,Nintendo Entertainment System,Fire Emblem Gaiden,Encounter,,game_midi/Fire Emblem_Nintendo Entertainment System_Fire Emblem Gaiden_Encounter.mid
looping_gameplay_bgm,Fire Emblem,Nintendo Entertainment System,Fire Emblem Gaiden,Final Map (Player Phase),map,game_midi/Fire Emblem_Nintendo Entertainment System_Fire Emblem Gaiden_Final Map (Player Phase).mid
ambiguous_other,Fire Emblem,Nintendo Entertainment System,Fire Emblem Gaiden,Separate Ways,,game_midi/Fire Emblem_Nintendo Entertainment System_Fire Emblem Gaiden_Separate Ways.mid
looping_gameplay_bgm,Fire Emblem,Nintendo Entertainment System,Fire Emblem Shadow Dragon and the Blade of Light,Battle Map 1 Player Attack,"attle!?, map",game_midi/Fire Emblem_Nintendo Entertainment System_Fire Emblem Shadow Dragon and the Blade of Light_Battle Map 1 Player Attack.mid
looping_gameplay_bgm,Fire Emblem,Nintendo Entertainment System,Fire Emblem Shadow Dragon and the Blade of Light,Battle Map 2 CP Attack,"attle!?, map",game_midi/Fire Emblem_Nintendo Entertainment System_Fire Emblem Shadow Dragon and the Blade of Light_Battle Map 2 CP Attack.mid
finite_song_or_cue,Fire Emblem,Nintendo Entertainment System,Fire Emblem Shadow Dragon and the Blade of Light,Opening Title Demo,"opening, demo",game_midi/Fire Emblem_Nintendo Entertainment System_Fire Emblem Shadow Dragon and the Blade of Light_Opening Title Demo.mid
ambiguous_other,Fire Emblem,Nintendo GameCube,Fire Emblem Path of Radiance,Beautiful Princess Elincia,,game_midi/Fire Emblem_Nintendo GameCube_Fire Emblem Path of Radiance_Beautiful Princess Elincia.mid
ambiguous_other,Fire Emblem,Nintendo GameCube,Fire Emblem Path of Radiance,Power-Hungry Fool,,game_midi/Fire Emblem_Nintendo GameCube_Fire Emblem Path of Radiance_Power-Hungry Fool.mid
ambiguous_other,Fire Emblem,Nintendo GameCube,Fire Emblem Path of Radiance,To Challenge Ashnard,,game_midi/Fire Emblem_Nintendo GameCube_Fire Emblem Path of Radiance_To Challenge Ashnard.mid
ambiguous_other,Fire Emblem,Nintendo Switch,Fire Emblem Three Houses,A Dark Sign,,game_midi/Fire Emblem_Nintendo Switch_Fire Emblem Three Houses_A Dark Sign.mid
ambiguous_other,Fire Emblem,Nintendo Switch,Fire Emblem Three Houses,A Funeral of Flowers (Thunder),,game_midi/Fire Emblem_Nintendo Switch_Fire Emblem Three Houses_A Funeral of Flowers (Thunder).mid
ambiguous_other,Fire Emblem,Nintendo Switch,Fire Emblem Three Houses,A Guide for the Future,,game_midi/Fire Emblem_Nintendo Switch_Fire Emblem Three Houses_A Guide for the Future.mid
ambiguous_other,Fire Emblem,Nintendo Switch,Fire Emblem Three Houses,A Lonely Figure,,game_midi/Fire Emblem_Nintendo Switch_Fire Emblem Three Houses_A Lonely Figure.mid
ambiguous_other,Fire Emblem,Nintendo Switch,Fire Emblem Three Houses,A Place to Rest,,game_midi/Fire Emblem_Nintendo Switch_Fire Emblem Three Houses_A Place to Rest.mid
ambiguous_other,Fire Emblem,Nintendo Switch,Fire Emblem Three Houses,As Swift as Wind,,game_midi/Fire Emblem_Nintendo Switch_Fire Emblem Three Houses_As Swift as Wind.mid
ambiguous_likely_loop,Fire Emblem,Nintendo Switch,Fire Emblem Three Houses,Fire Emblem Three Houses Main Theme,theme,game_midi/Fire Emblem_Nintendo Switch_Fire Emblem Three Houses_Fire Emblem Three Houses Main Theme.mid
ambiguous_likely_loop,Fire Emblem,Nintendo Switch,Fire Emblem Three Houses,Fodlan Winds (Rain),rain,game_midi/Fire Emblem_Nintendo Switch_Fire Emblem Three Houses_Fodlan Winds (Rain).mid
ambiguous_other,Fire Emblem,Nintendo Switch,Fire Emblem Three Houses,Guardian of Starlight,,game_midi/Fire Emblem_Nintendo Switch_Fire Emblem Three Houses_Guardian of Starlight.mid
ambiguous_other,Fire Emblem,Nintendo Switch,Fire Emblem Three Houses,Hungry March,,game_midi/Fire Emblem_Nintendo Switch_Fire Emblem Three Houses_Hungry March.mid
ambiguous_other,Fire Emblem,Nintendo Switch,Fire Emblem Three Houses,Life at Garreg Mach Monastery,,game_midi/Fire Emblem_Nintendo Switch_Fire Emblem Three Houses_Life at Garreg Mach Monastery.mid
ambiguous_other,Fire Emblem,Nintendo Switch,Fire Emblem Three Houses,Recollection and Regret,,game_midi/Fire Emblem_Nintendo Switch_Fire Emblem Three Houses_Recollection and Regret.mid
ambiguous_other,Fire Emblem,Nintendo Switch,Fire Emblem Three Houses,Respite and Sunlight,,game_midi/Fire Emblem_Nintendo Switch_Fire Emblem Three Houses_Respite and Sunlight.mid
ambiguous_other,Fire Emblem,Nintendo Switch,Fire Emblem Three Houses,Revenge,,game_midi/Fire Emblem_Nintendo Switch_Fire Emblem Three Houses_Revenge.mid
ambiguous_likely_loop,Fire Emblem,Nintendo Switch,Fire Emblem Three Houses,Tearing Through Heaven (Rain),rain,game_midi/Fire Emblem_Nintendo Switch_Fire Emblem Three Houses_Tearing Through Heaven (Rain).mid
ambiguous_other,Fire Emblem,Nintendo Switch,Fire Emblem Three Houses,Teatime Joy,,game_midi/Fire Emblem_Nintendo Switch_Fire Emblem Three Houses_Teatime Joy.mid
ambiguous_other,Fire Emblem,Nintendo Switch,Fire Emblem Three Houses,The Color of Sunrise,,game_midi/Fire Emblem_Nintendo Switch_Fire Emblem Three Houses_The Color of Sunrise.mid
ambiguous_other,Fire Emblem,Nintendo Switch,Fire Emblem Three Houses,The Crest of Flames,,game_midi/Fire Emblem_Nintendo Switch_Fire Emblem Three Houses_The Crest of Flames.mid
ambiguous_likely_loop,Fire Emblem,Nintendo Switch,Fire Emblem Three Houses,The Dream is Over,dream,game_midi/Fire Emblem_Nintendo Switch_Fire Emblem Three Houses_The Dream is Over.mid
ambiguous_other,Fire Emblem,Nintendo Switch,Fire Emblem Three Houses,The Forgotten,,game_midi/Fire Emblem_Nintendo Switch_Fire Emblem Three Houses_The Forgotten.mid
ambiguous_likely_loop,Fire Emblem,Nintendo Switch,Fire Emblem Three Houses,The Night of the Ball,night,game_midi/Fire Emblem_Nintendo Switch_Fire Emblem Three Houses_The Night of the Ball.mid
ambiguous_other,Fire Emblem,Nintendo Switch,Fire Emblem Three Houses,Wailing,,game_midi/Fire Emblem_Nintendo Switch_Fire Emblem Three Houses_Wailing.mid
ambiguous_other,Fire Emblem,Super Nintendo Entertainment System,Fire Emblem Genealogy of the Holy War,Chapter 2 (Disturbance in Agustria),,game_midi/Fire Emblem_Super Nintendo Entertainment System_Fire Emblem Genealogy of the Holy War_Chapter 2 (Disturbance in Agustria).mid
ambiguous_other,Fire Emblem,Super Nintendo Entertainment System,Fire Emblem Genealogy of the Holy War,Chapter 3 (Eldigan the Lionheart),,game_midi/Fire Emblem_Super Nintendo Entertainment System_Fire Emblem Genealogy of the Holy War_Chapter 3 (Eldigan the Lionheart).mid
ambiguous_other,Fire Emblem,Super Nintendo Entertainment System,Fire Emblem Genealogy of the Holy War,Emperor Arvis,,game_midi/Fire Emblem_Super Nintendo Entertainment System_Fire Emblem Genealogy of the Holy War_Emperor Arvis.mid
ambiguous_other,Fire Emblem,Super Nintendo Entertainment System,Fire Emblem Genealogy of the Holy War,End of Despair,,game_midi/Fire Emblem_Super Nintendo Entertainment System_Fire Emblem Genealogy of the Holy War_End of Despair.mid
finite_song_or_cue,Fire Emblem,Super Nintendo Entertainment System,Fire Emblem Genealogy of the Holy War,Level Up!,level up!?,game_midi/Fire Emblem_Super Nintendo Entertainment System_Fire Emblem Genealogy of the Holy War_Level Up!.mid
ambiguous_other,Fire Emblem,Super Nintendo Entertainment System,Fire Emblem Genealogy of the Holy War,Music Box,,game_midi/Fire Emblem_Super Nintendo Entertainment System_Fire Emblem Genealogy of the Holy War_Music Box.mid
ambiguous_other,Fire Emblem,Super Nintendo Entertainment System,Fire Emblem Genealogy of the Holy War,Recruitment,,game_midi/Fire Emblem_Super Nintendo Entertainment System_Fire Emblem Genealogy of the Holy War_Recruitment.mid
looping_gameplay_bgm,Fire Emblem,Super Nintendo Entertainment System,Fire Emblem Genealogy of the Holy War,Versus Arvis,versus,game_midi/Fire Emblem_Super Nintendo Entertainment System_Fire Emblem Genealogy of the Holy War_Versus Arvis.mid
ambiguous_other,Fire Emblem,Super Nintendo Entertainment System,Fire Emblem Mystery of the Emblem,Legend of the Divine Dragon (A),,game_midi/Fire Emblem_Super Nintendo Entertainment System_Fire Emblem Mystery of the Emblem_Legend of the Divine Dragon (A).mid
ambiguous_other,Fire Emblem,Super Nintendo Entertainment System,Fire Emblem Mystery of the Emblem,Legend of the Divine Dragon (B),,game_midi/Fire Emblem_Super Nintendo Entertainment System_Fire Emblem Mystery of the Emblem_Legend of the Divine Dragon (B).mid
ambiguous_other,Fire Emblem,Super Nintendo Entertainment System,Fire Emblem Mystery of the Emblem,Under the Flag,,game_midi/Fire Emblem_Super Nintendo Entertainment System_Fire Emblem Mystery of the Emblem_Under the Flag.mid
ambiguous_other,Fire Emblem,Wii,Fire Emblem Radiant Dawn,Eternal Bond,,game_midi/Fire Emblem_Wii_Fire Emblem Radiant Dawn_Eternal Bond.mid
finite_song_or_cue,Five Nights at Freddys,PC,Five Nights at Freddys 2,Lullaby Waltz (The Monastery Bells),lullaby,game_midi/Five Nights at Freddys_PC_Five Nights at Freddys 2_Lullaby Waltz (The Monastery Bells).mid
ambiguous_other,Five Nights at Freddys,PC,Five Nights at Freddys 2,Puppets Music Box,,game_midi/Five Nights at Freddys_PC_Five Nights at Freddys 2_Puppets Music Box.mid
ambiguous_other,Five Nights at Freddys,PC,Five Nights at Freddys 3,Dont Go,,game_midi/Five Nights at Freddys_PC_Five Nights at Freddys 3_Dont Go.mid
looping_gameplay_bgm,Five Nights at Freddys,PC,Five Nights at Freddys 3,Shadow Bonnie Minigame (Standchen),minigame,game_midi/Five Nights at Freddys_PC_Five Nights at Freddys 3_Shadow Bonnie Minigame (Standchen).mid
ambiguous_other,Five Nights at Freddys,PC,Five Nights at Freddys Sister Location,Crumbling Dreams (Balloras Musicbox),,game_midi/Five Nights at Freddys_PC_Five Nights at Freddys Sister Location_Crumbling Dreams (Balloras Musicbox).mid
ambiguous_other,Five Nights at Freddys,PC,Five Nights at Freddys Sister Location,Demolition Inevitable,,game_midi/Five Nights at Freddys_PC_Five Nights at Freddys Sister Location_Demolition Inevitable.mid
ambiguous_other,Five Nights at Freddys,PC,Five Nights at Freddys Sister Location,MVP,,game_midi/Five Nights at Freddys_PC_Five Nights at Freddys Sister Location_MVP.mid
ambiguous_other,Five Nights at Freddys,PC,Five Nights at Freddys Sister Location,Turtle Crusher,,game_midi/Five Nights at Freddys_PC_Five Nights at Freddys Sister Location_Turtle Crusher.mid
ambiguous_other,Five Nights at Freddys,PC,Five Nights at Freddys Sister Location,Watch Your 6,,game_midi/Five Nights at Freddys_PC_Five Nights at Freddys Sister Location_Watch Your 6.mid
ambiguous_likely_loop,Five Nights at Freddys,PC,Five Nights at Freddys,Freddy Fazbears Theme (from Carmen),theme,game_midi/Five Nights at Freddys_PC_Five Nights at Freddys_Freddy Fazbears Theme (from Carmen).mid
looping_gameplay_bgm,Ghosts n Goblins,Game Boy,Gargoyles Quest Ghosts n Goblins,Boss Battle,"attle!?, oss",game_midi/Ghosts n Goblins_Game Boy_Gargoyles Quest Ghosts n Goblins_Boss Battle.mid
ambiguous_other,Ghosts n Goblins,Game Boy,Gargoyles Quest Ghosts n Goblins,Demon Border,,game_midi/Ghosts n Goblins_Game Boy_Gargoyles Quest Ghosts n Goblins_Demon Border.mid
looping_gameplay_bgm,Ghosts n Goblins,Game Boy,Gargoyles Quest Ghosts n Goblins,Hell Field,field,game_midi/Ghosts n Goblins_Game Boy_Gargoyles Quest Ghosts n Goblins_Hell Field.mid
looping_gameplay_bgm,Ghosts n Goblins,Game Boy,Gargoyles Quest Ghosts n Goblins,King Breagers Castle,castle,game_midi/Ghosts n Goblins_Game Boy_Gargoyles Quest Ghosts n Goblins_King Breagers Castle.mid
ambiguous_other,Ghosts n Goblins,Game Boy,Gargoyles Quest Ghosts n Goblins,Password,,game_midi/Ghosts n Goblins_Game Boy_Gargoyles Quest Ghosts n Goblins_Password.mid
looping_gameplay_bgm,Ghosts n Goblins,Game Boy,Gargoyles Quest Ghosts n Goblins,Village,village,game_midi/Ghosts n Goblins_Game Boy_Gargoyles Quest Ghosts n Goblins_Village.mid
ambiguous_other,Ghosts n Goblins,Nintendo Entertainment System,Gargoyles Quest II The Demon Darkness,Assaulted Etruria,,game_midi/Ghosts n Goblins_Nintendo Entertainment System_Gargoyles Quest II The Demon Darkness_Assaulted Etruria.mid
looping_gameplay_bgm,Ghosts n Goblins,Nintendo Entertainment System,Gargoyles Quest II The Demon Darkness,Breagers Castle,castle,game_midi/Ghosts n Goblins_Nintendo Entertainment System_Gargoyles Quest II The Demon Darkness_Breagers Castle.mid
looping_gameplay_bgm,Ghosts n Goblins,Nintendo Entertainment System,Gargoyles Quest II The Demon Darkness,Dark Forest of Hidon,forest,game_midi/Ghosts n Goblins_Nintendo Entertainment System_Gargoyles Quest II The Demon Darkness_Dark Forest of Hidon.mid
ambiguous_other,Ghosts n Goblins,Nintendo Entertainment System,Gargoyles Quest II The Demon Darkness,Gaza Crevasse,,game_midi/Ghosts n Goblins_Nintendo Entertainment System_Gargoyles Quest II The Demon Darkness_Gaza Crevasse.mid
looping_gameplay_bgm,Ghosts n Goblins,Nintendo Entertainment System,Gargoyles Quest II The Demon Darkness,Ghoul Town,town,game_midi/Ghosts n Goblins_Nintendo Entertainment System_Gargoyles Quest II The Demon Darkness_Ghoul Town.mid
ambiguous_other,Ghosts n Goblins,Super Nintendo Entertainment System,Demons Crest,Dance of the Snowy Barrens,,game_midi/Ghosts n Goblins_Super Nintendo Entertainment System_Demons Crest_Dance of the Snowy Barrens.mid
looping_gameplay_bgm,Ghosts n Goblins,Super Nintendo Entertainment System,Demons Crest,Palace of Decadence,palace,game_midi/Ghosts n Goblins_Super Nintendo Entertainment System_Demons Crest_Palace of Decadence.mid
ambiguous_other,Golden Sun,Game Boy Advance,Golden Sun The Lost Age,Agatio and Karst Encounter,,game_midi/Golden Sun_Game Boy Advance_Golden Sun The Lost Age_Agatio and Karst Encounter.mid
ambiguous_other,Golden Sun,Game Boy Advance,Golden Sun The Lost Age,Airs Rock,,game_midi/Golden Sun_Game Boy Advance_Golden Sun The Lost Age_Airs Rock.mid
ambiguous_other,Golden Sun,Game Boy Advance,Golden Sun The Lost Age,Alone,,game_midi/Golden Sun_Game Boy Advance_Golden Sun The Lost Age_Alone.mid
looping_gameplay_bgm,Golden Sun,Game Boy Advance,Golden Sun The Lost Age,Ankohl Ruins,ruins,game_midi/Golden Sun_Game Boy Advance_Golden Sun The Lost Age_Ankohl Ruins.mid
ambiguous_other,Golden Sun,Game Boy Advance,Golden Sun The Lost Age,Apojii Islands,,game_midi/Golden Sun_Game Boy Advance_Golden Sun The Lost Age_Apojii Islands.mid
ambiguous_other,Golden Sun,Game Boy Advance,Golden Sun The Lost Age,Aqua Rock,,game_midi/Golden Sun_Game Boy Advance_Golden Sun The Lost Age_Aqua Rock.mid
looping_gameplay_bgm,Golden Sun,Game Boy Advance,Golden Sun The Lost Age,Boat Battle,attle!?,game_midi/Golden Sun_Game Boy Advance_Golden Sun The Lost Age_Boat Battle.mid
ambiguous_other,Golden Sun,Game Boy Advance,Golden Sun The Lost Age,Caves,,game_midi/Golden Sun_Game Boy Advance_Golden Sun The Lost Age_Caves.mid
ambiguous_other,Golden Sun,Game Boy Advance,Golden Sun The Lost Age,Childrens Song,,game_midi/Golden Sun_Game Boy Advance_Golden Sun The Lost Age_Childrens Song.mid
ambiguous_other,Golden Sun,Game Boy Advance,Golden Sun The Lost Age,Dehkan Plateau,,game_midi/Golden Sun_Game Boy Advance_Golden Sun The Lost Age_Dehkan Plateau.mid
looping_gameplay_bgm,Golden Sun,Game Boy Advance,Golden Sun The Lost Age,Doom Dragon Battle,attle!?,game_midi/Golden Sun_Game Boy Advance_Golden Sun The Lost Age_Doom Dragon Battle.mid
finite_song_or_cue,Golden Sun,Game Boy Advance,Golden Sun The Lost Age,Epilogue,epilogue,game_midi/Golden Sun_Game Boy Advance_Golden Sun The Lost Age_Epilogue.mid
looping_gameplay_bgm,Golden Sun,Game Boy Advance,Golden Sun The Lost Age,Felix Battle,attle!?,game_midi/Golden Sun_Game Boy Advance_Golden Sun The Lost Age_Felix Battle.mid
ambiguous_other,Golden Sun,Game Boy Advance,Golden Sun The Lost Age,Final Beacon,,game_midi/Golden Sun_Game Boy Advance_Golden Sun The Lost Age_Final Beacon.mid
ambiguous_other,Golden Sun,Game Boy Advance,Golden Sun The Lost Age,Gaia Rock,,game_midi/Golden Sun_Game Boy Advance_Golden Sun The Lost Age_Gaia Rock.mid
ambiguous_other,Golden Sun,Game Boy Advance,Golden Sun The Lost Age,Garoh,,game_midi/Golden Sun_Game Boy Advance_Golden Sun The Lost Age_Garoh.mid
looping_gameplay_bgm,Golden Sun,Game Boy Advance,Golden Sun The Lost Age,Jenna Battle Theme,attle!?,game_midi/Golden Sun_Game Boy Advance_Golden Sun The Lost Age_Jenna Battle Theme.mid
ambiguous_other,Golden Sun,Game Boy Advance,Golden Sun The Lost Age,Jupiter Lighthouse,,game_midi/Golden Sun_Game Boy Advance_Golden Sun The Lost Age_Jupiter Lighthouse.mid
ambiguous_other,Golden Sun,Game Boy Advance,Golden Sun The Lost Age,Lemuria,,game_midi/Golden Sun_Game Boy Advance_Golden Sun The Lost Age_Lemuria.mid
ambiguous_other,Golden Sun,Game Boy Advance,Golden Sun The Lost Age,Magma Rock,,game_midi/Golden Sun_Game Boy Advance_Golden Sun The Lost Age_Magma Rock.mid
ambiguous_other,Golden Sun,Game Boy Advance,Golden Sun The Lost Age,Mars Lighthouse,,game_midi/Golden Sun_Game Boy Advance_Golden Sun The Lost Age_Mars Lighthouse.mid
looping_gameplay_bgm,Golden Sun,Game Boy Advance,Golden Sun The Lost Age,Overworld 2,overworld,game_midi/Golden Sun_Game Boy Advance_Golden Sun The Lost Age_Overworld 2.mid
ambiguous_other,Golden Sun,Game Boy Advance,Golden Sun The Lost Age,Prox,,game_midi/Golden Sun_Game Boy Advance_Golden Sun The Lost Age_Prox.mid
looping_gameplay_bgm,Golden Sun,Game Boy Advance,Golden Sun The Lost Age,Ship Sailing,ship,game_midi/Golden Sun_Game Boy Advance_Golden Sun The Lost Age_Ship Sailing.mid
ambiguous_other,Golden Sun,Game Boy Advance,Golden Sun The Lost Age,Super Lucky Dice,,game_midi/Golden Sun_Game Boy Advance_Golden Sun The Lost Age_Super Lucky Dice.mid
ambiguous_other,Golden Sun,Game Boy Advance,Golden Sun The Lost Age,The Golden Sun Rises,,game_midi/Golden Sun_Game Boy Advance_Golden Sun The Lost Age_The Golden Sun Rises.mid
ambiguous_likely_loop,Golden Sun,Game Boy Advance,Golden Sun The Lost Age,Title Theme,theme,game_midi/Golden Sun_Game Boy Advance_Golden Sun The Lost Age_Title Theme.mid
looping_gameplay_bgm,Golden Sun,Game Boy Advance,Golden Sun The Lost Age,Village Theme,village,game_midi/Golden Sun_Game Boy Advance_Golden Sun The Lost Age_Village Theme.mid
ambiguous_other,Golden Sun,Game Boy Advance,Golden Sun The Lost Age,Yallam,,game_midi/Golden Sun_Game Boy Advance_Golden Sun The Lost Age_Yallam.mid
ambiguous_likely_loop,Golden Sun,Game Boy Advance,Golden Sun,Babis Theme,theme,game_midi/Golden Sun_Game Boy Advance_Golden Sun_Babis Theme.mid
looping_gameplay_bgm,Golden Sun,Game Boy Advance,Golden Sun,Battle Theme,attle!?,game_midi/Golden Sun_Game Boy Advance_Golden Sun_Battle Theme.mid
looping_gameplay_bgm,Golden Sun,Game Boy Advance,Golden Sun,Battle! [Non-Adept],attle!?,game_midi/Golden Sun_Game Boy Advance_Golden Sun_Battle! [Non-Adept].mid
looping_gameplay_bgm,Golden Sun,Game Boy Advance,Golden Sun,Battle! [Saturos],attle!?,game_midi/Golden Sun_Game Boy Advance_Golden Sun_Battle! [Saturos].mid
looping_gameplay_bgm,Golden Sun,Game Boy Advance,Golden Sun,Colosso Battle,attle!?,game_midi/Golden Sun_Game Boy Advance_Golden Sun_Colosso Battle.mid
ambiguous_other,Golden Sun,Game Boy Advance,Golden Sun,Colosso Starts!,,game_midi/Golden Sun_Game Boy Advance_Golden Sun_Colosso Starts!.mid
ambiguous_other,Golden Sun,Game Boy Advance,Golden Sun,Death,,game_midi/Golden Sun_Game Boy Advance_Golden Sun_Death.mid
ambiguous_other,Golden Sun,Game Boy Advance,Golden Sun,Fanfares Collection,,game_midi/Golden Sun_Game Boy Advance_Golden Sun_Fanfares Collection.mid
looping_gameplay_bgm,Golden Sun,Game Boy Advance,Golden Sun,Fusion Dragon Battle,attle!?,game_midi/Golden Sun_Game Boy Advance_Golden Sun_Fusion Dragon Battle.mid
ambiguous_likely_loop,Golden Sun,Game Boy Advance,Golden Sun,Imils Theme,theme,game_midi/Golden Sun_Game Boy Advance_Golden Sun_Imils Theme.mid
ambiguous_likely_loop,Golden Sun,Game Boy Advance,Golden Sun,Ivans Theme,theme,game_midi/Golden Sun_Game Boy Advance_Golden Sun_Ivans Theme.mid
ambiguous_other,Golden Sun,Game Boy Advance,Golden Sun,Kalay,,game_midi/Golden Sun_Game Boy Advance_Golden Sun_Kalay.mid
looping_gameplay_bgm,Golden Sun,Game Boy Advance,Golden Sun,Kolima Forest,forest,game_midi/Golden Sun_Game Boy Advance_Golden Sun_Kolima Forest.mid
ambiguous_other,Golden Sun,Game Boy Advance,Golden Sun,Lalivero,,game_midi/Golden Sun_Game Boy Advance_Golden Sun_Lalivero.mid
looping_gameplay_bgm,Golden Sun,Game Boy Advance,Golden Sun,McCoys Palace,palace,game_midi/Golden Sun_Game Boy Advance_Golden Sun_McCoys Palace.mid
looping_gameplay_bgm,Golden Sun,Game Boy Advance,Golden Sun,Menu Screen,menu,game_midi/Golden Sun_Game Boy Advance_Golden Sun_Menu Screen.mid
ambiguous_other,Golden Sun,Game Boy Advance,Golden Sun,Mercury Lighthouse,,game_midi/Golden Sun_Game Boy Advance_Golden Sun_Mercury Lighthouse.mid
ambiguous_other,Golden Sun,Game Boy Advance,Golden Sun,Oriental,,game_midi/Golden Sun_Game Boy Advance_Golden Sun_Oriental.mid
looping_gameplay_bgm,Golden Sun,Game Boy Advance,Golden Sun,Overworld,overworld,game_midi/Golden Sun_Game Boy Advance_Golden Sun_Overworld.mid
looping_gameplay_bgm,Golden Sun,Game Boy Advance,Golden Sun,Saturos and Menardi Battle,attle!?,game_midi/Golden Sun_Game Boy Advance_Golden Sun_Saturos and Menardi Battle.mid
ambiguous_likely_loop,Golden Sun,Game Boy Advance,Golden Sun,Saturos and Menardi Theme,theme,game_midi/Golden Sun_Game Boy Advance_Golden Sun_Saturos and Menardi Theme.mid
looping_gameplay_bgm,Golden Sun,Game Boy Advance,Golden Sun,Set Sail! Through the Karagol Sea,sea,game_midi/Golden Sun_Game Boy Advance_Golden Sun_Set Sail! Through the Karagol Sea.mid
looping_gameplay_bgm,Golden Sun,Game Boy Advance,Golden Sun,Suhalla Desert,desert,game_midi/Golden Sun_Game Boy Advance_Golden Sun_Suhalla Desert.mid
ambiguous_other,Golden Sun,Game Boy Advance,Golden Sun,The Elemental Stars,,game_midi/Golden Sun_Game Boy Advance_Golden Sun_The Elemental Stars.mid
ambiguous_other,Golden Sun,Game Boy Advance,Golden Sun,The Storm,,game_midi/Golden Sun_Game Boy Advance_Golden Sun_The Storm.mid
ambiguous_other,Golden Sun,Game Boy Advance,Golden Sun,Title Screen,,game_midi/Golden Sun_Game Boy Advance_Golden Sun_Title Screen.mid
ambiguous_other,Golden Sun,Game Boy Advance,Golden Sun,Tolbi Docks,,game_midi/Golden Sun_Game Boy Advance_Golden Sun_Tolbi Docks.mid
ambiguous_other,Golden Sun,Game Boy Advance,Golden Sun,Tret Tree,,game_midi/Golden Sun_Game Boy Advance_Golden Sun_Tret Tree.mid
looping_gameplay_bgm,Golden Sun,Game Boy Advance,Golden Sun,Vale Town,town,game_midi/Golden Sun_Game Boy Advance_Golden Sun_Vale Town.mid
ambiguous_other,Golden Sun,Game Boy Advance,Golden Sun,Venus Lighthouse,,game_midi/Golden Sun_Game Boy Advance_Golden Sun_Venus Lighthouse.mid
finite_song_or_cue,Golden Sun,Game Boy Advance,Golden Sun,Victory Fanfare,"victory!?, fanfare",game_midi/Golden Sun_Game Boy Advance_Golden Sun_Victory Fanfare.mid
ambiguous_other,Golden Sun,Nintendo DS,Golden Sun Dark Dawn,Apollo Ascent,,game_midi/Golden Sun_Nintendo DS_Golden Sun Dark Dawn_Apollo Ascent.mid
ambiguous_other,Golden Sun,Nintendo DS,Golden Sun Dark Dawn,Champa Camp,,game_midi/Golden Sun_Nintendo DS_Golden Sun Dark Dawn_Champa Camp.mid
ambiguous_other,Golden Sun,Nintendo DS,Golden Sun Dark Dawn,Kolima,,game_midi/Golden Sun_Nintendo DS_Golden Sun Dark Dawn_Kolima.mid
ambiguous_other,Golden Sun,Nintendo DS,Golden Sun Dark Dawn,Konpa Gate,,game_midi/Golden Sun_Nintendo DS_Golden Sun Dark Dawn_Konpa Gate.mid
looping_gameplay_bgm,Golden Sun,Nintendo DS,Golden Sun Dark Dawn,Overworld,overworld,game_midi/Golden Sun_Nintendo DS_Golden Sun Dark Dawn_Overworld.mid
ambiguous_other,Golden Sun,Nintendo DS,Golden Sun Dark Dawn,Passaj,,game_midi/Golden Sun_Nintendo DS_Golden Sun Dark Dawn_Passaj.mid
looping_gameplay_bgm,Golden Sun,Nintendo DS,Golden Sun Dark Dawn,Village Theme,village,game_midi/Golden Sun_Nintendo DS_Golden Sun Dark Dawn_Village Theme.mid
ambiguous_other,Harvest MoonStory of Seasons,Game Boy Advance,Harvest Moon Friends of Mineral Town,Fall,,game_midi/Harvest MoonStory of Seasons_Game Boy Advance_Harvest Moon Friends of Mineral Town_Fall.mid
ambiguous_likely_loop,Harvest MoonStory of Seasons,Game Boy Advance,Harvest Moon Friends of Mineral Town,Summer,summer,game_midi/Harvest MoonStory of Seasons_Game Boy Advance_Harvest Moon Friends of Mineral Town_Summer.mid
ambiguous_likely_loop,Harvest MoonStory of Seasons,Game Boy Advance,Harvest Moon Friends of Mineral Town,Title Theme,theme,game_midi/Harvest MoonStory of Seasons_Game Boy Advance_Harvest Moon Friends of Mineral Town_Title Theme.mid
ambiguous_likely_loop,Harvest MoonStory of Seasons,Game Boy Color,Harvest Moon 2 GBC,Spring,spring,game_midi/Harvest MoonStory of Seasons_Game Boy Color_Harvest Moon 2 GBC_Spring.mid
ambiguous_likely_loop,Harvest MoonStory of Seasons,Nintendo 64,Harvest Moon 64,Bar Theme,theme,game_midi/Harvest MoonStory of Seasons_Nintendo 64_Harvest Moon 64_Bar Theme.mid
ambiguous_other,Harvest MoonStory of Seasons,Nintendo 64,Harvest Moon 64,Fall,,game_midi/Harvest MoonStory of Seasons_Nintendo 64_Harvest Moon 64_Fall.mid
looping_gameplay_bgm,Harvest MoonStory of Seasons,Nintendo 64,Harvest Moon 64,Moon Mountain,"mountain, moon",game_midi/Harvest MoonStory of Seasons_Nintendo 64_Harvest Moon 64_Moon Mountain.mid
ambiguous_other,Harvest MoonStory of Seasons,Nintendo 64,Harvest Moon 64,Name Entry,,game_midi/Harvest MoonStory of Seasons_Nintendo 64_Harvest Moon 64_Name Entry.mid
ambiguous_likely_loop,Harvest MoonStory of Seasons,Nintendo 64,Harvest Moon 64,Spring,spring,game_midi/Harvest MoonStory of Seasons_Nintendo 64_Harvest Moon 64_Spring.mid
ambiguous_likely_loop,Harvest MoonStory of Seasons,Nintendo 64,Harvest Moon 64,Summer,summer,game_midi/Harvest MoonStory of Seasons_Nintendo 64_Harvest Moon 64_Summer.mid
ambiguous_likely_loop,Harvest MoonStory of Seasons,Nintendo 64,Harvest Moon 64,Title Theme,theme,game_midi/Harvest MoonStory of Seasons_Nintendo 64_Harvest Moon 64_Title Theme.mid
ambiguous_likely_loop,Harvest MoonStory of Seasons,Nintendo 64,Harvest Moon 64,Winter Theme,"theme, winter",game_midi/Harvest MoonStory of Seasons_Nintendo 64_Harvest Moon 64_Winter Theme.mid
ambiguous_likely_loop,Harvest MoonStory of Seasons,Nintendo DS,Harvest Moon DS,Spring,spring,game_midi/Harvest MoonStory of Seasons_Nintendo DS_Harvest Moon DS_Spring.mid
ambiguous_likely_loop,Harvest MoonStory of Seasons,Nintendo DS,Harvest Moon DS,Winter,winter,game_midi/Harvest MoonStory of Seasons_Nintendo DS_Harvest Moon DS_Winter.mid
ambiguous_other,Harvest MoonStory of Seasons,Nintendo GameCube,Harvest Moon A Wonderful Life,Breeze,,game_midi/Harvest MoonStory of Seasons_Nintendo GameCube_Harvest Moon A Wonderful Life_Breeze.mid
ambiguous_other,Harvest MoonStory of Seasons,Nintendo GameCube,Harvest Moon A Wonderful Life,Gustafas Yurt (Jovial Gustafa),,game_midi/Harvest MoonStory of Seasons_Nintendo GameCube_Harvest Moon A Wonderful Life_Gustafas Yurt (Jovial Gustafa).mid
ambiguous_likely_loop,Harvest MoonStory of Seasons,Nintendo Switch,Story of Seasons Friends of Mineral Town,Autumn (Alternate),autumn,game_midi/Harvest MoonStory of Seasons_Nintendo Switch_Story of Seasons Friends of Mineral Town_Autumn (Alternate).mid
looping_gameplay_bgm,Harvest MoonStory of Seasons,PlayStation Portable,Innocent Life A Futuristic Harvest Moon,Easter Ruins,ruins,game_midi/Harvest MoonStory of Seasons_PlayStation Portable_Innocent Life A Futuristic Harvest Moon_Easter Ruins.mid
ambiguous_likely_loop,Harvest MoonStory of Seasons,Super Nintendo Entertainment System,Harvest Moon,Spring Theme,"theme, spring",game_midi/Harvest MoonStory of Seasons_Super Nintendo Entertainment System_Harvest Moon_Spring Theme.mid
ambiguous_likely_loop,Harvest MoonStory of Seasons,Super Nintendo Entertainment System,Harvest Moon,Winter,winter,game_midi/Harvest MoonStory of Seasons_Super Nintendo Entertainment System_Harvest Moon_Winter.mid
ambiguous_other,Harvest MoonStory of Seasons,Wii,Harvest Moon Animal Parade,Something Spooky,,game_midi/Harvest MoonStory of Seasons_Wii_Harvest Moon Animal Parade_Something Spooky.mid
ambiguous_other,Harvest MoonStory of Seasons,Wii,Harvest Moon Tree of Tranquility,Cooking,,game_midi/Harvest MoonStory of Seasons_Wii_Harvest Moon Tree of Tranquility_Cooking.mid
ambiguous_other,Indiana Jones,PC,Indiana Jones and the Fate of Atlantis,Crossing_0,,game_midi/Indiana Jones_PC_Indiana Jones and the Fate of Atlantis_Crossing_0.mid
ambiguous_other,Indiana Jones,PC,Indiana Jones and the Last Crusade,The Holy Grail_0,,game_midi/Indiana Jones_PC_Indiana Jones and the Last Crusade_The Holy Grail_0.mid
ambiguous_other,Indiana Jones,PC,Indiana Jones and the Last Crusade,Venice_0,,game_midi/Indiana Jones_PC_Indiana Jones and the Last Crusade_Venice_0.mid
ambiguous_other,Indiana Jones,PC,Indiana Jones and the Last Crusade,Zeppelin_0,,game_midi/Indiana Jones_PC_Indiana Jones and the Last Crusade_Zeppelin_0.mid
looping_gameplay_bgm,Kid Icarus,Game Boy,Kid Icarus Of Myths and Monsters,Final Battle with Orcos,attle!?,game_midi/Kid Icarus_Game Boy_Kid Icarus Of Myths and Monsters_Final Battle with Orcos.mid
ambiguous_other,Kid Icarus,Nintendo 3DS,Kid Icarus Uprising,Destroyed Skyworld,,game_midi/Kid Icarus_Nintendo 3DS_Kid Icarus Uprising_Destroyed Skyworld.mid
looping_gameplay_bgm,Kid Icarus,Nintendo Entertainment System,Kid Icarus,Overworld,overworld,game_midi/Kid Icarus_Nintendo Entertainment System_Kid Icarus_Overworld.mid
ambiguous_other,Kid Icarus,Nintendo Entertainment System,Kid Icarus,Title,,game_midi/Kid Icarus_Nintendo Entertainment System_Kid Icarus_Title.mid
ambiguous_other,Kid Icarus,Nintendo Entertainment System,Kid Icarus,Underworld,,game_midi/Kid Icarus_Nintendo Entertainment System_Kid Icarus_Underworld.mid
ambiguous_other,Kingdom Hearts,Game Boy Advance,Kingdom Hearts Chain of Memories,Dearly Beloved,,game_midi/Kingdom Hearts_Game Boy Advance_Kingdom Hearts Chain of Memories_Dearly Beloved.mid
ambiguous_other,Kingdom Hearts,Game Boy Advance,Kingdom Hearts Chain of Memories,Sinister Sundown,,game_midi/Kingdom Hearts_Game Boy Advance_Kingdom Hearts Chain of Memories_Sinister Sundown.mid
ambiguous_other,Kingdom Hearts,Game Boy Advance,Kingdom Hearts Chain of Memories,The 13th Struggle,,game_midi/Kingdom Hearts_Game Boy Advance_Kingdom Hearts Chain of Memories_The 13th Struggle.mid
ambiguous_other,Kingdom Hearts,Nintendo 3DS,Kingdom Hearts 3D Dream Drop Distance,Xigbar,,game_midi/Kingdom Hearts_Nintendo 3DS_Kingdom Hearts 3D Dream Drop Distance_Xigbar.mid
looping_gameplay_bgm,Kingdom Hearts,Nintendo DS,Kingdom Hearts Recoded,Data World Battle,"world, attle!?",game_midi/Kingdom Hearts_Nintendo DS_Kingdom Hearts Recoded_Data World Battle.mid
ambiguous_other,Kingdom Hearts,Nintendo DS,Kingdom Hearts Recoded,Rowdy Rumble,,game_midi/Kingdom Hearts_Nintendo DS_Kingdom Hearts Recoded_Rowdy Rumble.mid
ambiguous_other,Kingdom Hearts,Nintendo DS,Kingdom Hearts Recoded,To Our Surprise,,game_midi/Kingdom Hearts_Nintendo DS_Kingdom Hearts Recoded_To Our Surprise.mid
ambiguous_other,Kingdom Hearts,PlayStation 2,Kingdom Hearts II,Friends in My Heart,,game_midi/Kingdom Hearts_PlayStation 2_Kingdom Hearts II_Friends in My Heart.mid
ambiguous_other,Kingdom Hearts,PlayStation 2,Kingdom Hearts II,"Old Friends, Old Rivals",,"game_midi/Kingdom Hearts_PlayStation 2_Kingdom Hearts II_Old Friends, Old Rivals.mid"
ambiguous_other,Kingdom Hearts,PlayStation 2,Kingdom Hearts II,Organization XIII,,game_midi/Kingdom Hearts_PlayStation 2_Kingdom Hearts II_Organization XIII.mid
ambiguous_other,Kingdom Hearts,PlayStation 2,Kingdom Hearts II,Sinister Sundown,,game_midi/Kingdom Hearts_PlayStation 2_Kingdom Hearts II_Sinister Sundown.mid
ambiguous_other,Kingdom Hearts,PlayStation 2,Kingdom Hearts,Dearly Beloved,,game_midi/Kingdom Hearts_PlayStation 2_Kingdom Hearts_Dearly Beloved.mid
ambiguous_other,Kingdom Hearts,PlayStation 2,Kingdom Hearts,Kairi I,,game_midi/Kingdom Hearts_PlayStation 2_Kingdom Hearts_Kairi I.mid
ambiguous_other,Kingdom Hearts,PlayStation 2,Kingdom Hearts,Neverland Sky,,game_midi/Kingdom Hearts_PlayStation 2_Kingdom Hearts_Neverland Sky.mid
ambiguous_other,Kingdom Hearts,PlayStation 2,Kingdom Hearts,Once Upon a Time,,game_midi/Kingdom Hearts_PlayStation 2_Kingdom Hearts_Once Upon a Time.mid
ambiguous_other,Kingdom Hearts,PlayStation 2,Kingdom Hearts,This is Halloween,,game_midi/Kingdom Hearts_PlayStation 2_Kingdom Hearts_This is Halloween.mid
ambiguous_other,Kingdom Hearts,PlayStation 2,Kingdom Hearts,Treasured Memories,,game_midi/Kingdom Hearts_PlayStation 2_Kingdom Hearts_Treasured Memories.mid
ambiguous_other,Kirby,Game Boy Advance,Kirby & The Amazing Mirror,Cabbage Cavern,,game_midi/Kirby_Game Boy Advance_Kirby & The Amazing Mirror_Cabbage Cavern.mid
ambiguous_other,Kirby,Game Boy Advance,Kirby & The Amazing Mirror,Candy Constellation,,game_midi/Kirby_Game Boy Advance_Kirby & The Amazing Mirror_Candy Constellation.mid
ambiguous_other,Kirby,Game Boy Advance,Kirby & The Amazing Mirror,Dark Meta Knight,,game_midi/Kirby_Game Boy Advance_Kirby & The Amazing Mirror_Dark Meta Knight.mid
looping_gameplay_bgm,Kirby,Game Boy Advance,Kirby & The Amazing Mirror,Olive Ocean,ocean,game_midi/Kirby_Game Boy Advance_Kirby & The Amazing Mirror_Olive Ocean.mid
looping_gameplay_bgm,Kirby,Game Boy Advance,Kirby & The Amazing Mirror,Peppermint Palace,palace,game_midi/Kirby_Game Boy Advance_Kirby & The Amazing Mirror_Peppermint Palace.mid
looping_gameplay_bgm,Kirby,Game Boy Advance,Kirby & The Amazing Mirror,Radish Ruins,ruins,game_midi/Kirby_Game Boy Advance_Kirby & The Amazing Mirror_Radish Ruins.mid
looping_gameplay_bgm,Kirby,Game Boy Advance,Kirby & The Amazing Mirror,Rainbow Route,route,game_midi/Kirby_Game Boy Advance_Kirby & The Amazing Mirror_Rainbow Route.mid
ambiguous_other,Kirby,Game Boy Color,Kirby Tilt n Tumble,Underground,,game_midi/Kirby_Game Boy Color_Kirby Tilt n Tumble_Underground.mid
looping_gameplay_bgm,Kirby,Game Boy,Kirbys Block Ball,Cappys Stage (Stage 1),stage,game_midi/Kirby_Game Boy_Kirbys Block Ball_Cappys Stage (Stage 1).mid
ambiguous_other,Kirby,Game Boy,Kirbys Block Ball,King Dedede,,game_midi/Kirby_Game Boy_Kirbys Block Ball_King Dedede.mid
looping_gameplay_bgm,Kirby,Game Boy,Kirbys Block Ball,Mr Shine & Mr Brights Stage (Stage 5),stage,game_midi/Kirby_Game Boy_Kirbys Block Ball_Mr Shine & Mr Brights Stage (Stage 5).mid
looping_gameplay_bgm,Kirby,Game Boy,Kirbys Dream Land 2,Dark Castle,castle,game_midi/Kirby_Game Boy_Kirbys Dream Land 2_Dark Castle.mid
looping_gameplay_bgm,Kirby,Game Boy,Kirbys Dream Land 2,King Dedede Battle,attle!?,game_midi/Kirby_Game Boy_Kirbys Dream Land 2_King Dedede Battle.mid
looping_gameplay_bgm,Kirby,Game Boy,Kirbys Dream Land,Boss,oss,game_midi/Kirby_Game Boy_Kirbys Dream Land_Boss.mid
ambiguous_other,Kirby,Game Boy,Kirbys Dream Land,Bubbly Clouds,,game_midi/Kirby_Game Boy_Kirbys Dream Land_Bubbly Clouds.mid
looping_gameplay_bgm,Kirby,Game Boy,Kirbys Dream Land,Castle Lololo,castle,game_midi/Kirby_Game Boy_Kirbys Dream Land_Castle Lololo.mid
finite_song_or_cue,Kirby,Game Boy,Kirbys Dream Land,Ending Theme,"ending, ending theme",game_midi/Kirby_Game Boy_Kirbys Dream Land_Ending Theme.mid
ambiguous_other,Kirby,Game Boy,Kirbys Dream Land,Float Islands,,game_midi/Kirby_Game Boy_Kirbys Dream Land_Float Islands.mid
ambiguous_other,Kirby,Game Boy,Kirbys Dream Land,Green Greens,,game_midi/Kirby_Game Boy_Kirbys Dream Land_Green Greens.mid
ambiguous_other,Kirby,Game Boy,Kirbys Dream Land,King Dedede,,game_midi/Kirby_Game Boy_Kirbys Dream Land_King Dedede.mid
ambiguous_other,Kirby,Game Boy,Kirbys Dream Land,Miscellaneous Short Themes,,game_midi/Kirby_Game Boy_Kirbys Dream Land_Miscellaneous Short Themes.mid
ambiguous_other,Kirby,Game Boy,Kirbys Dream Land,Title Screen,,game_midi/Kirby_Game Boy_Kirbys Dream Land_Title Screen.mid
looping_gameplay_bgm,Kirby,Game Boy,Kirbys Pinball Land,Whispy Woods Land,"woods, land",game_midi/Kirby_Game Boy_Kirbys Pinball Land_Whispy Woods Land.mid
looping_gameplay_bgm,Kirby,Nintendo 3DS,Kirby Planet Robobot,Gorgeous-Go-Round (Casino Area),"area, casino",game_midi/Kirby_Nintendo 3DS_Kirby Planet Robobot_Gorgeous-Go-Round (Casino Area).mid
ambiguous_other,Kirby,Nintendo 3DS,Kirby Planet Robobot,Time for Dessert!,,game_midi/Kirby_Nintendo 3DS_Kirby Planet Robobot_Time for Dessert!.mid
ambiguous_other,Kirby,Nintendo 3DS,Kirby Triple Deluxe,Moonlight Capital,,game_midi/Kirby_Nintendo 3DS_Kirby Triple Deluxe_Moonlight Capital.mid
ambiguous_other,Kirby,Nintendo 3DS,Kirby Triple Deluxe,Reflected Laughter,,game_midi/Kirby_Nintendo 3DS_Kirby Triple Deluxe_Reflected Laughter.mid
ambiguous_other,Kirby,Nintendo 3DS,Team Kirby Clash Deluxe,Quest Board,,game_midi/Kirby_Nintendo 3DS_Team Kirby Clash Deluxe_Quest Board.mid
looping_gameplay_bgm,Kirby,Nintendo 64,Kirby 64 The Crystal Shards,Battle Among Friends Adeleine,attle!?,game_midi/Kirby_Nintendo 64_Kirby 64 The Crystal Shards_Battle Among Friends Adeleine.mid
looping_gameplay_bgm,Kirby,Nintendo 64,Kirby 64 The Crystal Shards,Boss,oss,game_midi/Kirby_Nintendo 64_Kirby 64 The Crystal Shards_Boss.mid
ambiguous_other,Kirby,Nintendo 64,Kirby 64 The Crystal Shards,Bumper Crop Bump,,game_midi/Kirby_Nintendo 64_Kirby 64 The Crystal Shards_Bumper Crop Bump.mid
looping_gameplay_bgm,Kirby,Nintendo 64,Kirby 64 The Crystal Shards,Factory Inspection,factory,game_midi/Kirby_Nintendo 64_Kirby 64 The Crystal Shards_Factory Inspection.mid
looping_gameplay_bgm,Kirby,Nintendo 64,Kirby 64 The Crystal Shards,File Select,select,game_midi/Kirby_Nintendo 64_Kirby 64 The Crystal Shards_File Select.mid
looping_gameplay_bgm,Kirby,Nintendo 64,Kirby 64 The Crystal Shards,Inside the Ruins,ruins,game_midi/Kirby_Nintendo 64_Kirby 64 The Crystal Shards_Inside the Ruins.mid
ambiguous_other,Kirby,Nintendo 64,Kirby 64 The Crystal Shards,Neo Star,,game_midi/Kirby_Nintendo 64_Kirby 64 The Crystal Shards_Neo Star.mid
ambiguous_other,Kirby,Nintendo 64,Kirby 64 The Crystal Shards,Pop Star,,game_midi/Kirby_Nintendo 64_Kirby 64 The Crystal Shards_Pop Star.mid
looping_gameplay_bgm,Kirby,Nintendo 64,Kirby 64 The Crystal Shards,Quiet Forest,forest,game_midi/Kirby_Nintendo 64_Kirby 64 The Crystal Shards_Quiet Forest.mid
ambiguous_other,Kirby,Nintendo 64,Kirby 64 The Crystal Shards,Ripple Star,,game_midi/Kirby_Nintendo 64_Kirby 64 The Crystal Shards_Ripple Star.mid
ambiguous_other,Kirby,Nintendo 64,Kirby 64 The Crystal Shards,Shiver Star,,game_midi/Kirby_Nintendo 64_Kirby 64 The Crystal Shards_Shiver Star.mid
ambiguous_other,Kirby,Nintendo DS,Kirby Canvas Curse,Drawcia Sorceress,,game_midi/Kirby_Nintendo DS_Kirby Canvas Curse_Drawcia Sorceress.mid
ambiguous_other,Kirby,Nintendo DS,Kirby Canvas Curse,Silver Submarine,,game_midi/Kirby_Nintendo DS_Kirby Canvas Curse_Silver Submarine.mid
looping_gameplay_bgm,Kirby,Nintendo DS,Kirby Mass Attack,Fun Castle,castle,game_midi/Kirby_Nintendo DS_Kirby Mass Attack_Fun Castle.mid
ambiguous_other,Kirby,Nintendo DS,Kirby Mass Attack,Tree to Tree,,game_midi/Kirby_Nintendo DS_Kirby Mass Attack_Tree to Tree.mid
ambiguous_other,Kirby,Nintendo DS,Kirby Mass Attack,Vast Darkness,,game_midi/Kirby_Nintendo DS_Kirby Mass Attack_Vast Darkness.mid
looping_gameplay_bgm,Kirby,Nintendo DS,Kirby Squeak Squad,File Select,select,game_midi/Kirby_Nintendo DS_Kirby Squeak Squad_File Select.mid
looping_gameplay_bgm,Kirby,Nintendo DS,Kirby Squeak Squad,Prism Plains,plains,game_midi/Kirby_Nintendo DS_Kirby Squeak Squad_Prism Plains.mid
ambiguous_other,Kirby,Nintendo DS,Kirby Squeak Squad,Wonder of the Stars,,game_midi/Kirby_Nintendo DS_Kirby Squeak Squad_Wonder of the Stars.mid
ambiguous_other,Kirby,Nintendo DS,Kirby Super Star Ultra,Helpers Rest,,game_midi/Kirby_Nintendo DS_Kirby Super Star Ultra_Helpers Rest.mid
ambiguous_other,Kirby,Nintendo Entertainment System,Kirbys Adventure,Butter Building,,game_midi/Kirby_Nintendo Entertainment System_Kirbys Adventure_Butter Building.mid
ambiguous_other,Kirby,Nintendo Entertainment System,Kirbys Adventure,Fountain of Dreams,,game_midi/Kirby_Nintendo Entertainment System_Kirbys Adventure_Fountain of Dreams.mid
looping_gameplay_bgm,Kirby,Nintendo Entertainment System,Kirbys Adventure,Orange Ocean,ocean,game_midi/Kirby_Nintendo Entertainment System_Kirbys Adventure_Orange Ocean.mid
ambiguous_other,Kirby,Nintendo Entertainment System,Kirbys Adventure,Rainbow Resort,,game_midi/Kirby_Nintendo Entertainment System_Kirbys Adventure_Rainbow Resort.mid
looping_gameplay_bgm,Kirby,Nintendo Entertainment System,Kirbys Adventure,Vegetable Valley (Grassland),valley,game_midi/Kirby_Nintendo Entertainment System_Kirbys Adventure_Vegetable Valley (Grassland).mid
ambiguous_other,Kirby,Nintendo Entertainment System,Kirbys Adventure,Yogurt Yard,,game_midi/Kirby_Nintendo Entertainment System_Kirbys Adventure_Yogurt Yard.mid
looping_gameplay_bgm,Kirby,Nintendo GameCube,Kirby Air Ride,Angel Valley,valley,game_midi/Kirby_Nintendo GameCube_Kirby Air Ride_Angel Valley.mid
looping_gameplay_bgm,Kirby,Nintendo GameCube,Kirby Air Ride,Celestial Valley,valley,game_midi/Kirby_Nintendo GameCube_Kirby Air Ride_Celestial Valley.mid
looping_gameplay_bgm,Kirby,Nintendo GameCube,Kirby Air Ride,City Trial Properties Graph,city,game_midi/Kirby_Nintendo GameCube_Kirby Air Ride_City Trial Properties Graph.mid
looping_gameplay_bgm,Kirby,Nintendo GameCube,Kirby Air Ride,City Trial,city,game_midi/Kirby_Nintendo GameCube_Kirby Air Ride_City Trial.mid
ambiguous_other,Kirby,Nintendo GameCube,Kirby Air Ride,Fire,,game_midi/Kirby_Nintendo GameCube_Kirby Air Ride_Fire.mid
ambiguous_other,Kirby,Nintendo GameCube,Kirby Air Ride,Grass,,game_midi/Kirby_Nintendo GameCube_Kirby Air Ride_Grass.mid
ambiguous_other,Kirby,Nintendo GameCube,Kirby Air Ride,Legendary Air Ride Machine,,game_midi/Kirby_Nintendo GameCube_Kirby Air Ride_Legendary Air Ride Machine.mid
ambiguous_other,Kirby,Nintendo GameCube,Kirby Air Ride,Light,,game_midi/Kirby_Nintendo GameCube_Kirby Air Ride_Light.mid
ambiguous_other,Kirby,Nintendo GameCube,Kirby Air Ride,Magma Flows,,game_midi/Kirby_Nintendo GameCube_Kirby Air Ride_Magma Flows.mid
finite_song_or_cue,Kirby,Nintendo GameCube,Kirby Air Ride,Opening,opening,game_midi/Kirby_Nintendo GameCube_Kirby Air Ride_Opening.mid
ambiguous_other,Kirby,Nintendo GameCube,Kirby Air Ride,Sky Sands,,game_midi/Kirby_Nintendo GameCube_Kirby Air Ride_Sky Sands.mid
looping_gameplay_bgm,Kirby,Nintendo GameCube,Kirby Air Ride,Station Fire,station,game_midi/Kirby_Nintendo GameCube_Kirby Air Ride_Station Fire.mid
ambiguous_other,Kirby,Nintendo GameCube,Kirby Air Ride,Tac Challenge,,game_midi/Kirby_Nintendo GameCube_Kirby Air Ride_Tac Challenge.mid
looping_gameplay_bgm,Kirby,Nintendo GameCube,Kirby Air Ride,The Beginners Room,room,game_midi/Kirby_Nintendo GameCube_Kirby Air Ride_The Beginners Room.mid
ambiguous_other,Kirby,Nintendo GameCube,Kirby Air Ride,Water,,game_midi/Kirby_Nintendo GameCube_Kirby Air Ride_Water.mid
ambiguous_other,Kirby,Nintendo GameCube,Kirby Air Ride,Whats in the Box?,,game_midi/Kirby_Nintendo GameCube_Kirby Air Ride_Whats in the Box?.mid
ambiguous_other,Kirby,Nintendo Switch,Kirby Star Allies,Kindness-Steeping Street,,game_midi/Kirby_Nintendo Switch_Kirby Star Allies_Kindness-Steeping Street.mid
ambiguous_other,Kirby,Nintendo Switch,Kirby Star Allies,Puppet Offering,,game_midi/Kirby_Nintendo Switch_Kirby Star Allies_Puppet Offering.mid
looping_gameplay_bgm,Kirby,Nintendo Switch,Kirby Star Allies,Wish-Granting Palace,palace,game_midi/Kirby_Nintendo Switch_Kirby Star Allies_Wish-Granting Palace.mid
ambiguous_other,Kirby,Satellaview,BS Kirbys Toy Box,Title (Star Break),,game_midi/Kirby_Satellaview_BS Kirbys Toy Box_Title (Star Break).mid
ambiguous_other,Kirby,Super Nintendo Entertainment System,Kirby Super Star,Bubbly Clouds,,game_midi/Kirby_Super Nintendo Entertainment System_Kirby Super Star_Bubbly Clouds.mid
looping_gameplay_bgm,Kirby,Super Nintendo Entertainment System,Kirby Super Star,Computer Virus Battle,attle!?,game_midi/Kirby_Super Nintendo Entertainment System_Kirby Super Star_Computer Virus Battle.mid
ambiguous_other,Kirby,Super Nintendo Entertainment System,Kirby Super Star,Corkboard,,game_midi/Kirby_Super Nintendo Entertainment System_Kirby Super Star_Corkboard.mid
looping_gameplay_bgm,Kirby,Super Nintendo Entertainment System,Kirby Super Star,Crash! Gourmet Race,race,game_midi/Kirby_Super Nintendo Entertainment System_Kirby Super Star_Crash! Gourmet Race.mid
looping_gameplay_bgm,Kirby,Super Nintendo Entertainment System,Kirby Super Star,Dynablade Overworld,overworld,game_midi/Kirby_Super Nintendo Entertainment System_Kirby Super Star_Dynablade Overworld.mid
ambiguous_other,Kirby,Super Nintendo Entertainment System,Kirby Super Star,Gladiator Kirby,,game_midi/Kirby_Super Nintendo Entertainment System_Kirby Super Star_Gladiator Kirby.mid
looping_gameplay_bgm,Kirby,Super Nintendo Entertainment System,Kirby Super Star,Gourmet Race,race,game_midi/Kirby_Super Nintendo Entertainment System_Kirby Super Star_Gourmet Race.mid
ambiguous_likely_loop,Kirby,Super Nintendo Entertainment System,Kirby Super Star,King Dededes Theme,theme,game_midi/Kirby_Super Nintendo Entertainment System_Kirby Super Star_King Dededes Theme.mid
ambiguous_likely_loop,Kirby,Super Nintendo Entertainment System,Kirby Super Star,Marxs Theme,theme,game_midi/Kirby_Super Nintendo Entertainment System_Kirby Super Star_Marxs Theme.mid
ambiguous_likely_loop,Kirby,Super Nintendo Entertainment System,Kirby Super Star,Meta Knights Theme,theme,game_midi/Kirby_Super Nintendo Entertainment System_Kirby Super Star_Meta Knights Theme.mid
looping_gameplay_bgm,Kirby,Super Nintendo Entertainment System,Kirby Super Star,Mine Cart Riding,mine,game_midi/Kirby_Super Nintendo Entertainment System_Kirby Super Star_Mine Cart Riding.mid
ambiguous_other,Kirby,Super Nintendo Entertainment System,Kirby Super Star,Peanut Plain,,game_midi/Kirby_Super Nintendo Entertainment System_Kirby Super Star_Peanut Plain.mid
ambiguous_other,Kirby,Super Nintendo Entertainment System,Kirby Super Star,Rest Point,,game_midi/Kirby_Super Nintendo Entertainment System_Kirby Super Star_Rest Point.mid
ambiguous_other,Kirby,Super Nintendo Entertainment System,Kirby Super Star,Taking Over the Halberd,,game_midi/Kirby_Super Nintendo Entertainment System_Kirby Super Star_Taking Over the Halberd.mid
ambiguous_other,Kirby,Super Nintendo Entertainment System,Kirby Super Star,The Battleship Halberd On Deck,,game_midi/Kirby_Super Nintendo Entertainment System_Kirby Super Star_The Battleship Halberd On Deck.mid
ambiguous_other,Kirby,Super Nintendo Entertainment System,Kirbys Avalanche,Title Screen,,game_midi/Kirby_Super Nintendo Entertainment System_Kirbys Avalanche_Title Screen.mid
ambiguous_other,Kirby,Super Nintendo Entertainment System,Kirbys Dream Course,King Dedede,,game_midi/Kirby_Super Nintendo Entertainment System_Kirbys Dream Course_King Dedede.mid
ambiguous_other,Kirby,Super Nintendo Entertainment System,Kirbys Dream Land 3,Iceberg,,game_midi/Kirby_Super Nintendo Entertainment System_Kirbys Dream Land 3_Iceberg.mid
ambiguous_other,Kirby,Wii U,Kirby and the Rainbow Curse,Milky Way Wishes,,game_midi/Kirby_Wii U_Kirby and the Rainbow Curse_Milky Way Wishes.mid
ambiguous_other,Kirby,Wii U,Kirby and the Rainbow Curse,Rainbow Across the Skies,,game_midi/Kirby_Wii U_Kirby and the Rainbow Curse_Rainbow Across the Skies.mid
ambiguous_other,Kirby,Wii,Kirbys Epic Yarn,Big-Bean Vine,,game_midi/Kirby_Wii_Kirbys Epic Yarn_Big-Bean Vine.mid
looping_gameplay_bgm,Kirby,Wii,Kirbys Epic Yarn,Blub-Blub Ocean,ocean,game_midi/Kirby_Wii_Kirbys Epic Yarn_Blub-Blub Ocean.mid
ambiguous_other,Kirby,Wii,Kirbys Epic Yarn,Butter Building,,game_midi/Kirby_Wii_Kirbys Epic Yarn_Butter Building.mid
looping_gameplay_bgm,Kirby,Wii,Kirbys Epic Yarn,Cool Cave,cave,game_midi/Kirby_Wii_Kirbys Epic Yarn_Cool Cave.mid
ambiguous_other,Kirby,Wii,Kirbys Epic Yarn,Cozy Cabin,,game_midi/Kirby_Wii_Kirbys Epic Yarn_Cozy Cabin.mid
looping_gameplay_bgm,Kirby,Wii,Kirbys Epic Yarn,Dream Land,land,game_midi/Kirby_Wii_Kirbys Epic Yarn_Dream Land.mid
ambiguous_other,Kirby,Wii,Kirbys Epic Yarn,Dusk Dunes,,game_midi/Kirby_Wii_Kirbys Epic Yarn_Dusk Dunes.mid
finite_song_or_cue,Kirby,Wii,Kirbys Epic Yarn,Ending,ending,game_midi/Kirby_Wii_Kirbys Epic Yarn_Ending.mid
ambiguous_other,Kirby,Wii,Kirbys Epic Yarn,Flower Fields,,game_midi/Kirby_Wii_Kirbys Epic Yarn_Flower Fields.mid
ambiguous_other,Kirby,Wii,Kirbys Epic Yarn,Frosty Wheel,,game_midi/Kirby_Wii_Kirbys Epic Yarn_Frosty Wheel.mid
looping_gameplay_bgm,Kirby,Wii,Kirbys Epic Yarn,Future City,city,game_midi/Kirby_Wii_Kirbys Epic Yarn_Future City.mid
looping_gameplay_bgm,Kirby,Wii,Kirbys Epic Yarn,Gourmet Race,race,game_midi/Kirby_Wii_Kirbys Epic Yarn_Gourmet Race.mid
looping_gameplay_bgm,Kirby,Wii,Kirbys Epic Yarn,Grass Land,land,game_midi/Kirby_Wii_Kirbys Epic Yarn_Grass Land.mid
ambiguous_other,Kirby,Wii,Kirbys Epic Yarn,Halberd,,game_midi/Kirby_Wii_Kirbys Epic Yarn_Halberd.mid
ambiguous_other,Kirby,Wii,Kirbys Epic Yarn,Kirbys Pad,,game_midi/Kirby_Wii_Kirbys Epic Yarn_Kirbys Pad.mid
ambiguous_other,Kirby,Wii,Kirbys Epic Yarn,Lava Landing,,game_midi/Kirby_Wii_Kirbys Epic Yarn_Lava Landing.mid
looping_gameplay_bgm,Kirby,Wii,Kirbys Epic Yarn,Melody Town,town,game_midi/Kirby_Wii_Kirbys Epic Yarn_Melody Town.mid
ambiguous_other,Kirby,Wii,Kirbys Epic Yarn,Meta Knight,,game_midi/Kirby_Wii_Kirbys Epic Yarn_Meta Knight.mid
ambiguous_other,Kirby,Wii,Kirbys Epic Yarn,Mole Hole,,game_midi/Kirby_Wii_Kirbys Epic Yarn_Mole Hole.mid
ambiguous_other,Kirby,Wii,Kirbys Epic Yarn,Mushroom Run,,game_midi/Kirby_Wii_Kirbys Epic Yarn_Mushroom Run.mid
looping_gameplay_bgm,Kirby,Wii,Kirbys Epic Yarn,Patch Castle,castle,game_midi/Kirby_Wii_Kirbys Epic Yarn_Patch Castle.mid
ambiguous_other,Kirby,Wii,Kirbys Epic Yarn,Quilty Court,,game_midi/Kirby_Wii_Kirbys Epic Yarn_Quilty Court.mid
looping_gameplay_bgm,Kirby,Wii,Kirbys Epic Yarn,Secret Island,island,game_midi/Kirby_Wii_Kirbys Epic Yarn_Secret Island.mid
looping_gameplay_bgm,Kirby,Wii,Kirbys Epic Yarn,Snow Land,land,game_midi/Kirby_Wii_Kirbys Epic Yarn_Snow Land.mid
ambiguous_other,Kirby,Wii,Kirbys Epic Yarn,Squashini,,game_midi/Kirby_Wii_Kirbys Epic Yarn_Squashini.mid
ambiguous_other,Kirby,Wii,Kirbys Epic Yarn,Stellar Way,,game_midi/Kirby_Wii_Kirbys Epic Yarn_Stellar Way.mid
ambiguous_other,Kirby,Wii,Kirbys Epic Yarn,Title Screen,,game_midi/Kirby_Wii_Kirbys Epic Yarn_Title Screen.mid
ambiguous_other,Kirby,Wii,Kirbys Epic Yarn,Toy Tracks,,game_midi/Kirby_Wii_Kirbys Epic Yarn_Toy Tracks.mid
looping_gameplay_bgm,Kirby,Wii,Kirbys Epic Yarn,Treat Land,land,game_midi/Kirby_Wii_Kirbys Epic Yarn_Treat Land.mid
looping_gameplay_bgm,Kirby,Wii,Kirbys Epic Yarn,Water Land,land,game_midi/Kirby_Wii_Kirbys Epic Yarn_Water Land.mid
looping_gameplay_bgm,Kirby,Wii,Kirbys Epic Yarn,Weird Woods,woods,game_midi/Kirby_Wii_Kirbys Epic Yarn_Weird Woods.mid
ambiguous_likely_loop,Kirby,Wii,Kirbys Epic Yarn,Yin-Yarns Theme,theme,game_midi/Kirby_Wii_Kirbys Epic Yarn_Yin-Yarns Theme.mid
looping_gameplay_bgm,Kirby,Wii,Kirbys Return to Dream Land,Boss Battle,"attle!?, oss",game_midi/Kirby_Wii_Kirbys Return to Dream Land_Boss Battle.mid
ambiguous_other,Kirby,Wii,Kirbys Return to Dream Land,Dangerous Dinner,,game_midi/Kirby_Wii_Kirbys Return to Dream Land_Dangerous Dinner.mid
ambiguous_other,Kirby,Wii,Kirbys Return to Dream Land,Egg Engines,,game_midi/Kirby_Wii_Kirbys Return to Dream Land_Egg Engines.mid
finite_song_or_cue,Kirby,Wii,Kirbys Return to Dream Land,Road to Victory (The Arena),victory!?,game_midi/Kirby_Wii_Kirbys Return to Dream Land_Road to Victory (The Arena).mid
looping_gameplay_bgm,Kirby,Wii,Kirbys Return to Dream Land,Steel Station,station,game_midi/Kirby_Wii_Kirbys Return to Dream Land_Steel Station.mid
looping_gameplay_bgm,Mana,Game Boy,Final Fantasy Adventure,Battle 2,attle!?,game_midi/Mana_Game Boy_Final Fantasy Adventure_Battle 2.mid
ambiguous_other,Mana,Game Boy,Final Fantasy Adventure,Endless Battlefield,,game_midi/Mana_Game Boy_Final Fantasy Adventure_Endless Battlefield.mid
ambiguous_other,Mana,Game Boy,Final Fantasy Adventure,Jemas Realization,,game_midi/Mana_Game Boy_Final Fantasy Adventure_Jemas Realization.mid
ambiguous_other,Mana,Game Boy,Final Fantasy Adventure,Legend Forever,,game_midi/Mana_Game Boy_Final Fantasy Adventure_Legend Forever.mid
looping_gameplay_bgm,Mana,Game Boy,Final Fantasy Adventure,Mana Palace,palace,game_midi/Mana_Game Boy_Final Fantasy Adventure_Mana Palace.mid
ambiguous_other,Mana,Game Boy,Final Fantasy Adventure,Manas Mission,,game_midi/Mana_Game Boy_Final Fantasy Adventure_Manas Mission.mid
looping_gameplay_bgm,Mana,Game Boy,Final Fantasy Adventure,Royal Palace Theme,palace,game_midi/Mana_Game Boy_Final Fantasy Adventure_Royal Palace Theme.mid
looping_gameplay_bgm,Mana,PlayStation,Legend of Mana,Cliff Town Gato,town,game_midi/Mana_PlayStation_Legend of Mana_Cliff Town Gato.mid
ambiguous_other,Mana,PlayStation,Legend of Mana,Pastoral,,game_midi/Mana_PlayStation_Legend of Mana_Pastoral.mid
ambiguous_other,Mana,PlayStation,Legend of Mana,Places of Soul,,game_midi/Mana_PlayStation_Legend of Mana_Places of Soul.mid
ambiguous_other,Mana,SNES,Secret of Mana,A Wish_0,,game_midi/Mana_SNES_Secret of Mana_A Wish_0.mid
ambiguous_other,Mana,SNES,Secret of Mana,Close Your Eye lids_0,,game_midi/Mana_SNES_Secret of Mana_Close Your Eye lids_0.mid
ambiguous_other,Mana,SNES,Secret of Mana,Danger_0,,game_midi/Mana_SNES_Secret of Mana_Danger_0.mid
ambiguous_other,Mana,SNES,Secret of Mana,Kind Memories_0,,game_midi/Mana_SNES_Secret of Mana_Kind Memories_0.mid
ambiguous_other,Mana,SNES,Secret of Mana,Meridian Dance_0,,game_midi/Mana_SNES_Secret of Mana_Meridian Dance_0.mid
ambiguous_other,Mana,SNES,Secret of Mana,Rose and Ghost_0,,game_midi/Mana_SNES_Secret of Mana_Rose and Ghost_0.mid
ambiguous_other,Mana,SNES,Secret of Mana,Spirit of the Night_0,,game_midi/Mana_SNES_Secret of Mana_Spirit of the Night_0.mid
ambiguous_other,Mana,SNES,Secret of Mana,Tell A Strange Tale_0,,game_midi/Mana_SNES_Secret of Mana_Tell A Strange Tale_0.mid
ambiguous_other,Mana,SNES,Secret of Mana,The Holy Intruder_0,,game_midi/Mana_SNES_Secret of Mana_The Holy Intruder_0.mid
ambiguous_likely_loop,Mana,Super Nintendo Entertainment System,Trials of Mana,Another Winter,winter,game_midi/Mana_Super Nintendo Entertainment System_Trials of Mana_Another Winter.mid
ambiguous_other,Mana,Super Nintendo Entertainment System,Trials of Mana,Sacrifice Part Three,,game_midi/Mana_Super Nintendo Entertainment System_Trials of Mana_Sacrifice Part Three.mid
looping_gameplay_bgm,Mario Kart,Game Boy Advance,Mario Kart Super Circuit,Battle,attle!?,game_midi/Mario Kart_Game Boy Advance_Mario Kart Super Circuit_Battle.mid
finite_song_or_cue,Mario Kart,Game Boy Advance,Mario Kart Super Circuit,Credits,credits?,game_midi/Mario Kart_Game Boy Advance_Mario Kart Super Circuit_Credits.mid
looping_gameplay_bgm,Mario Kart,Game Boy Advance,Mario Kart Super Circuit,Sky Garden,garden,game_midi/Mario Kart_Game Boy Advance_Mario Kart Super Circuit_Sky Garden.mid
looping_gameplay_bgm,Mario Kart,Game Boy Advance,Mario Kart Super Circuit,Snow Land,land,game_midi/Mario Kart_Game Boy Advance_Mario Kart Super Circuit_Snow Land.mid
ambiguous_other,Mario Kart,Game Boy Advance,Mario Kart Super Circuit,Sunset Wilds,,game_midi/Mario Kart_Game Boy Advance_Mario Kart Super Circuit_Sunset Wilds.mid
looping_gameplay_bgm,Mario Kart,Nintendo 3DS,Mario Kart 7,Rainbow Road,road,game_midi/Mario Kart_Nintendo 3DS_Mario Kart 7_Rainbow Road.mid
looping_gameplay_bgm,Mario Kart,Nintendo 64,Mario Kart 64,Battle,attle!?,game_midi/Mario Kart_Nintendo 64_Mario Kart 64_Battle.mid
looping_gameplay_bgm,Mario Kart,Nintendo 64,Mario Kart 64,Bowsers Castle,castle,game_midi/Mario Kart_Nintendo 64_Mario Kart 64_Bowsers Castle.mid
looping_gameplay_bgm,Mario Kart,Nintendo 64,Mario Kart 64,Choco Mountain,mountain,game_midi/Mario Kart_Nintendo 64_Mario Kart 64_Choco Mountain.mid
looping_gameplay_bgm,Mario Kart,Nintendo 64,Mario Kart 64,Kalimari Desert,desert,game_midi/Mario Kart_Nintendo 64_Mario Kart 64_Kalimari Desert.mid
looping_gameplay_bgm,Mario Kart,Nintendo 64,Mario Kart 64,Koopa Troopa Beach,each,game_midi/Mario Kart_Nintendo 64_Mario Kart 64_Koopa Troopa Beach.mid
ambiguous_other,Mario Kart,Nintendo 64,Mario Kart 64,Mario Raceway,,game_midi/Mario Kart_Nintendo 64_Mario Kart 64_Mario Raceway.mid
looping_gameplay_bgm,Mario Kart,Nintendo 64,Mario Kart 64,Moo Moo Farm Yoshi Valley,valley,game_midi/Mario Kart_Nintendo 64_Mario Kart 64_Moo Moo Farm Yoshi Valley.mid
ambiguous_other,Mario Kart,Nintendo 64,Mario Kart 64,Prize #1 (1st - 3rd),,game_midi/Mario Kart_Nintendo 64_Mario Kart 64_Prize #1 (1st - 3rd).mid
looping_gameplay_bgm,Mario Kart,Nintendo 64,Mario Kart 64,Rainbow Road,road,game_midi/Mario Kart_Nintendo 64_Mario Kart 64_Rainbow Road.mid
finite_song_or_cue,Mario Kart,Nintendo 64,Mario Kart 64,Result #1 (Win),results?,game_midi/Mario Kart_Nintendo 64_Mario Kart 64_Result #1 (Win).mid
finite_song_or_cue,Mario Kart,Nintendo 64,Mario Kart 64,Result #2 (Lose),results?,game_midi/Mario Kart_Nintendo 64_Mario Kart 64_Result #2 (Lose).mid
finite_song_or_cue,Mario Kart,Nintendo 64,Mario Kart 64,Result #3 (VS & Battle),results?,game_midi/Mario Kart_Nintendo 64_Mario Kart 64_Result #3 (VS & Battle).mid
looping_gameplay_bgm,Mario Kart,Nintendo 64,Mario Kart 64,Select,select,game_midi/Mario Kart_Nintendo 64_Mario Kart 64_Select.mid
finite_song_or_cue,Mario Kart,Nintendo 64,Mario Kart 64,Staff Roll,staff roll,game_midi/Mario Kart_Nintendo 64_Mario Kart 64_Staff Roll.mid
ambiguous_other,Mario Kart,Nintendo 64,Mario Kart 64,Star,,game_midi/Mario Kart_Nintendo 64_Mario Kart 64_Star.mid
ambiguous_other,Mario Kart,Nintendo 64,Mario Kart 64,Title Screen,,game_midi/Mario Kart_Nintendo 64_Mario Kart 64_Title Screen.mid
ambiguous_other,Mario Kart,Nintendo 64,Mario Kart 64,Toads Turnpike,,game_midi/Mario Kart_Nintendo 64_Mario Kart 64_Toads Turnpike.mid
looping_gameplay_bgm,Mario Kart,Nintendo DS,Mario Kart DS,Airship Fortress,"fortress, airship",game_midi/Mario Kart_Nintendo DS_Mario Kart DS_Airship Fortress.mid
looping_gameplay_bgm,Mario Kart,Nintendo DS,Mario Kart DS,Battle Mode,attle!?,game_midi/Mario Kart_Nintendo DS_Mario Kart DS_Battle Mode.mid
ambiguous_other,Mario Kart,Nintendo DS,Mario Kart DS,Delfino Square,,game_midi/Mario Kart_Nintendo DS_Mario Kart DS_Delfino Square.mid
looping_gameplay_bgm,Mario Kart,Nintendo DS,Mario Kart DS,Luigis Mansion,mansion,game_midi/Mario Kart_Nintendo DS_Mario Kart DS_Luigis Mansion.mid
looping_gameplay_bgm,Mario Kart,Nintendo DS,Mario Kart DS,Main Menu,menu,game_midi/Mario Kart_Nintendo DS_Mario Kart DS_Main Menu.mid
looping_gameplay_bgm,Mario Kart,Nintendo DS,Mario Kart DS,Nintendo WFC Menu,menu,game_midi/Mario Kart_Nintendo DS_Mario Kart DS_Nintendo WFC Menu.mid
ambiguous_other,Mario Kart,Nintendo DS,Mario Kart DS,Peach Gardens,,game_midi/Mario Kart_Nintendo DS_Mario Kart DS_Peach Gardens.mid
looping_gameplay_bgm,Mario Kart,Nintendo DS,Mario Kart DS,Rainbow Road,road,game_midi/Mario Kart_Nintendo DS_Mario Kart DS_Rainbow Road.mid
ambiguous_other,Mario Kart,Nintendo DS,Mario Kart DS,Tick Tock Clock,,game_midi/Mario Kart_Nintendo DS_Mario Kart DS_Tick Tock Clock.mid
ambiguous_other,Mario Kart,Nintendo DS,Mario Kart DS,Title Screen,,game_midi/Mario Kart_Nintendo DS_Mario Kart DS_Title Screen.mid
ambiguous_other,Mario Kart,Nintendo DS,Mario Kart DS,Waluigi Pinball,,game_midi/Mario Kart_Nintendo DS_Mario Kart DS_Waluigi Pinball.mid
looping_gameplay_bgm,Mario Kart,Nintendo GameCube,Mario Kart Double Dash!!,Baby Park,park,game_midi/Mario Kart_Nintendo GameCube_Mario Kart Double Dash!!_Baby Park.mid
ambiguous_other,Mario Kart,Nintendo GameCube,Mario Kart Double Dash!!,Chain Chomp,,game_midi/Mario Kart_Nintendo GameCube_Mario Kart Double Dash!!_Chain Chomp.mid
looping_gameplay_bgm,Mario Kart,Nintendo GameCube,Mario Kart Double Dash!!,Circuit,circuit,game_midi/Mario Kart_Nintendo GameCube_Mario Kart Double Dash!!_Circuit.mid
looping_gameplay_bgm,Mario Kart,Nintendo GameCube,Mario Kart Double Dash!!,Dry Dry Desert,desert,game_midi/Mario Kart_Nintendo GameCube_Mario Kart Double Dash!!_Dry Dry Desert.mid
looping_gameplay_bgm,Mario Kart,Nintendo GameCube,Mario Kart Double Dash!!,Menu,menu,game_midi/Mario Kart_Nintendo GameCube_Mario Kart Double Dash!!_Menu.mid
looping_gameplay_bgm,Mario Kart,Nintendo GameCube,Mario Kart Double Dash!!,Mushroom Bridge & Mushroom City,city,game_midi/Mario Kart_Nintendo GameCube_Mario Kart Double Dash!!_Mushroom Bridge & Mushroom City.mid
looping_gameplay_bgm,Mario Kart,Nintendo GameCube,Mario Kart Double Dash!!,Rainbow Road,road,game_midi/Mario Kart_Nintendo GameCube_Mario Kart Double Dash!!_Rainbow Road.mid
looping_gameplay_bgm,Mario Kart,Nintendo GameCube,Mario Kart Double Dash!!,Sherbet Land,land,game_midi/Mario Kart_Nintendo GameCube_Mario Kart Double Dash!!_Sherbet Land.mid
finite_song_or_cue,Mario Kart,Nintendo GameCube,Mario Kart Double Dash!!,Staff Roll,staff roll,game_midi/Mario Kart_Nintendo GameCube_Mario Kart Double Dash!!_Staff Roll.mid
ambiguous_other,Mario Kart,Nintendo GameCube,Mario Kart Double Dash!!,Waluigi Stadium,,game_midi/Mario Kart_Nintendo GameCube_Mario Kart Double Dash!!_Waluigi Stadium.mid
looping_gameplay_bgm,Mario Kart,Super Nintendo Entertainment System,Super Mario Kart,Battle Mode,attle!?,game_midi/Mario Kart_Super Nintendo Entertainment System_Super Mario Kart_Battle Mode.mid
looping_gameplay_bgm,Mario Kart,Super Nintendo Entertainment System,Super Mario Kart,Choco Island,island,game_midi/Mario Kart_Super Nintendo Entertainment System_Super Mario Kart_Choco Island.mid
ambiguous_other,Mario Kart,Super Nintendo Entertainment System,Super Mario Kart,Choose Your Driver,,game_midi/Mario Kart_Super Nintendo Entertainment System_Super Mario Kart_Choose Your Driver.mid
finite_song_or_cue,Mario Kart,Super Nintendo Entertainment System,Super Mario Kart,Credits,credits?,game_midi/Mario Kart_Super Nintendo Entertainment System_Super Mario Kart_Credits.mid
looping_gameplay_bgm,Mario Kart,Super Nintendo Entertainment System,Super Mario Kart,Donut Plains,plains,game_midi/Mario Kart_Super Nintendo Entertainment System_Super Mario Kart_Donut Plains.mid
looping_gameplay_bgm,Mario Kart,Super Nintendo Entertainment System,Super Mario Kart,Koopa Beach,each,game_midi/Mario Kart_Super Nintendo Entertainment System_Super Mario Kart_Koopa Beach.mid
looping_gameplay_bgm,Mario Kart,Super Nintendo Entertainment System,Super Mario Kart,Mario Circuit,circuit,game_midi/Mario Kart_Super Nintendo Entertainment System_Super Mario Kart_Mario Circuit.mid
looping_gameplay_bgm,Mario Kart,Super Nintendo Entertainment System,Super Mario Kart,Rainbow Road (Duet),road,game_midi/Mario Kart_Super Nintendo Entertainment System_Super Mario Kart_Rainbow Road (Duet).mid
looping_gameplay_bgm,Mario Kart,Super Nintendo Entertainment System,Super Mario Kart,Rainbow Road,road,game_midi/Mario Kart_Super Nintendo Entertainment System_Super Mario Kart_Rainbow Road.mid
ambiguous_other,Mario Kart,Super Nintendo Entertainment System,Super Mario Kart,Title Screen,,game_midi/Mario Kart_Super Nintendo Entertainment System_Super Mario Kart_Title Screen.mid
looping_gameplay_bgm,Mario Kart,Super Nintendo Entertainment System,Super Mario Kart,Vanilla Lake (Beta 2),lake,game_midi/Mario Kart_Super Nintendo Entertainment System_Super Mario Kart_Vanilla Lake (Beta 2).mid
looping_gameplay_bgm,Mario Kart,Super Nintendo Entertainment System,Super Mario Kart,Vanilla Lake,lake,game_midi/Mario Kart_Super Nintendo Entertainment System_Super Mario Kart_Vanilla Lake.mid
finite_song_or_cue,Mario Kart,Super Nintendo Entertainment System,Super Mario Kart,Victory,victory!?,game_midi/Mario Kart_Super Nintendo Entertainment System_Super Mario Kart_Victory.mid
looping_gameplay_bgm,Mario Kart,Wii U,Mario Kart 8,3DS Music Park,park,game_midi/Mario Kart_Wii U_Mario Kart 8_3DS Music Park.mid
finite_song_or_cue,Mario Kart,Wii U,Mario Kart 8,Animal Crossing Results,results?,game_midi/Mario Kart_Wii U_Mario Kart 8_Animal Crossing Results.mid
ambiguous_other,Mario Kart,Wii U,Mario Kart 8,Bone-Dry Dunes,,game_midi/Mario Kart_Wii U_Mario Kart 8_Bone-Dry Dunes.mid
ambiguous_other,Mario Kart,Wii U,Mario Kart 8,Cloudtop Cruise,,game_midi/Mario Kart_Wii U_Mario Kart 8_Cloudtop Cruise.mid
finite_song_or_cue,Mario Kart,Wii U,Mario Kart 8,Fanfare Collection,fanfare,game_midi/Mario Kart_Wii U_Mario Kart 8_Fanfare Collection.mid
looping_gameplay_bgm,Mario Kart,Wii U,Mario Kart 8,GCN Dry Dry Desert,desert,game_midi/Mario Kart_Wii U_Mario Kart 8_GCN Dry Dry Desert.mid
looping_gameplay_bgm,Mario Kart,Wii U,Mario Kart 8,Main Menu,menu,game_midi/Mario Kart_Wii U_Mario Kart 8_Main Menu.mid
ambiguous_other,Mario Kart,Wii U,Mario Kart 8,Mario Kart 8,,game_midi/Mario Kart_Wii U_Mario Kart 8_Mario Kart 8.mid
ambiguous_other,Mario Kart,Wii U,Mario Kart 8,Mount Wario,,game_midi/Mario Kart_Wii U_Mario Kart 8_Mount Wario.mid
ambiguous_other,Mario Kart,Wii U,Mario Kart 8,Shy Guy Falls,,game_midi/Mario Kart_Wii U_Mario Kart 8_Shy Guy Falls.mid
ambiguous_other,Mario Kart,Wii U,Mario Kart 8,Sunshine Airport,,game_midi/Mario Kart_Wii U_Mario Kart 8_Sunshine Airport.mid
ambiguous_other,Mario Kart,Wii U,Mario Kart 8,Sweet Sweet Canyon,,game_midi/Mario Kart_Wii U_Mario Kart 8_Sweet Sweet Canyon.mid
looping_gameplay_bgm,Mario Kart,Wii U,Mario Kart 8,Water Park,park,game_midi/Mario Kart_Wii U_Mario Kart 8_Water Park.mid
ambiguous_other,Mario Kart,Wii U,Mario Kart 8,Wii Moo Moo Meadows,,game_midi/Mario Kart_Wii U_Mario Kart 8_Wii Moo Moo Meadows.mid
finite_song_or_cue,Mario Kart,Wii,Mario Kart Wii,Credits Part 2,credits?,game_midi/Mario Kart_Wii_Mario Kart Wii_Credits Part 2.mid
ambiguous_other,Mario Kart,Wii,Mario Kart Wii,DK Summit,,game_midi/Mario Kart_Wii_Mario Kart Wii_DK Summit.mid
looping_gameplay_bgm,Mario Kart,Wii,Mario Kart Wii,Daisy Circuit,circuit,game_midi/Mario Kart_Wii_Mario Kart Wii_Daisy Circuit.mid
ambiguous_other,Mario Kart,Wii,Mario Kart Wii,Grumble Volcano,,game_midi/Mario Kart_Wii_Mario Kart Wii_Grumble Volcano.mid
ambiguous_other,Mario Kart,Wii,Mario Kart Wii,Koopa Cape,,game_midi/Mario Kart_Wii_Mario Kart Wii_Koopa Cape.mid
ambiguous_other,Mario Kart,Wii,Mario Kart Wii,Maple Treeway,,game_midi/Mario Kart_Wii_Mario Kart Wii_Maple Treeway.mid
ambiguous_other,Mario Kart,Wii,Mario Kart Wii,Moo Moo Meadows,,game_midi/Mario Kart_Wii_Mario Kart Wii_Moo Moo Meadows.mid
ambiguous_other,Mario Kart,Wii,Mario Kart Wii,Moonview Highway,,game_midi/Mario Kart_Wii_Mario Kart Wii_Moonview Highway.mid
finite_song_or_cue,Mario Kart,Wii,Mario Kart Wii,Race Results (Win),results?,game_midi/Mario Kart_Wii_Mario Kart Wii_Race Results (Win).mid
looping_gameplay_bgm,Mario Kart,Wii,Mario Kart Wii,Rainbow Road,road,game_midi/Mario Kart_Wii_Mario Kart Wii_Rainbow Road.mid
looping_gameplay_bgm,Mario Kart,Wii,Mario Kart Wii,Thwomp Desert,desert,game_midi/Mario Kart_Wii_Mario Kart Wii_Thwomp Desert.mid
looping_gameplay_bgm,Mario Kart,Wii,Mario Kart Wii,Wi-Fi Waiting Room,room,game_midi/Mario Kart_Wii_Mario Kart Wii_Wi-Fi Waiting Room.mid
finite_song_or_cue,Mario Party,Nintendo 64,Mario Party 2,Ending Theme,"ending, ending theme",game_midi/Mario Party_Nintendo 64_Mario Party 2_Ending Theme.mid
ambiguous_other,Mario Party,Nintendo 64,Mario Party 2,Going Somewhere,,game_midi/Mario Party_Nintendo 64_Mario Party 2_Going Somewhere.mid
looping_gameplay_bgm,Mario Party,Nintendo 64,Mario Party 2,Horror Land,land,game_midi/Mario Party_Nintendo 64_Mario Party 2_Horror Land.mid
ambiguous_other,Mario Party,Nintendo 64,Mario Party 2,Keepin on the Path,,game_midi/Mario Party_Nintendo 64_Mario Party 2_Keepin on the Path.mid
looping_gameplay_bgm,Mario Party,Nintendo 64,Mario Party 2,Space Land,land,game_midi/Mario Party_Nintendo 64_Mario Party 2_Space Land.mid
ambiguous_other,Mario Party,Nintendo 64,Mario Party 2,Start of the Adventure,,game_midi/Mario Party_Nintendo 64_Mario Party 2_Start of the Adventure.mid
ambiguous_other,Mario Party,Nintendo 64,Mario Party 2,The Adventure Ends,,game_midi/Mario Party_Nintendo 64_Mario Party 2_The Adventure Ends.mid
ambiguous_other,Mario Party,Nintendo 64,Mario Party 2,The Blue Skies Yonder,,game_midi/Mario Party_Nintendo 64_Mario Party 2_The Blue Skies Yonder.mid
ambiguous_other,Mario Party,Nintendo 64,Mario Party 2,The Way to Play,,game_midi/Mario Party_Nintendo 64_Mario Party 2_The Way to Play.mid
looping_gameplay_bgm,Mario Party,Nintendo 64,Mario Party 3,Castle Grounds,castle,game_midi/Mario Party_Nintendo 64_Mario Party 3_Castle Grounds.mid
ambiguous_other,Mario Party,Nintendo 64,Mario Party 3,Chilly Waters,,game_midi/Mario Party_Nintendo 64_Mario Party 3_Chilly Waters.mid
finite_song_or_cue,Mario Party,Nintendo 64,Mario Party 3,Ending Theme,"ending, ending theme",game_midi/Mario Party_Nintendo 64_Mario Party 3_Ending Theme.mid
ambiguous_other,Mario Party,Nintendo 64,Mario Party 3,Looking Ahead,,game_midi/Mario Party_Nintendo 64_Mario Party 3_Looking Ahead.mid
ambiguous_other,Mario Party,Nintendo 64,Mario Party 3,Preparation for Adventure,,game_midi/Mario Party_Nintendo 64_Mario Party 3_Preparation for Adventure.mid
looping_gameplay_bgm,Mario Party,Nintendo 64,Mario Party 3,Select a File,select,game_midi/Mario Party_Nintendo 64_Mario Party 3_Select a File.mid
ambiguous_other,Mario Party,Nintendo 64,Mario Party 3,The Adventure Ends,,game_midi/Mario Party_Nintendo 64_Mario Party 3_The Adventure Ends.mid
ambiguous_other,Mario Party,Nintendo 64,Mario Party 3,Title Screen,,game_midi/Mario Party_Nintendo 64_Mario Party 3_Title Screen.mid
looping_gameplay_bgm,Mario Party,Nintendo 64,Mario Party 3,Woody Woods,woods,game_midi/Mario Party_Nintendo 64_Mario Party 3_Woody Woods.mid
ambiguous_other,Mario Party,Nintendo 64,Mario Party,Eternal Star,,game_midi/Mario Party_Nintendo 64_Mario Party_Eternal Star.mid
ambiguous_other,Mario Party,Nintendo 64,Mario Party,Everyones a Super Star,,game_midi/Mario Party_Nintendo 64_Mario Party_Everyones a Super Star.mid
ambiguous_other,Mario Party,Nintendo 64,Mario Party,Faster Than All,,game_midi/Mario Party_Nintendo 64_Mario Party_Faster Than All.mid
ambiguous_other,Mario Party,Nintendo 64,Mario Party,Lets Play a Mini-Game!,,game_midi/Mario Party_Nintendo 64_Mario Party_Lets Play a Mini-Game!.mid
looping_gameplay_bgm,Mario Party,Nintendo 64,Mario Party,Magma Mountain,mountain,game_midi/Mario Party_Nintendo 64_Mario Party_Magma Mountain.mid
ambiguous_other,Mario Party,Nintendo 64,Mario Party,Mini-Game Stadium,,game_midi/Mario Party_Nintendo 64_Mario Party_Mini-Game Stadium.mid
looping_gameplay_bgm,Mario Party,Nintendo 64,Mario Party,Mushroom Shop,shop,game_midi/Mario Party_Nintendo 64_Mario Party_Mushroom Shop.mid
finite_song_or_cue,Mario Party,Nintendo 64,Mario Party,Opening Theme,opening,game_midi/Mario Party_Nintendo 64_Mario Party_Opening Theme.mid
looping_gameplay_bgm,Mario Party,Nintendo 64,Mario Party,Rainbow Castle,castle,game_midi/Mario Party_Nintendo 64_Mario Party_Rainbow Castle.mid
ambiguous_other,Mario Party,Nintendo 64,Mario Party,Saving Courage,,game_midi/Mario Party_Nintendo 64_Mario Party_Saving Courage.mid
ambiguous_other,Mario Party,Nintendo 64,Mario Party,The Adventure Begins,,game_midi/Mario Party_Nintendo 64_Mario Party_The Adventure Begins.mid
ambiguous_other,Mario Party,Nintendo GameCube,Mario Party 4,Boos Haunted Bash,,game_midi/Mario Party_Nintendo GameCube_Mario Party 4_Boos Haunted Bash.mid
ambiguous_other,Mario Party,Nintendo GameCube,Mario Party 4,Fortunes Turn,,game_midi/Mario Party_Nintendo GameCube_Mario Party 4_Fortunes Turn.mid
looping_gameplay_bgm,Mario Party,Nintendo GameCube,Mario Party 4,The Boo House,house,game_midi/Mario Party_Nintendo GameCube_Mario Party 4_The Boo House.mid
ambiguous_likely_loop,Mario Party,Nintendo GameCube,Mario Party 5,Start of the Dream,dream,game_midi/Mario Party_Nintendo GameCube_Mario Party 5_Start of the Dream.mid
ambiguous_other,Mario Party,Nintendo GameCube,Mario Party 6,Faire Square,,game_midi/Mario Party_Nintendo GameCube_Mario Party 6_Faire Square.mid
ambiguous_likely_loop,Mario Party,Nintendo GameCube,Mario Party 6,Night Duel,night,game_midi/Mario Party_Nintendo GameCube_Mario Party 6_Night Duel.mid
ambiguous_other,Mario Party,Nintendo GameCube,Mario Party 7,Pagoda Peak,,game_midi/Mario Party_Nintendo GameCube_Mario Party 7_Pagoda Peak.mid
ambiguous_other,Mario Party,Nintendo GameCube,Mario Party 7,Sail the Canals,,game_midi/Mario Party_Nintendo GameCube_Mario Party 7_Sail the Canals.mid
ambiguous_other,Mario Party,Nintendo GameCube,Mario Party 7,Windmillville,,game_midi/Mario Party_Nintendo GameCube_Mario Party 7_Windmillville.mid
looping_gameplay_bgm,Mario Party,Wii,Mario Party 9,Battle with Blooper!,attle!?,game_midi/Mario Party_Wii_Mario Party 9_Battle with Blooper!.mid
ambiguous_other,Mario Party,Wii,Mario Party 9,Bloopers Mad!,,game_midi/Mario Party_Wii_Mario Party 9_Bloopers Mad!.mid
ambiguous_other,Mario Party,Wii,Mario Party 9,Now Youve Done It,,game_midi/Mario Party_Wii_Mario Party 9_Now Youve Done It.mid
looping_gameplay_bgm,Mega Man,Game Boy Advance,Mega Man Battle Network,Home Town,town,game_midi/Mega Man_Game Boy Advance_Mega Man Battle Network_Home Town.mid
looping_gameplay_bgm,Mega Man,Game Boy Advance,Mega Man Battle Network,Running Through the Cyber World,world,game_midi/Mega Man_Game Boy Advance_Mega Man Battle Network_Running Through the Cyber World.mid
ambiguous_other,Mega Man,Game Boy Advance,Mega Man Zero 2,Gravity,,game_midi/Mega Man_Game Boy Advance_Mega Man Zero 2_Gravity.mid
finite_song_or_cue,Mega Man,Game Boy Advance,Mega Man Zero 2,Intro,intro,game_midi/Mega Man_Game Boy Advance_Mega Man Zero 2_Intro.mid
ambiguous_other,Mega Man,Game Boy Advance,Mega Man Zero 2,Neo Arcadia II,,game_midi/Mega Man_Game Boy Advance_Mega Man Zero 2_Neo Arcadia II.mid
ambiguous_other,Mega Man,Game Boy Advance,Mega Man Zero 2,Power Bom,,game_midi/Mega Man_Game Boy Advance_Mega Man Zero 2_Power Bom.mid
ambiguous_other,Mega Man,Game Boy Advance,Mega Man Zero 3,Cannon Ball,,game_midi/Mega Man_Game Boy Advance_Mega Man Zero 3_Cannon Ball.mid
ambiguous_other,Mega Man,Game Boy Advance,Mega Man Zero 3,Hells Gate Open,,game_midi/Mega Man_Game Boy Advance_Mega Man Zero 3_Hells Gate Open.mid
ambiguous_other,Mega Man,Game Boy Advance,Mega Man Zero 3,High-Speed Lift,,game_midi/Mega Man_Game Boy Advance_Mega Man Zero 3_High-Speed Lift.mid
ambiguous_other,Mega Man,Game Boy Advance,Mega Man Zero 3,Reborn Mechanics,,game_midi/Mega Man_Game Boy Advance_Mega Man Zero 3_Reborn Mechanics.mid
ambiguous_likely_loop,Mega Man,Game Boy Advance,Mega Man Zero 3,Trail on Powdery Snow,snow,game_midi/Mega Man_Game Boy Advance_Mega Man Zero 3_Trail on Powdery Snow.mid
ambiguous_other,Mega Man,Game Boy Advance,Mega Man Zero 3,Volcano,,game_midi/Mega Man_Game Boy Advance_Mega Man Zero 3_Volcano.mid
looping_gameplay_bgm,Mega Man,Game Boy Advance,Mega Man Zero 4,Power Field,field,game_midi/Mega Man_Game Boy Advance_Mega Man Zero 4_Power Field.mid
ambiguous_other,Mega Man,Game Boy Advance,Mega Man Zero,EXPRESS UG,,game_midi/Mega Man_Game Boy Advance_Mega Man Zero_EXPRESS UG.mid
ambiguous_other,Mega Man,Game Boy Advance,Mega Man Zero,Resistance,,game_midi/Mega Man_Game Boy Advance_Mega Man Zero_Resistance.mid
ambiguous_likely_loop,Mega Man,Game Boy Advance,Mega Man Zero,Theme of ZERO (from Mega Man X),theme,game_midi/Mega Man_Game Boy Advance_Mega Man Zero_Theme of ZERO (from Mega Man X).mid
looping_gameplay_bgm,Mega Man,Game Boy,Mega Man Dr Wilys Revenge,Dr Wily Stage 1,stage,game_midi/Mega Man_Game Boy_Mega Man Dr Wilys Revenge_Dr Wily Stage 1.mid
looping_gameplay_bgm,Mega Man,Game Boy,Mega Man III,Wily Stage 2,stage,game_midi/Mega Man_Game Boy_Mega Man III_Wily Stage 2.mid
ambiguous_other,Mega Man,Game Boy,Mega Man II,Title Screen,,game_midi/Mega Man_Game Boy_Mega Man II_Title Screen.mid
looping_gameplay_bgm,Mega Man,Game Boy,Mega Man IV,Dr Wily Stage,stage,game_midi/Mega Man_Game Boy_Mega Man IV_Dr Wily Stage.mid
looping_gameplay_bgm,Mega Man,Game Boy,Mega Man V,Pluto Stage,stage,game_midi/Mega Man_Game Boy_Mega Man V_Pluto Stage.mid
looping_gameplay_bgm,Mega Man,Multiplatform,Mega Man 10,Fireball Strike (Strike Man Stage),stage,game_midi/Mega Man_Multiplatform_Mega Man 10_Fireball Strike (Strike Man Stage).mid
looping_gameplay_bgm,Mega Man,Multiplatform,Mega Man 10,Nitro Rider (Nitro Man Stage),stage,game_midi/Mega Man_Multiplatform_Mega Man 10_Nitro Rider (Nitro Man Stage).mid
ambiguous_other,Mega Man,Multiplatform,Mega Man 10,Title,,game_midi/Mega Man_Multiplatform_Mega Man 10_Title.mid
looping_gameplay_bgm,Mega Man,Multiplatform,Mega Man 9,Flash in the Dark (Wily Stage 1),stage,game_midi/Mega Man_Multiplatform_Mega Man 9_Flash in the Dark (Wily Stage 1).mid
looping_gameplay_bgm,Mega Man,Multiplatform,Mega Man 9,Hornet Dance (Hornet Man Stage),stage,game_midi/Mega Man_Multiplatform_Mega Man 9_Hornet Dance (Hornet Man Stage).mid
looping_gameplay_bgm,Mega Man,Multiplatform,Mega Man 9,Jewel Temptation (Jewel Man Stage),stage,game_midi/Mega Man_Multiplatform_Mega Man 9_Jewel Temptation (Jewel Man Stage).mid
ambiguous_other,Mega Man,Multiplatform,Mega Man 9,Title,,game_midi/Mega Man_Multiplatform_Mega Man 9_Title.mid
ambiguous_other,Mega Man,Multiplatform,Mega Man 9,Wily Machine,,game_midi/Mega Man_Multiplatform_Mega Man 9_Wily Machine.mid
ambiguous_other,Mega Man,Nintendo DS,Mega Man ZX Advent,Slam Down,,game_midi/Mega Man_Nintendo DS_Mega Man ZX Advent_Slam Down.mid
ambiguous_other,Mega Man,Nintendo DS,Mega Man ZX,Sky High - Grand Nuage -,,game_midi/Mega Man_Nintendo DS_Mega Man ZX_Sky High - Grand Nuage -.mid
ambiguous_other,Mega Man,Nintendo Entertainment System,Mega Man 2,Air Man,,game_midi/Mega Man_Nintendo Entertainment System_Mega Man 2_Air Man.mid
ambiguous_other,Mega Man,Nintendo Entertainment System,Mega Man 2,Bubbleman,,game_midi/Mega Man_Nintendo Entertainment System_Mega Man 2_Bubbleman.mid
ambiguous_other,Mega Man,Nintendo Entertainment System,Mega Man 2,Crash Man,,game_midi/Mega Man_Nintendo Entertainment System_Mega Man 2_Crash Man.mid
ambiguous_other,Mega Man,Nintendo Entertainment System,Mega Man 2,Dr Wilys Stages 1 (Simplified),,game_midi/Mega Man_Nintendo Entertainment System_Mega Man 2_Dr Wilys Stages 1 (Simplified).mid
ambiguous_other,Mega Man,Nintendo Entertainment System,Mega Man 2,Dr Wilys Stages 1,,game_midi/Mega Man_Nintendo Entertainment System_Mega Man 2_Dr Wilys Stages 1.mid
finite_song_or_cue,Mega Man,Nintendo Entertainment System,Mega Man 2,Ending,ending,game_midi/Mega Man_Nintendo Entertainment System_Mega Man 2_Ending.mid
ambiguous_other,Mega Man,Nintendo Entertainment System,Mega Man 2,Heat Man,,game_midi/Mega Man_Nintendo Entertainment System_Mega Man 2_Heat Man.mid
ambiguous_other,Mega Man,Nintendo Entertainment System,Mega Man 2,Metal Man,,game_midi/Mega Man_Nintendo Entertainment System_Mega Man 2_Metal Man.mid
finite_song_or_cue,Mega Man,Nintendo Entertainment System,Mega Man 2,Opening,opening,game_midi/Mega Man_Nintendo Entertainment System_Mega Man 2_Opening.mid
ambiguous_other,Mega Man,Nintendo Entertainment System,Mega Man 2,Quick Man,,game_midi/Mega Man_Nintendo Entertainment System_Mega Man 2_Quick Man.mid
ambiguous_other,Mega Man,Nintendo Entertainment System,Mega Man 2,Title,,game_midi/Mega Man_Nintendo Entertainment System_Mega Man 2_Title.mid
looping_gameplay_bgm,Mega Man,Nintendo Entertainment System,Mega Man 2,Wood Man Stage,stage,game_midi/Mega Man_Nintendo Entertainment System_Mega Man 2_Wood Man Stage.mid
looping_gameplay_bgm,Mega Man,Nintendo Entertainment System,Mega Man 3,Boss Battle,"attle!?, oss",game_midi/Mega Man_Nintendo Entertainment System_Mega Man 3_Boss Battle.mid
finite_song_or_cue,Mega Man,Nintendo Entertainment System,Mega Man 3,Ending,ending,game_midi/Mega Man_Nintendo Entertainment System_Mega Man 3_Ending.mid
ambiguous_other,Mega Man,Nintendo Entertainment System,Mega Man 3,Gemini Man,,game_midi/Mega Man_Nintendo Entertainment System_Mega Man 3_Gemini Man.mid
ambiguous_other,Mega Man,Nintendo Entertainment System,Mega Man 3,Get Weapon,,game_midi/Mega Man_Nintendo Entertainment System_Mega Man 3_Get Weapon.mid
ambiguous_other,Mega Man,Nintendo Entertainment System,Mega Man 3,Hard Man,,game_midi/Mega Man_Nintendo Entertainment System_Mega Man 3_Hard Man.mid
looping_gameplay_bgm,Mega Man,Nintendo Entertainment System,Mega Man 3,Magnet Man Stage,stage,game_midi/Mega Man_Nintendo Entertainment System_Mega Man 3_Magnet Man Stage.mid
ambiguous_other,Mega Man,Nintendo Entertainment System,Mega Man 3,Needleman,,game_midi/Mega Man_Nintendo Entertainment System_Mega Man 3_Needleman.mid
ambiguous_other,Mega Man,Nintendo Entertainment System,Mega Man 3,Password,,game_midi/Mega Man_Nintendo Entertainment System_Mega Man 3_Password.mid
looping_gameplay_bgm,Mega Man,Nintendo Entertainment System,Mega Man 3,Snake Man Stage,stage,game_midi/Mega Man_Nintendo Entertainment System_Mega Man 3_Snake Man Stage.mid
ambiguous_other,Mega Man,Nintendo Entertainment System,Mega Man 3,Spark Man,,game_midi/Mega Man_Nintendo Entertainment System_Mega Man 3_Spark Man.mid
ambiguous_other,Mega Man,Nintendo Entertainment System,Mega Man 3,Title Screen,,game_midi/Mega Man_Nintendo Entertainment System_Mega Man 3_Title Screen.mid
looping_gameplay_bgm,Mega Man,Nintendo Entertainment System,Mega Man 3,Top Man Stage,stage,game_midi/Mega Man_Nintendo Entertainment System_Mega Man 3_Top Man Stage.mid
ambiguous_other,Mega Man,Nintendo Entertainment System,Mega Man 3,Wily Stages 1,,game_midi/Mega Man_Nintendo Entertainment System_Mega Man 3_Wily Stages 1.mid
ambiguous_other,Mega Man,Nintendo Entertainment System,Mega Man 3,Wily Stages 2,,game_midi/Mega Man_Nintendo Entertainment System_Mega Man 3_Wily Stages 2.mid
ambiguous_other,Mega Man,Nintendo Entertainment System,Mega Man 3,Wily Stages 3,,game_midi/Mega Man_Nintendo Entertainment System_Mega Man 3_Wily Stages 3.mid
ambiguous_other,Mega Man,Nintendo Entertainment System,Mega Man 4,Bright Man,,game_midi/Mega Man_Nintendo Entertainment System_Mega Man 4_Bright Man.mid
ambiguous_other,Mega Man,Nintendo Entertainment System,Mega Man 4,Cossacks Citadel 1,,game_midi/Mega Man_Nintendo Entertainment System_Mega Man 4_Cossacks Citadel 1.mid
ambiguous_other,Mega Man,Nintendo Entertainment System,Mega Man 4,Cossacks Citadel 2,,game_midi/Mega Man_Nintendo Entertainment System_Mega Man 4_Cossacks Citadel 2.mid
looping_gameplay_bgm,Mega Man,Nintendo Entertainment System,Mega Man 4,Dive Man Stage,stage,game_midi/Mega Man_Nintendo Entertainment System_Mega Man 4_Dive Man Stage.mid
looping_gameplay_bgm,Mega Man,Nintendo Entertainment System,Mega Man 4,Dr Wily Stage 1,stage,game_midi/Mega Man_Nintendo Entertainment System_Mega Man 4_Dr Wily Stage 1.mid
ambiguous_other,Mega Man,Nintendo Entertainment System,Mega Man 4,Drillman,,game_midi/Mega Man_Nintendo Entertainment System_Mega Man 4_Drillman.mid
looping_gameplay_bgm,Mega Man,Nintendo Entertainment System,Mega Man 4,Pharaoh Man Stage,stage,game_midi/Mega Man_Nintendo Entertainment System_Mega Man 4_Pharaoh Man Stage.mid
ambiguous_other,Mega Man,Nintendo Entertainment System,Mega Man 4,Skull Man,,game_midi/Mega Man_Nintendo Entertainment System_Mega Man 4_Skull Man.mid
ambiguous_other,Mega Man,Nintendo Entertainment System,Mega Man 4,Title Screen,,game_midi/Mega Man_Nintendo Entertainment System_Mega Man 4_Title Screen.mid
ambiguous_other,Mega Man,Nintendo Entertainment System,Mega Man 4,Wilys Stages 2,,game_midi/Mega Man_Nintendo Entertainment System_Mega Man 4_Wilys Stages 2.mid
looping_gameplay_bgm,Mega Man,Nintendo Entertainment System,Mega Man 5,Charge Man Stage,stage,game_midi/Mega Man_Nintendo Entertainment System_Mega Man 5_Charge Man Stage.mid
looping_gameplay_bgm,Mega Man,Nintendo Entertainment System,Mega Man 5,Crystal Man Stage,stage,game_midi/Mega Man_Nintendo Entertainment System_Mega Man 5_Crystal Man Stage.mid
looping_gameplay_bgm,Mega Man,Nintendo Entertainment System,Mega Man 5,Dr Wily Stage,stage,game_midi/Mega Man_Nintendo Entertainment System_Mega Man 5_Dr Wily Stage.mid
ambiguous_other,Mega Man,Nintendo Entertainment System,Mega Man 5,Stoneman,,game_midi/Mega Man_Nintendo Entertainment System_Mega Man 5_Stoneman.mid
ambiguous_other,Mega Man,Nintendo Entertainment System,Mega Man 6,Flameman,,game_midi/Mega Man_Nintendo Entertainment System_Mega Man 6_Flameman.mid
finite_song_or_cue,Mega Man,Nintendo Entertainment System,Mega Man 6,Intro,intro,game_midi/Mega Man_Nintendo Entertainment System_Mega Man 6_Intro.mid
looping_gameplay_bgm,Mega Man,Nintendo Entertainment System,Mega Man 6,Last Boss,oss,game_midi/Mega Man_Nintendo Entertainment System_Mega Man 6_Last Boss.mid
looping_gameplay_bgm,Mega Man,Nintendo Entertainment System,Mega Man 6,Mr X Stage,stage,game_midi/Mega Man_Nintendo Entertainment System_Mega Man 6_Mr X Stage.mid
looping_gameplay_bgm,Mega Man,Nintendo Entertainment System,Mega Man 6,Stage Select,"stage, select",game_midi/Mega Man_Nintendo Entertainment System_Mega Man 6_Stage Select.mid
looping_gameplay_bgm,Mega Man,Nintendo Entertainment System,Mega Man,Bomb Man Stage,stage,game_midi/Mega Man_Nintendo Entertainment System_Mega Man_Bomb Man Stage.mid
looping_gameplay_bgm,Mega Man,Nintendo Entertainment System,Mega Man,Boss,oss,game_midi/Mega Man_Nintendo Entertainment System_Mega Man_Boss.mid
looping_gameplay_bgm,Mega Man,Nintendo Entertainment System,Mega Man,Cut Man Stage,stage,game_midi/Mega Man_Nintendo Entertainment System_Mega Man_Cut Man Stage.mid
looping_gameplay_bgm,Mega Man,Nintendo Entertainment System,Mega Man,Dr Wily Stage 1,stage,game_midi/Mega Man_Nintendo Entertainment System_Mega Man_Dr Wily Stage 1.mid
looping_gameplay_bgm,Mega Man,Nintendo Entertainment System,Mega Man,Dr Wily Stage 2,stage,game_midi/Mega Man_Nintendo Entertainment System_Mega Man_Dr Wily Stage 2.mid
looping_gameplay_bgm,Mega Man,Nintendo Entertainment System,Mega Man,Dr Wily Stage Boss,"stage, oss",game_midi/Mega Man_Nintendo Entertainment System_Mega Man_Dr Wily Stage Boss.mid
looping_gameplay_bgm,Mega Man,Nintendo Entertainment System,Mega Man,Elec Man Stage,stage,game_midi/Mega Man_Nintendo Entertainment System_Mega Man_Elec Man Stage.mid
finite_song_or_cue,Mega Man,Nintendo Entertainment System,Mega Man,Ending,ending,game_midi/Mega Man_Nintendo Entertainment System_Mega Man_Ending.mid
looping_gameplay_bgm,Mega Man,Nintendo Entertainment System,Mega Man,Fire Man Stage,stage,game_midi/Mega Man_Nintendo Entertainment System_Mega Man_Fire Man Stage.mid
looping_gameplay_bgm,Mega Man,Nintendo Entertainment System,Mega Man,Guts Man Stage,stage,game_midi/Mega Man_Nintendo Entertainment System_Mega Man_Guts Man Stage.mid
looping_gameplay_bgm,Mega Man,Nintendo Entertainment System,Mega Man,Ice Man Stage,stage,game_midi/Mega Man_Nintendo Entertainment System_Mega Man_Ice Man Stage.mid
looping_gameplay_bgm,Mega Man,Nintendo Entertainment System,Mega Man,Stage Select,"stage, select",game_midi/Mega Man_Nintendo Entertainment System_Mega Man_Stage Select.mid
ambiguous_other,Mega Man,PlayStation Portable,Mega Man Maverick Hunter X,Zeros Sacrifice,,game_midi/Mega Man_PlayStation Portable_Mega Man Maverick Hunter X_Zeros Sacrifice.mid
looping_gameplay_bgm,Mega Man,PlayStation,Mega Man 8,Stage Select,"stage, select",game_midi/Mega Man_PlayStation_Mega Man 8_Stage Select.mid
ambiguous_other,Mega Man,PlayStation,Mega Man X4,Storm Owl,,game_midi/Mega Man_PlayStation_Mega Man X4_Storm Owl.mid
looping_gameplay_bgm,Mega Man,PlayStation,Mega Man X5,X vs Zero,vs,game_midi/Mega Man_PlayStation_Mega Man X5_X vs Zero.mid
looping_gameplay_bgm,Mega Man,PlayStation,Mega Man X6,Metal Shark Player Stage,stage,game_midi/Mega Man_PlayStation_Mega Man X6_Metal Shark Player Stage.mid
looping_gameplay_bgm,Mega Man,PlayStation,Mega Man X6,Rainy Turtloid Stage,stage,game_midi/Mega Man_PlayStation_Mega Man X6_Rainy Turtloid Stage.mid
looping_gameplay_bgm,Mega Man,PlayStation,Mega Man X6,Shieldner Sheldon Stage,stage,game_midi/Mega Man_PlayStation_Mega Man X6_Shieldner Sheldon Stage.mid
ambiguous_other,Mega Man,Super Nintendo Entertainment System,Mega Man 7,Burst Man,,game_midi/Mega Man_Super Nintendo Entertainment System_Mega Man 7_Burst Man.mid
ambiguous_other,Mega Man,Super Nintendo Entertainment System,Mega Man 7,Cloud Man,,game_midi/Mega Man_Super Nintendo Entertainment System_Mega Man 7_Cloud Man.mid
ambiguous_other,Mega Man,Super Nintendo Entertainment System,Mega Man 7,Freeze Man,,game_midi/Mega Man_Super Nintendo Entertainment System_Mega Man 7_Freeze Man.mid
ambiguous_other,Mega Man,Super Nintendo Entertainment System,Mega Man 7,Junk Man,,game_midi/Mega Man_Super Nintendo Entertainment System_Mega Man 7_Junk Man.mid
ambiguous_other,Mega Man,Super Nintendo Entertainment System,Mega Man 7,Museum,,game_midi/Mega Man_Super Nintendo Entertainment System_Mega Man 7_Museum.mid
finite_song_or_cue,Mega Man,Super Nintendo Entertainment System,Mega Man 7,Opening Stage,opening,game_midi/Mega Man_Super Nintendo Entertainment System_Mega Man 7_Opening Stage.mid
looping_gameplay_bgm,Mega Man,Super Nintendo Entertainment System,Mega Man 7,Shade Man Stage (Alt),stage,game_midi/Mega Man_Super Nintendo Entertainment System_Mega Man 7_Shade Man Stage (Alt).mid
looping_gameplay_bgm,Mega Man,Super Nintendo Entertainment System,Mega Man 7,Shade Man Stage,stage,game_midi/Mega Man_Super Nintendo Entertainment System_Mega Man 7_Shade Man Stage.mid
ambiguous_other,Mega Man,Super Nintendo Entertainment System,Mega Man 7,Slash Man,,game_midi/Mega Man_Super Nintendo Entertainment System_Mega Man 7_Slash Man.mid
ambiguous_likely_loop,Mega Man,Super Nintendo Entertainment System,Mega Man 7,Spring Man,spring,game_midi/Mega Man_Super Nintendo Entertainment System_Mega Man 7_Spring Man.mid
ambiguous_other,Mega Man,Super Nintendo Entertainment System,Mega Man 7,Turbo Man,,game_midi/Mega Man_Super Nintendo Entertainment System_Mega Man 7_Turbo Man.mid
finite_song_or_cue,Mega Man,Super Nintendo Entertainment System,Mega Man X2,Credits,credits?,game_midi/Mega Man_Super Nintendo Entertainment System_Mega Man X2_Credits.mid
ambiguous_other,Mega Man,Super Nintendo Entertainment System,Mega Man X2,Crystal Snail,,game_midi/Mega Man_Super Nintendo Entertainment System_Mega Man X2_Crystal Snail.mid
ambiguous_likely_loop,Mega Man,Super Nintendo Entertainment System,Mega Man X2,Zeros Theme,theme,game_midi/Mega Man_Super Nintendo Entertainment System_Mega Man X2_Zeros Theme.mid
finite_song_or_cue,Mega Man,Super Nintendo Entertainment System,Mega Man X3,Opening Stage,opening,game_midi/Mega Man_Super Nintendo Entertainment System_Mega Man X3_Opening Stage.mid
finite_song_or_cue,Mega Man,Super Nintendo Entertainment System,Mega Man X,Ending,ending,game_midi/Mega Man_Super Nintendo Entertainment System_Mega Man X_Ending.mid
looping_gameplay_bgm,Mega Man,Super Nintendo Entertainment System,Mega Man X,Sigma Stage 2,stage,game_midi/Mega Man_Super Nintendo Entertainment System_Mega Man X_Sigma Stage 2.mid
ambiguous_other,Mega Man,Super Nintendo Entertainment System,Mega Man X,Spark Mandrill,,game_midi/Mega Man_Super Nintendo Entertainment System_Mega Man X_Spark Mandrill.mid
ambiguous_other,Mega Man,Super Nintendo Entertainment System,Mega Man X,Storm Eagle,,game_midi/Mega Man_Super Nintendo Entertainment System_Mega Man X_Storm Eagle.mid
ambiguous_likely_loop,Mega Man,Super Nintendo Entertainment System,Mega Man X,Zeros Theme,theme,game_midi/Mega Man_Super Nintendo Entertainment System_Mega Man X_Zeros Theme.mid
ambiguous_other,Megami TenseiPersona,Multiplatform,Persona 5,Big Bang Burger March,,game_midi/Megami TenseiPersona_Multiplatform_Persona 5_Big Bang Burger March.mid
ambiguous_other,Megami TenseiPersona,Multiplatform,Persona 5,Layer Cake,,game_midi/Megami TenseiPersona_Multiplatform_Persona 5_Layer Cake.mid
ambiguous_other,Megami TenseiPersona,Multiplatform,Persona 5,Our Beginning,,game_midi/Megami TenseiPersona_Multiplatform_Persona 5_Our Beginning.mid
ambiguous_other,Megami TenseiPersona,Multiplatform,Persona 5,"Welcome Home, Master!",,"game_midi/Megami TenseiPersona_Multiplatform_Persona 5_Welcome Home, Master!.mid"
ambiguous_other,Megami TenseiPersona,Nintendo Entertainment System,Digital Devil Story Megami Tensei II,Death Match,,game_midi/Megami TenseiPersona_Nintendo Entertainment System_Digital Devil Story Megami Tensei II_Death Match.mid
ambiguous_other,Megami TenseiPersona,PlayStation 2,Persona 3 FES,Brand New Days - The Beginning,,game_midi/Megami TenseiPersona_PlayStation 2_Persona 3 FES_Brand New Days - The Beginning.mid
finite_song_or_cue,Megami TenseiPersona,PlayStation 2,Persona 3,Aria of the Soul,aria,game_midi/Megami TenseiPersona_PlayStation 2_Persona 3_Aria of the Soul.mid
ambiguous_other,Megami TenseiPersona,PlayStation 2,Persona 3,The Voice Someone Calls,,game_midi/Megami TenseiPersona_PlayStation 2_Persona 3_The Voice Someone Calls.mid
ambiguous_other,Megami TenseiPersona,PlayStation 2,Persona 4,Corridor,,game_midi/Megami TenseiPersona_PlayStation 2_Persona 4_Corridor.mid
ambiguous_other,Megami TenseiPersona,PlayStation 2,Persona 4,Game,,game_midi/Megami TenseiPersona_PlayStation 2_Persona 4_Game.mid
ambiguous_other,Megami TenseiPersona,PlayStation 2,Persona 4,Traumerei,,game_midi/Megami TenseiPersona_PlayStation 2_Persona 4_Traumerei.mid
ambiguous_other,Megami TenseiPersona,Super Nintendo Entertainment System,Shin Megami Tensei II,3D Virtual Battler,,game_midi/Megami TenseiPersona_Super Nintendo Entertainment System_Shin Megami Tensei II_3D Virtual Battler.mid
looping_gameplay_bgm,Megami TenseiPersona,Super Nintendo Entertainment System,Shin Megami Tensei,Mansion of Heresy,mansion,game_midi/Megami TenseiPersona_Super Nintendo Entertainment System_Shin Megami Tensei_Mansion of Heresy.mid
ambiguous_other,Megami TenseiPersona,Super Nintendo Entertainment System,Shin Megami Tensei,Terminal,,game_midi/Megami TenseiPersona_Super Nintendo Entertainment System_Shin Megami Tensei_Terminal.mid
looping_gameplay_bgm,Metal Gear,Nintendo Entertainment System,Metal Gear,Jungle Theme,jungle,game_midi/Metal Gear_Nintendo Entertainment System_Metal Gear_Jungle Theme.mid
ambiguous_likely_loop,Metal Gear,PC,Metal Gear 2 Solid Snake,Night Fall,night,game_midi/Metal Gear_PC_Metal Gear 2 Solid Snake_Night Fall.mid
ambiguous_likely_loop,Metal Gear,PC,Metal Gear,Theme of Tara,theme,game_midi/Metal Gear_PC_Metal Gear_Theme of Tara.mid
ambiguous_likely_loop,Metal Gear,PlayStation 2,Metal Gear Solid 2 Sons of Liberty,Main Theme,theme,game_midi/Metal Gear_PlayStation 2_Metal Gear Solid 2 Sons of Liberty_Main Theme.mid
ambiguous_likely_loop,Metal Gear,PlayStation Portable,Metal Gear Solid Portable Ops,Calling to the Night,night,game_midi/Metal Gear_PlayStation Portable_Metal Gear Solid Portable Ops_Calling to the Night.mid
ambiguous_other,Metal Gear,PlayStation,Metal Gear Solid,Enclosure,,game_midi/Metal Gear_PlayStation_Metal Gear Solid_Enclosure.mid
ambiguous_other,Metal Gear,PlayStation,Metal Gear Solid,Encounter,,game_midi/Metal Gear_PlayStation_Metal Gear Solid_Encounter.mid
ambiguous_other,Metroid,Game Boy Advance,Metroid Fusion,Final Mission,,game_midi/Metroid_Game Boy Advance_Metroid Fusion_Final Mission.mid
looping_gameplay_bgm,Metroid,Game Boy Advance,Metroid Fusion,VS Nightmare,vs,game_midi/Metroid_Game Boy Advance_Metroid Fusion_VS Nightmare.mid
ambiguous_other,Metroid,Game Boy Advance,Metroid Zero Mission,Chozo Guide,,game_midi/Metroid_Game Boy Advance_Metroid Zero Mission_Chozo Guide.mid
looping_gameplay_bgm,Metroid,Game Boy Advance,Metroid Zero Mission,Kraids Hideout,hideout,game_midi/Metroid_Game Boy Advance_Metroid Zero Mission_Kraids Hideout.mid
ambiguous_other,Metroid,Game Boy Advance,Metroid Zero Mission,Reflecting on Memories Past,,game_midi/Metroid_Game Boy Advance_Metroid Zero Mission_Reflecting on Memories Past.mid
ambiguous_other,Metroid,Game Boy Advance,Metroid Zero Mission,Title Screen,,game_midi/Metroid_Game Boy Advance_Metroid Zero Mission_Title Screen.mid
looping_gameplay_bgm,Metroid,Game Boy,Metroid II Return of Samus,Ancient Chozo Ruins,ruins,game_midi/Metroid_Game Boy_Metroid II Return of Samus_Ancient Chozo Ruins.mid
ambiguous_other,Metroid,Game Boy,Metroid II Return of Samus,Baby Metroid,,game_midi/Metroid_Game Boy_Metroid II Return of Samus_Baby Metroid.mid
finite_song_or_cue,Metroid,Game Boy,Metroid II Return of Samus,Ending,ending,game_midi/Metroid_Game Boy_Metroid II Return of Samus_Ending.mid
ambiguous_other,Metroid,Game Boy,Metroid II Return of Samus,Metroid Encounter,,game_midi/Metroid_Game Boy_Metroid II Return of Samus_Metroid Encounter.mid
ambiguous_other,Metroid,Game Boy,Metroid II Return of Samus,Miscellaneous Fanfares,,game_midi/Metroid_Game Boy_Metroid II Return of Samus_Miscellaneous Fanfares.mid
looping_gameplay_bgm,Metroid,Game Boy,Metroid II Return of Samus,Queen Metroid Battle,attle!?,game_midi/Metroid_Game Boy_Metroid II Return of Samus_Queen Metroid Battle.mid
ambiguous_likely_loop,Metroid,Game Boy,Metroid II Return of Samus,Title Theme,theme,game_midi/Metroid_Game Boy_Metroid II Return of Samus_Title Theme.mid
ambiguous_likely_loop,Metroid,Game Boy,Metroid II Return of Samus,Tunnel Theme,theme,game_midi/Metroid_Game Boy_Metroid II Return of Samus_Tunnel Theme.mid
ambiguous_other,Metroid,Nintendo Entertainment System,Metroid,Brinstar,,game_midi/Metroid_Nintendo Entertainment System_Metroid_Brinstar.mid
finite_song_or_cue,Metroid,Nintendo Entertainment System,Metroid,Ending Theme,"ending, ending theme",game_midi/Metroid_Nintendo Entertainment System_Metroid_Ending Theme.mid
ambiguous_likely_loop,Metroid,Nintendo Entertainment System,Metroid,Escape Theme,theme,game_midi/Metroid_Nintendo Entertainment System_Metroid_Escape Theme.mid
looping_gameplay_bgm,Metroid,Nintendo Entertainment System,Metroid,Kraids Hideout,hideout,game_midi/Metroid_Nintendo Entertainment System_Metroid_Kraids Hideout.mid
ambiguous_other,Metroid,Nintendo Entertainment System,Metroid,Norfair,,game_midi/Metroid_Nintendo Entertainment System_Metroid_Norfair.mid
looping_gameplay_bgm,Metroid,Nintendo Entertainment System,Metroid,Ridleys Hideout,hideout,game_midi/Metroid_Nintendo Entertainment System_Metroid_Ridleys Hideout.mid
ambiguous_other,Metroid,Nintendo Entertainment System,Metroid,Silence,,game_midi/Metroid_Nintendo Entertainment System_Metroid_Silence.mid
ambiguous_likely_loop,Metroid,Nintendo Entertainment System,Metroid,Title Theme,theme,game_midi/Metroid_Nintendo Entertainment System_Metroid_Title Theme.mid
ambiguous_other,Metroid,Nintendo Entertainment System,Metroid,Tourian,,game_midi/Metroid_Nintendo Entertainment System_Metroid_Tourian.mid
ambiguous_other,Metroid,Nintendo Entertainment System,Metroid,Zebetite,,game_midi/Metroid_Nintendo Entertainment System_Metroid_Zebetite.mid
ambiguous_other,Metroid,Nintendo GameCube,Metroid Prime 2 Echoes,Hydro Dynamo,,game_midi/Metroid_Nintendo GameCube_Metroid Prime 2 Echoes_Hydro Dynamo.mid
ambiguous_likely_loop,Metroid,Nintendo GameCube,Metroid Prime 2 Echoes,Main Theme,theme,game_midi/Metroid_Nintendo GameCube_Metroid Prime 2 Echoes_Main Theme.mid
looping_gameplay_bgm,Metroid,Nintendo GameCube,Metroid Prime 2 Echoes,Sanctuary Fortress,fortress,game_midi/Metroid_Nintendo GameCube_Metroid Prime 2 Echoes_Sanctuary Fortress.mid
ambiguous_likely_loop,Metroid,Nintendo GameCube,Metroid Prime 2 Echoes,Theme of U-mos,theme,game_midi/Metroid_Nintendo GameCube_Metroid Prime 2 Echoes_Theme of U-mos.mid
looping_gameplay_bgm,Metroid,Nintendo GameCube,Metroid Prime 2 Echoes,Torvus Bog,og,game_midi/Metroid_Nintendo GameCube_Metroid Prime 2 Echoes_Torvus Bog.mid
looping_gameplay_bgm,Metroid,Nintendo GameCube,Metroid Prime,Chozo Artifact Temple,temple,game_midi/Metroid_Nintendo GameCube_Metroid Prime_Chozo Artifact Temple.mid
ambiguous_other,Metroid,Nintendo GameCube,Metroid Prime,Crashed Frigate,,game_midi/Metroid_Nintendo GameCube_Metroid Prime_Crashed Frigate.mid
ambiguous_other,Metroid,Nintendo GameCube,Metroid Prime,Magmoor Caverns,,game_midi/Metroid_Nintendo GameCube_Metroid Prime_Magmoor Caverns.mid
looping_gameplay_bgm,Metroid,Nintendo GameCube,Metroid Prime,Menu,menu,game_midi/Metroid_Nintendo GameCube_Metroid Prime_Menu.mid
ambiguous_other,Metroid,Nintendo GameCube,Metroid Prime,Phendrana Drifts,,game_midi/Metroid_Nintendo GameCube_Metroid Prime_Phendrana Drifts.mid
looping_gameplay_bgm,Metroid,Nintendo GameCube,Metroid Prime,Tallon Overworld 2,overworld,game_midi/Metroid_Nintendo GameCube_Metroid Prime_Tallon Overworld 2.mid
ambiguous_likely_loop,Metroid,Nintendo GameCube,Metroid Prime,Title Theme,theme,game_midi/Metroid_Nintendo GameCube_Metroid Prime_Title Theme.mid
looping_gameplay_bgm,Metroid,Super Nintendo Entertainment System,Super Metroid,Big Boss Confrontation BGM,oss,game_midi/Metroid_Super Nintendo Entertainment System_Super Metroid_Big Boss Confrontation BGM.mid
looping_gameplay_bgm,Metroid,Super Nintendo Entertainment System,Super Metroid,Brinstar - Red Soil Swampy Area,area,game_midi/Metroid_Super Nintendo Entertainment System_Super Metroid_Brinstar - Red Soil Swampy Area.mid
finite_song_or_cue,Metroid,Super Nintendo Entertainment System,Super Metroid,Ending,ending,game_midi/Metroid_Super Nintendo Entertainment System_Super Metroid_Ending.mid
looping_gameplay_bgm,Metroid,Super Nintendo Entertainment System,Super Metroid,Maridia - Quicksand Underground Water Area,area,game_midi/Metroid_Super Nintendo Entertainment System_Super Metroid_Maridia - Quicksand Underground Water Area.mid
looping_gameplay_bgm,Metroid,Super Nintendo Entertainment System,Super Metroid,Maridia - Rocky Underground Water Area,area,game_midi/Metroid_Super Nintendo Entertainment System_Super Metroid_Maridia - Rocky Underground Water Area.mid
looping_gameplay_bgm,Metroid,Super Nintendo Entertainment System,Super Metroid,Small Boss Confrontation BGM,oss,game_midi/Metroid_Super Nintendo Entertainment System_Super Metroid_Small Boss Confrontation BGM.mid
ambiguous_likely_loop,Metroid,Super Nintendo Entertainment System,Super Metroid,Theme of Super Metroid,theme,game_midi/Metroid_Super Nintendo Entertainment System_Super Metroid_Theme of Super Metroid.mid
ambiguous_likely_loop,Metroid,Wii,Metroid Other M,Samus Theme,theme,game_midi/Metroid_Wii_Metroid Other M_Samus Theme.mid
looping_gameplay_bgm,Metroid,Wii,Metroid Prime 3 Corruption,Battle with Gandrayda,attle!?,game_midi/Metroid_Wii_Metroid Prime 3 Corruption_Battle with Gandrayda.mid
ambiguous_likely_loop,Metroid,Wii,Metroid Prime 3 Corruption,Theme of Rundas,theme,game_midi/Metroid_Wii_Metroid Prime 3 Corruption_Theme of Rundas.mid
ambiguous_other,Metroid,Wii,Metroid Prime 3 Corruption,Title Screen,,game_midi/Metroid_Wii_Metroid Prime 3 Corruption_Title Screen.mid
ambiguous_likely_loop,Monster Hunter,Multiplatform,Monster Hunter World,Autumn Festival,autumn,game_midi/Monster Hunter_Multiplatform_Monster Hunter World_Autumn Festival.mid
ambiguous_other,Monster Hunter,Nintendo 3DS,Monster Hunter Generations,"Meownster Hunters, Fire Away!",,"game_midi/Monster Hunter_Nintendo 3DS_Monster Hunter Generations_Meownster Hunters, Fire Away!.mid"
ambiguous_other,Monster Hunter,Nintendo Switch,Monster Hunter Rise,Brave Hunters (Minoto),,game_midi/Monster Hunter_Nintendo Switch_Monster Hunter Rise_Brave Hunters (Minoto).mid
finite_song_or_cue,Monster Hunter,Nintendo Switch,Monster Hunter Rise,Kamuras Song of Purification (Hinoa),song of,game_midi/Monster Hunter_Nintendo Switch_Monster Hunter Rise_Kamuras Song of Purification (Hinoa).mid
looping_gameplay_bgm,Monster Hunter,PlayStation Portable,Monster Hunter Freedom 2,Pokke Village,village,game_midi/Monster Hunter_PlayStation Portable_Monster Hunter Freedom 2_Pokke Village.mid
ambiguous_other,Monster Hunter,PlayStation Portable,Monster Hunter Portable 3rd,Violent Flash of Blue Light Zinogre,,game_midi/Monster Hunter_PlayStation Portable_Monster Hunter Portable 3rd_Violent Flash of Blue Light Zinogre.mid
finite_song_or_cue,Other games,Arcade,Bubble Bobble,Itsuwari No Ending,ending,game_midi/Other games_Arcade_Bubble Bobble_Itsuwari No Ending.mid
ambiguous_other,Other games,Arcade,Bubble Bobble,Sin No Endeling,,game_midi/Other games_Arcade_Bubble Bobble_Sin No Endeling.mid
finite_song_or_cue,Other games,Arcade,Bubble Bobble,Start Demo - Main Theme,demo,game_midi/Other games_Arcade_Bubble Bobble_Start Demo - Main Theme.mid
looping_gameplay_bgm,Other games,Arcade,Contra,Boss Theme,oss,game_midi/Other games_Arcade_Contra_Boss Theme.mid
ambiguous_likely_loop,Other games,Arcade,Contra,End Theme,theme,game_midi/Other games_Arcade_Contra_End Theme.mid
looping_gameplay_bgm,Other games,Arcade,Contra,Stage 17 - JungleHangar,stage,game_midi/Other games_Arcade_Contra_Stage 17 - JungleHangar.mid
looping_gameplay_bgm,Other games,Arcade,Contra,Stage 24 - Base,"stage, ase",game_midi/Other games_Arcade_Contra_Stage 24 - Base.mid
looping_gameplay_bgm,Other games,Arcade,Contra,Stage 3 - Waterfall,stage,game_midi/Other games_Arcade_Contra_Stage 3 - Waterfall.mid
looping_gameplay_bgm,Other games,Arcade,Contra,Stage 5 - Snowfield,stage,game_midi/Other games_Arcade_Contra_Stage 5 - Snowfield.mid
looping_gameplay_bgm,Other games,Arcade,Contra,Stage 6 - Energy Zone,"stage, zone",game_midi/Other games_Arcade_Contra_Stage 6 - Energy Zone.mid
looping_gameplay_bgm,Other games,Arcade,Contra,Stage 8 - Aliens Lair,stage,game_midi/Other games_Arcade_Contra_Stage 8 - Aliens Lair.mid
ambiguous_likely_loop,Other games,Arcade,Dance Dance Revolution Supernova 2,"Every Day, Every Night (NM Style)","night, day","game_midi/Other games_Arcade_Dance Dance Revolution Supernova 2_Every Day, Every Night (NM Style).mid"
ambiguous_other,Other games,Arcade,Dance Dance Revolution Supernova 2,Poseidon,,game_midi/Other games_Arcade_Dance Dance Revolution Supernova 2_Poseidon.mid
ambiguous_other,Other games,Arcade,Dance Dance Revolution Supernova,Flowers,,game_midi/Other games_Arcade_Dance Dance Revolution Supernova_Flowers.mid
ambiguous_other,Other games,Arcade,Dance Dance Revolution Supernova,Honey Punch,,game_midi/Other games_Arcade_Dance Dance Revolution Supernova_Honey Punch.mid
ambiguous_other,Other games,Arcade,Dig Dug,Music from Dig Dug,,game_midi/Other games_Arcade_Dig Dug_Music from Dig Dug.mid
ambiguous_other,Other games,Arcade,Galaga,Music from Galaga,,game_midi/Other games_Arcade_Galaga_Music from Galaga.mid
ambiguous_other,Other games,Arcade,Ikaruga,Ideal,,game_midi/Other games_Arcade_Ikaruga_Ideal.mid
finite_song_or_cue,Other games,Arcade,Mamorukun Curse!,Bless you! boy (Prologue 1),prologue,game_midi/Other games_Arcade_Mamorukun Curse!_Bless you! boy (Prologue 1).mid
looping_gameplay_bgm,Other games,Arcade,Mamorukun Curse!,YO-KAI Disco (Hells Entrance World),world,game_midi/Other games_Arcade_Mamorukun Curse!_YO-KAI Disco (Hells Entrance World).mid
looping_gameplay_bgm,Other games,Arcade,Marble Madness,Beginner Race,race,game_midi/Other games_Arcade_Marble Madness_Beginner Race.mid
looping_gameplay_bgm,Other games,Arcade,Marble Madness,Intermediate Race,race,game_midi/Other games_Arcade_Marble Madness_Intermediate Race.mid
ambiguous_other,Other games,Arcade,Ms Pac-Man,Ms Pac-Man Medley,,game_midi/Other games_Arcade_Ms Pac-Man_Ms Pac-Man Medley.mid
looping_gameplay_bgm,Other games,Arcade,Mushihimesama,To Shinju Forest - Stage1,forest,game_midi/Other games_Arcade_Mushihimesama_To Shinju Forest - Stage1.mid
ambiguous_other,Other games,Arcade,New Rally-X,Music from New Rally-X,,game_midi/Other games_Arcade_New Rally-X_Music from New Rally-X.mid
ambiguous_other,Other games,Arcade,Pac-Man,Start & Coffee Break Music,,game_midi/Other games_Arcade_Pac-Man_Start & Coffee Break Music.mid
ambiguous_other,Other games,Arcade,Popeye,Music from Popeye,,game_midi/Other games_Arcade_Popeye_Music from Popeye.mid
ambiguous_likely_loop,Other games,Arcade,Puyo Puyo,Theme of Puyo Puyo,theme,game_midi/Other games_Arcade_Puyo Puyo_Theme of Puyo Puyo.mid
ambiguous_other,Other games,Arcade,SoulCalibur II,"Brave Sword, Braver Soul",,"game_midi/Other games_Arcade_SoulCalibur II_Brave Sword, Braver Soul.mid"
looping_gameplay_bgm,Other games,Arcade,SoulCalibur II,Character Select,select,game_midi/Other games_Arcade_SoulCalibur II_Character Select.mid
finite_song_or_cue,Other games,Arcade,SoulCalibur II,Hubris (Reprise),reprise,game_midi/Other games_Arcade_SoulCalibur II_Hubris (Reprise).mid
ambiguous_other,Other games,Arcade,SoulCalibur II,Hubris,,game_midi/Other games_Arcade_SoulCalibur II_Hubris.mid
ambiguous_other,Other games,Arcade,SoulCalibur,Going to Where the Wind Blows,,game_midi/Other games_Arcade_SoulCalibur_Going to Where the Wind Blows.mid
finite_song_or_cue,Other games,Arcade,Splatterhouse,Ending,ending,game_midi/Other games_Arcade_Splatterhouse_Ending.mid
ambiguous_likely_loop,Other games,Arcade,Street Fighter II The World Warrior,Guiles Theme (Heavy Damage),theme,game_midi/Other games_Arcade_Street Fighter II The World Warrior_Guiles Theme (Heavy Damage).mid
ambiguous_likely_loop,Other games,Arcade,Street Fighter II The World Warrior,Guiles Theme,theme,game_midi/Other games_Arcade_Street Fighter II The World Warrior_Guiles Theme.mid
looping_gameplay_bgm,Other games,Arcade,Tekken 2,Character Select,select,game_midi/Other games_Arcade_Tekken 2_Character Select.mid
ambiguous_other,Other games,Arcade,Tetris The Soviet Mind Game,Troika,,game_midi/Other games_Arcade_Tetris The Soviet Mind Game_Troika.mid
ambiguous_likely_loop,Other games,Arcade,Under Night In-Birth,Night Walker,night,game_midi/Other games_Arcade_Under Night In-Birth_Night Walker.mid
looping_gameplay_bgm,Other games,Arcade,Vs Ice Climber,Bonus Stage,stage,game_midi/Other games_Arcade_Vs Ice Climber_Bonus Stage.mid
looping_gameplay_bgm,Other games,Arcade,Wonder Boy,Overworld,overworld,game_midi/Other games_Arcade_Wonder Boy_Overworld.mid
finite_song_or_cue,Other games,Arcade,Xevious,Intro & Gameplay Music,intro,game_midi/Other games_Arcade_Xevious_Intro & Gameplay Music.mid
ambiguous_likely_loop,Other games,Atari 2600,Pizza Chef,Main Theme,theme,game_midi/Other games_Atari 2600_Pizza Chef_Main Theme.mid
ambiguous_likely_loop,Other games,Atari 5200,Gyruss,Main Theme,theme,game_midi/Other games_Atari 5200_Gyruss_Main Theme.mid
ambiguous_other,Other games,Atari Jaguar,Wolfenstein 3D,Tiptoeing Around,,game_midi/Other games_Atari Jaguar_Wolfenstein 3D_Tiptoeing Around.mid
ambiguous_other,Other games,Atari Lynx,Chips Challenge,Title Screen,,game_midi/Other games_Atari Lynx_Chips Challenge_Title Screen.mid
looping_gameplay_bgm,Other games,Dreamcast,Illbleed,The Park,park,game_midi/Other games_Dreamcast_Illbleed_The Park.mid
ambiguous_likely_loop,Other games,Game Boy Advance,Advance Wars 2 Black Hole Rising,Colins Theme,theme,game_midi/Other games_Game Boy Advance_Advance Wars 2 Black Hole Rising_Colins Theme.mid
finite_song_or_cue,Other games,Game Boy Advance,Advance Wars 2 Black Hole Rising,Ending Theme,"ending, ending theme",game_midi/Other games_Game Boy Advance_Advance Wars 2 Black Hole Rising_Ending Theme.mid
ambiguous_likely_loop,Other games,Game Boy Advance,Advance Wars 2 Black Hole Rising,Hawke Theme,theme,game_midi/Other games_Game Boy Advance_Advance Wars 2 Black Hole Rising_Hawke Theme.mid
ambiguous_likely_loop,Other games,Game Boy Advance,Advance Wars 2 Black Hole Rising,Senseis Theme,theme,game_midi/Other games_Game Boy Advance_Advance Wars 2 Black Hole Rising_Senseis Theme.mid
ambiguous_other,Other games,Game Boy Advance,Advance Wars 2 Black Hole Rising,Super CO Power,,game_midi/Other games_Game Boy Advance_Advance Wars 2 Black Hole Rising_Super CO Power.mid
ambiguous_likely_loop,Other games,Game Boy Advance,Advance Wars,Drakes Theme,theme,game_midi/Other games_Game Boy Advance_Advance Wars_Drakes Theme.mid
ambiguous_likely_loop,Other games,Game Boy Advance,Advance Wars,Eagles Theme,theme,game_midi/Other games_Game Boy Advance_Advance Wars_Eagles Theme.mid
ambiguous_other,Other games,Game Boy Advance,Dragon Ball Z The Legacy of Goku II,Gokus Home,,game_midi/Other games_Game Boy Advance_Dragon Ball Z The Legacy of Goku II_Gokus Home.mid
ambiguous_other,Other games,Game Boy Advance,Game & Watch Gallery 4,Title Screen,,game_midi/Other games_Game Boy Advance_Game & Watch Gallery 4_Title Screen.mid
ambiguous_other,Other games,Game Boy Advance,Hamtaro Ham-Ham Heartbreak,Boo Manor,,game_midi/Other games_Game Boy Advance_Hamtaro Ham-Ham Heartbreak_Boo Manor.mid
finite_song_or_cue,Other games,Game Boy Advance,Hamtaro Ham-Ham Heartbreak,Final Credits,credits?,game_midi/Other games_Game Boy Advance_Hamtaro Ham-Ham Heartbreak_Final Credits.mid
looping_gameplay_bgm,Other games,Game Boy Advance,Hamtaro Ham-Ham Heartbreak,Sandy Bay Island,island,game_midi/Other games_Game Boy Advance_Hamtaro Ham-Ham Heartbreak_Sandy Bay Island.mid
ambiguous_other,Other games,Game Boy Advance,Hamtaro Ham-Ham Heartbreak,Sandy Bay,,game_midi/Other games_Game Boy Advance_Hamtaro Ham-Ham Heartbreak_Sandy Bay.mid
ambiguous_other,Other games,Game Boy Advance,Tactics Ogre The Knight of Lodis,Angels Headstone,,game_midi/Other games_Game Boy Advance_Tactics Ogre The Knight of Lodis_Angels Headstone.mid
looping_gameplay_bgm,Other games,Game Boy Advance,Tactics Ogre The Knight of Lodis,Battle BGM 5,attle!?,game_midi/Other games_Game Boy Advance_Tactics Ogre The Knight of Lodis_Battle BGM 5.mid
looping_gameplay_bgm,Other games,Game Boy Advance,Tactics Ogre The Knight of Lodis,Battle BGM 7,attle!?,game_midi/Other games_Game Boy Advance_Tactics Ogre The Knight of Lodis_Battle BGM 7.mid
ambiguous_other,Other games,Game Boy Color,Infinity,Inconvenient Nuisances,,game_midi/Other games_Game Boy Color_Infinity_Inconvenient Nuisances.mid
ambiguous_other,Other games,Game Boy Color,Scooby-Doo! Classic Creep Capers,Chapter 1 - Its a Mystery,,game_midi/Other games_Game Boy Color_Scooby-Doo! Classic Creep Capers_Chapter 1 - Its a Mystery.mid
looping_gameplay_bgm,Other games,Game Boy Color,Shantae,Burning Town,town,game_midi/Other games_Game Boy Color_Shantae_Burning Town.mid
looping_gameplay_bgm,Other games,Game Boy,Balloon Kid,Stage 2,stage,game_midi/Other games_Game Boy_Balloon Kid_Stage 2.mid
ambiguous_other,Other games,Game Boy,Balloon Kid,Stages 1 & 5,,game_midi/Other games_Game Boy_Balloon Kid_Stages 1 & 5.mid
ambiguous_other,Other games,Game Boy,Teenage Mutant Ninja Turtles II Back from the Sewers,Pizza Time,,game_midi/Other games_Game Boy_Teenage Mutant Ninja Turtles II Back from the Sewers_Pizza Time.mid
ambiguous_other,Other games,Game Boy,The Smurfs Nightmare,Funny Funny (The Kitchen of Danger),,game_midi/Other games_Game Boy_The Smurfs Nightmare_Funny Funny (The Kitchen of Danger).mid
ambiguous_likely_loop,Other games,Mobile,Among Us,Main Theme,theme,game_midi/Other games_Mobile_Among Us_Main Theme.mid
ambiguous_likely_loop,Other games,Mobile,Angry Birds,Main Theme,theme,game_midi/Other games_Mobile_Angry Birds_Main Theme.mid
ambiguous_likely_loop,Other games,Mobile,Azarashi iOS,Main Theme,theme,game_midi/Other games_Mobile_Azarashi iOS_Main Theme.mid
looping_gameplay_bgm,Other games,Mobile,Dandy Dungeon,Tower Song,tower,game_midi/Other games_Mobile_Dandy Dungeon_Tower Song.mid
looping_gameplay_bgm,Other games,Mobile,Eden - World Builder,Main Menu,menu,game_midi/Other games_Mobile_Eden - World Builder_Main Menu.mid
looping_gameplay_bgm,Other games,Mobile,Fairune,Administrators Tower,tower,game_midi/Other games_Mobile_Fairune_Administrators Tower.mid
ambiguous_other,Other games,Mobile,Fairune,Lava,,game_midi/Other games_Mobile_Fairune_Lava.mid
looping_gameplay_bgm,Other games,Mobile,Oceanhorn Monster of Uncharted Seas,Home Island (Menu),"island, menu",game_midi/Other games_Mobile_Oceanhorn Monster of Uncharted Seas_Home Island (Menu).mid
ambiguous_other,Other games,Multiplatform,AI The Somnium Files,Arcane Incantation,,game_midi/Other games_Multiplatform_AI The Somnium Files_Arcane Incantation.mid
ambiguous_other,Other games,Multiplatform,AI The Somnium Files,Invincible Rainbow Arrow,,game_midi/Other games_Multiplatform_AI The Somnium Files_Invincible Rainbow Arrow.mid
ambiguous_other,Other games,Multiplatform,AI The Somnium Files,PSYNCIN IN THE CAPTaiN,,game_midi/Other games_Multiplatform_AI The Somnium Files_PSYNCIN IN THE CAPTaiN.mid
ambiguous_other,Other games,Multiplatform,Assassins Creed II,Ezios Family,,game_midi/Other games_Multiplatform_Assassins Creed II_Ezios Family.mid
ambiguous_other,Other games,Multiplatform,Assassins Creed Rogue,Agnus Dei,,game_midi/Other games_Multiplatform_Assassins Creed Rogue_Agnus Dei.mid
ambiguous_likely_loop,Other games,Multiplatform,Bad Piggies,Main Theme,theme,game_midi/Other games_Multiplatform_Bad Piggies_Main Theme.mid
ambiguous_other,Other games,Multiplatform,Bayonetta,First Love,,game_midi/Other games_Multiplatform_Bayonetta_First Love.mid
ambiguous_other,Other games,Multiplatform,Call of Duty Black Ops,Damned,,game_midi/Other games_Multiplatform_Call of Duty Black Ops_Damned.mid
ambiguous_other,Other games,Multiplatform,Celeste,Exhale,,game_midi/Other games_Multiplatform_Celeste_Exhale.mid
ambiguous_other,Other games,Multiplatform,Celeste,First Steps,,game_midi/Other games_Multiplatform_Celeste_First Steps.mid
ambiguous_other,Other games,Multiplatform,Celeste,Little Goth,,game_midi/Other games_Multiplatform_Celeste_Little Goth.mid
ambiguous_other,Other games,Multiplatform,Celeste,Quiet and Falling,,game_midi/Other games_Multiplatform_Celeste_Quiet and Falling.mid
ambiguous_other,Other games,Multiplatform,Celeste,Resurrections,,game_midi/Other games_Multiplatform_Celeste_Resurrections.mid
ambiguous_other,Other games,Multiplatform,Celeste,wavedashppt,,game_midi/Other games_Multiplatform_Celeste_wavedashppt.mid
ambiguous_other,Other games,Multiplatform,Cuphead,Dont Deal With The Devil (Instrumental),,game_midi/Other games_Multiplatform_Cuphead_Dont Deal With The Devil (Instrumental).mid
looping_gameplay_bgm,Other games,Multiplatform,Danganronpa V3 Killing Harmony,Beautiful Lie in the Virtual World,world,game_midi/Other games_Multiplatform_Danganronpa V3 Killing Harmony_Beautiful Lie in the Virtual World.mid
ambiguous_other,Other games,Multiplatform,Dark Souls II,Remains,,game_midi/Other games_Multiplatform_Dark Souls II_Remains.mid
ambiguous_other,Other games,Multiplatform,Dark Souls,Dark Sun Gwyndolin,,game_midi/Other games_Multiplatform_Dark Souls_Dark Sun Gwyndolin.mid
ambiguous_other,Other games,Multiplatform,Dark Souls,Great Grey Wolf Sif,,game_midi/Other games_Multiplatform_Dark Souls_Great Grey Wolf Sif.mid
ambiguous_other,Other games,Multiplatform,Doki Doki Literature Club Plus!,Candy Hearts,,game_midi/Other games_Multiplatform_Doki Doki Literature Club Plus!_Candy Hearts.mid
ambiguous_other,Other games,Multiplatform,Doki Doki Literature Club Plus!,Lavender Mist,,game_midi/Other games_Multiplatform_Doki Doki Literature Club Plus!_Lavender Mist.mid
ambiguous_other,Other games,Multiplatform,Doki Doki Literature Club Plus!,"My Song, Your Note",,"game_midi/Other games_Multiplatform_Doki Doki Literature Club Plus!_My Song, Your Note.mid"
ambiguous_other,Other games,Multiplatform,Doki Doki Literature Club Plus!,Piece by Piece,,game_midi/Other games_Multiplatform_Doki Doki Literature Club Plus!_Piece by Piece.mid
ambiguous_other,Other games,Multiplatform,Fallout New Vegas,Begin Again,,game_midi/Other games_Multiplatform_Fallout New Vegas_Begin Again.mid
ambiguous_other,Other games,Multiplatform,Furi,A picture in motion,,game_midi/Other games_Multiplatform_Furi_A picture in motion.mid
ambiguous_other,Other games,Multiplatform,Genshin Impact,Pure Sky,,game_midi/Other games_Multiplatform_Genshin Impact_Pure Sky.mid
ambiguous_other,Other games,Multiplatform,Hades,Death and I,,game_midi/Other games_Multiplatform_Hades_Death and I.mid
ambiguous_other,Other games,Multiplatform,Minecraft Dungeons,Halland,,game_midi/Other games_Multiplatform_Minecraft Dungeons_Halland.mid
ambiguous_other,Other games,Multiplatform,Naruto Shippuden Ultimate Ninja Storm 2,The Calm Before the Storm,,game_midi/Other games_Multiplatform_Naruto Shippuden Ultimate Ninja Storm 2_The Calm Before the Storm.mid
looping_gameplay_bgm,Other games,Multiplatform,Night in the Woods,Greggs Woods,woods,game_midi/Other games_Multiplatform_Night in the Woods_Greggs Woods.mid
ambiguous_other,Other games,Multiplatform,Night in the Woods,MaeBea,,game_midi/Other games_Multiplatform_Night in the Woods_MaeBea.mid
ambiguous_other,Other games,Multiplatform,Night in the Woods,Shapes,,game_midi/Other games_Multiplatform_Night in the Woods_Shapes.mid
ambiguous_likely_loop,Other games,Multiplatform,Pac-Man World 2,Main Theme,theme,game_midi/Other games_Multiplatform_Pac-Man World 2_Main Theme.mid
looping_gameplay_bgm,Other games,Multiplatform,Pac-Man World 2,Menu,menu,game_midi/Other games_Multiplatform_Pac-Man World 2_Menu.mid
ambiguous_other,Other games,Multiplatform,Portal 2,Cara Mia,,game_midi/Other games_Multiplatform_Portal 2_Cara Mia.mid
ambiguous_other,Other games,Multiplatform,Portal 2,Turret Wife Serenade,,game_midi/Other games_Multiplatform_Portal 2_Turret Wife Serenade.mid
ambiguous_other,Other games,Multiplatform,Portal 2,Want You Gone,,game_midi/Other games_Multiplatform_Portal 2_Want You Gone.mid
ambiguous_other,Other games,Multiplatform,Portal,Still Alive,,game_midi/Other games_Multiplatform_Portal_Still Alive.mid
looping_gameplay_bgm,Other games,Multiplatform,Rayman,Band Land 4,land,game_midi/Other games_Multiplatform_Rayman_Band Land 4.mid
ambiguous_other,Other games,Multiplatform,Rayman,Candy Chateau 1,,game_midi/Other games_Multiplatform_Rayman_Candy Chateau 1.mid
ambiguous_other,Other games,Multiplatform,Sekiro Shadows Die Twice,Divine Dragon,,game_midi/Other games_Multiplatform_Sekiro Shadows Die Twice_Divine Dragon.mid
ambiguous_other,Other games,Multiplatform,Shantae and the Pirates Curse,Bran-Son,,game_midi/Other games_Multiplatform_Shantae and the Pirates Curse_Bran-Son.mid
ambiguous_other,Other games,Multiplatform,Shovel Knight Plague of Shadows,Tango of the Troupple King,,game_midi/Other games_Multiplatform_Shovel Knight Plague of Shadows_Tango of the Troupple King.mid
ambiguous_other,Other games,Multiplatform,Shovel Knight Plague of Shadows,The Final Note,,game_midi/Other games_Multiplatform_Shovel Knight Plague of Shadows_The Final Note.mid
looping_gameplay_bgm,Other games,Multiplatform,Shovel Knight,Strike the Earth! (Plains of Passage),plains,game_midi/Other games_Multiplatform_Shovel Knight_Strike the Earth! (Plains of Passage).mid
looping_gameplay_bgm,Other games,Multiplatform,Shovel Knight,The Schemer (Tinker Knight Battle),attle!?,game_midi/Other games_Multiplatform_Shovel Knight_The Schemer (Tinker Knight Battle).mid
ambiguous_other,Other games,Multiplatform,Shovel Knight,Waltz of the Troupple King,,game_midi/Other games_Multiplatform_Shovel Knight_Waltz of the Troupple King.mid
ambiguous_other,Other games,Multiplatform,Skullgirls Encore,Fugue in Three Goddesses,,game_midi/Other games_Multiplatform_Skullgirls Encore_Fugue in Three Goddesses.mid
ambiguous_other,Other games,Multiplatform,Skullgirls Encore,The Legend of the Skull Heart,,game_midi/Other games_Multiplatform_Skullgirls Encore_The Legend of the Skull Heart.mid
ambiguous_other,Other games,Multiplatform,Skullgirls Encore,The Lives We Left Behind,,game_midi/Other games_Multiplatform_Skullgirls Encore_The Lives We Left Behind.mid
ambiguous_other,Other games,Multiplatform,Skylanders Giants,Skystones,,game_midi/Other games_Multiplatform_Skylanders Giants_Skystones.mid
ambiguous_likely_loop,Other games,Multiplatform,Skylanders SuperChargers,Main Theme,theme,game_midi/Other games_Multiplatform_Skylanders SuperChargers_Main Theme.mid
ambiguous_likely_loop,Other games,Multiplatform,Star Wars Bounty Hunter,Main Theme,theme,game_midi/Other games_Multiplatform_Star Wars Bounty Hunter_Main Theme.mid
ambiguous_other,Other games,Multiplatform,Steins;Gate 0,Messenger -piano-,,game_midi/Other games_Multiplatform_Steins;Gate 0_Messenger -piano-.mid
ambiguous_other,Other games,Multiplatform,Tadpole Treble,Rest,,game_midi/Other games_Multiplatform_Tadpole Treble_Rest.mid
ambiguous_other,Other games,Multiplatform,The Binding of Isaac Rebirth,Genesis 2210 (Title),,game_midi/Other games_Multiplatform_The Binding of Isaac Rebirth_Genesis 2210 (Title).mid
ambiguous_other,Other games,Multiplatform,The Elder Scrolls IV Oblivion,Title Screen,,game_midi/Other games_Multiplatform_The Elder Scrolls IV Oblivion_Title Screen.mid
ambiguous_likely_loop,Other games,Multiplatform,The Elder Scrolls V Skyrim,Dragonborn Theme,theme,game_midi/Other games_Multiplatform_The Elder Scrolls V Skyrim_Dragonborn Theme.mid
ambiguous_other,Other games,Multiplatform,The Legend of Heroes Trails of Cold Steel,Heartbreak,,game_midi/Other games_Multiplatform_The Legend of Heroes Trails of Cold Steel_Heartbreak.mid
ambiguous_other,Other games,Multiplatform,The Legend of Heroes Trails of Cold Steel,Wholehearted Feelings,,game_midi/Other games_Multiplatform_The Legend of Heroes Trails of Cold Steel_Wholehearted Feelings.mid
ambiguous_likely_loop,Other games,Multiplatform,The Sims 3,The Sims Theme,theme,game_midi/Other games_Multiplatform_The Sims 3_The Sims Theme.mid
ambiguous_other,Other games,Multiplatform,Tintin in Tibet,The Train,,game_midi/Other games_Multiplatform_Tintin in Tibet_The Train.mid
ambiguous_other,Other games,Multiplatform,Trivia Murder Party,List of the Dead Song,,game_midi/Other games_Multiplatform_Trivia Murder Party_List of the Dead Song.mid
ambiguous_other,Other games,Multiplatform,World of Goo,Tumbler,,game_midi/Other games_Multiplatform_World of Goo_Tumbler.mid
ambiguous_likely_loop,Other games,Multiplatform,Yakuza 0,Theme of Serena,theme,game_midi/Other games_Multiplatform_Yakuza 0_Theme of Serena.mid
ambiguous_other,Other games,Multiplatform,Yooka-Laylee,Hivory Towers,,game_midi/Other games_Multiplatform_Yooka-Laylee_Hivory Towers.mid
ambiguous_other,Other games,Multiplatform,Yooka-Laylee,Moodymaze Marsh,,game_midi/Other games_Multiplatform_Yooka-Laylee_Moodymaze Marsh.mid
ambiguous_other,Other games,Multiplatform,Yooka-Laylee,Tribalstack Tropics,,game_midi/Other games_Multiplatform_Yooka-Laylee_Tribalstack Tropics.mid
ambiguous_other,Other games,Multiplatform,Zero Escape Virtues Last Reward,Blue Bird Lamentation,,game_midi/Other games_Multiplatform_Zero Escape Virtues Last Reward_Blue Bird Lamentation.mid
ambiguous_other,Other games,Multiplatform,Zero Escape Virtues Last Reward,Confession,,game_midi/Other games_Multiplatform_Zero Escape Virtues Last Reward_Confession.mid
ambiguous_other,Other games,Multiplatform,Zero Escape Virtues Last Reward,Portentousness,,game_midi/Other games_Multiplatform_Zero Escape Virtues Last Reward_Portentousness.mid
ambiguous_other,Other games,Multiplatform,Zero Escape Zero Time Dilemma,Bad End,,game_midi/Other games_Multiplatform_Zero Escape Zero Time Dilemma_Bad End.mid
ambiguous_other,Other games,Multiplatform,Zero Escape Zero Time Dilemma,Interminable Dilemma (Final Decision),,game_midi/Other games_Multiplatform_Zero Escape Zero Time Dilemma_Interminable Dilemma (Final Decision).mid
ambiguous_other,Other games,Multiplatform,Zero Escape Zero Time Dilemma,Morphogenetic Sorrow (Piano),,game_midi/Other games_Multiplatform_Zero Escape Zero Time Dilemma_Morphogenetic Sorrow (Piano).mid
looping_gameplay_bgm,Other games,Neo Geo,Metal Slug 2,LIVIN ON THE DECK (Stage 3-1),stage,game_midi/Other games_Neo Geo_Metal Slug 2_LIVIN ON THE DECK (Stage 3-1).mid
ambiguous_likely_loop,Other games,Neo Geo,The King of Fighters 96,Stormy Saxophone 2 (Yagami Team Theme),theme,game_midi/Other games_Neo Geo_The King of Fighters 96_Stormy Saxophone 2 (Yagami Team Theme).mid
ambiguous_other,Other games,Nintendo 3DS,Bravely Default,Baby Bird,,game_midi/Other games_Nintendo 3DS_Bravely Default_Baby Bird.mid
looping_gameplay_bgm,Other games,Nintendo 3DS,Bravely Default,Beneath The Hollow Moon,moon,game_midi/Other games_Nintendo 3DS_Bravely Default_Beneath The Hollow Moon.mid
looping_gameplay_bgm,Other games,Nintendo 3DS,Bravely Default,Cave of Darkness,cave,game_midi/Other games_Nintendo 3DS_Bravely Default_Cave of Darkness.mid
ambiguous_other,Other games,Nintendo 3DS,Bravely Default,Instant of Eternity,,game_midi/Other games_Nintendo 3DS_Bravely Default_Instant of Eternity.mid
ambiguous_other,Other games,Nintendo 3DS,Bravely Default,Loves Vagrant,,game_midi/Other games_Nintendo 3DS_Bravely Default_Loves Vagrant.mid
ambiguous_other,Other games,Nintendo 3DS,Bravely Default,The Immortal Country,,game_midi/Other games_Nintendo 3DS_Bravely Default_The Immortal Country.mid
ambiguous_other,Other games,Nintendo 3DS,Bravely Default,Victorys Delight,,game_midi/Other games_Nintendo 3DS_Bravely Default_Victorys Delight.mid
ambiguous_other,Other games,Nintendo 3DS,Bravely Default,Wicked Flight,,game_midi/Other games_Nintendo 3DS_Bravely Default_Wicked Flight.mid
looping_gameplay_bgm,Other games,Nintendo 3DS,Fantasy Life,Night of the Great Plains,plains,game_midi/Other games_Nintendo 3DS_Fantasy Life_Night of the Great Plains.mid
looping_gameplay_bgm,Other games,Nintendo 3DS,Fantasy Life,Peaceful Night at Town,town,game_midi/Other games_Nintendo 3DS_Fantasy Life_Peaceful Night at Town.mid
ambiguous_other,Other games,Nintendo 3DS,Lord of Magna Maiden Heaven,Artemis,,game_midi/Other games_Nintendo 3DS_Lord of Magna Maiden Heaven_Artemis.mid
ambiguous_other,Other games,Nintendo 3DS,Lord of Magna Maiden Heaven,"Badump, Badump!",,"game_midi/Other games_Nintendo 3DS_Lord of Magna Maiden Heaven_Badump, Badump!.mid"
ambiguous_other,Other games,Nintendo 3DS,Lord of Magna Maiden Heaven,Determination,,game_midi/Other games_Nintendo 3DS_Lord of Magna Maiden Heaven_Determination.mid
ambiguous_other,Other games,Nintendo 3DS,Lord of Magna Maiden Heaven,Secrecy,,game_midi/Other games_Nintendo 3DS_Lord of Magna Maiden Heaven_Secrecy.mid
ambiguous_likely_loop,Other games,Nintendo 3DS,Lord of Magna Maiden Heaven,Title Theme,theme,game_midi/Other games_Nintendo 3DS_Lord of Magna Maiden Heaven_Title Theme.mid
ambiguous_other,Other games,Nintendo 3DS,StreetPass Mii Plaza,Find Mii,,game_midi/Other games_Nintendo 3DS_StreetPass Mii Plaza_Find Mii.mid
ambiguous_other,Other games,Nintendo 3DS,StreetPass Mii Plaza,Puzzle Swap,,game_midi/Other games_Nintendo 3DS_StreetPass Mii Plaza_Puzzle Swap.mid
ambiguous_other,Other games,Nintendo 3DS,The Legend of Dark Witch,Freesia,,game_midi/Other games_Nintendo 3DS_The Legend of Dark Witch_Freesia.mid
finite_song_or_cue,Other games,Nintendo 3DS,Tomodachi Life,Ballad,allad,game_midi/Other games_Nintendo 3DS_Tomodachi Life_Ballad.mid
ambiguous_other,Other games,Nintendo 64,Conkers Bad Fur Day,Cock and Plucker,,game_midi/Other games_Nintendo 64_Conkers Bad Fur Day_Cock and Plucker.mid
ambiguous_other,Other games,Nintendo 64,Conkers Bad Fur Day,Count Batula,,game_midi/Other games_Nintendo 64_Conkers Bad Fur Day_Count Batula.mid
ambiguous_likely_loop,Other games,Nintendo 64,Conkers Bad Fur Day,Game Boy Theme 2,theme,game_midi/Other games_Nintendo 64_Conkers Bad Fur Day_Game Boy Theme 2.mid
ambiguous_other,Other games,Nintendo 64,Conkers Bad Fur Day,Heist,,game_midi/Other games_Nintendo 64_Conkers Bad Fur Day_Heist.mid
ambiguous_other,Other games,Nintendo 64,Conkers Bad Fur Day,Peace at Last,,game_midi/Other games_Nintendo 64_Conkers Bad Fur Day_Peace at Last.mid
ambiguous_other,Other games,Nintendo 64,Conkers Bad Fur Day,Sloprano,,game_midi/Other games_Nintendo 64_Conkers Bad Fur Day_Sloprano.mid
ambiguous_other,Other games,Nintendo 64,Conkers Bad Fur Day,The Fabled Panther King,,game_midi/Other games_Nintendo 64_Conkers Bad Fur Day_The Fabled Panther King.mid
ambiguous_likely_loop,Other games,Nintendo 64,Conkers Bad Fur Day,Windy Theme,theme,game_midi/Other games_Nintendo 64_Conkers Bad Fur Day_Windy Theme.mid
looping_gameplay_bgm,Other games,Nintendo 64,Earthworm Jim 3D,Fear the Forest,forest,game_midi/Other games_Nintendo 64_Earthworm Jim 3D_Fear the Forest.mid
looping_gameplay_bgm,Other games,Nintendo 64,Jet Force Gemini,Character Select,select,game_midi/Other games_Nintendo 64_Jet Force Gemini_Character Select.mid
ambiguous_other,Other games,Nintendo 64,Jet Force Gemini,Eschebone,,game_midi/Other games_Nintendo 64_Jet Force Gemini_Eschebone.mid
ambiguous_other,Other games,Nintendo 64,Jet Force Gemini,SS Anubis,,game_midi/Other games_Nintendo 64_Jet Force Gemini_SS Anubis.mid
ambiguous_other,Other games,Nintendo 64,Mission Impossible 64,Embassy Function,,game_midi/Other games_Nintendo 64_Mission Impossible 64_Embassy Function.mid
ambiguous_other,Other games,Nintendo 64,Namco Museum 64,Dig Dug In-Game,,game_midi/Other games_Nintendo 64_Namco Museum 64_Dig Dug In-Game.mid
ambiguous_other,Other games,Nintendo 64,Perfect Dark,Chicago Stealth,,game_midi/Other games_Nintendo 64_Perfect Dark_Chicago Stealth.mid
ambiguous_other,Other games,Nintendo DS,Advance Wars Days of Ruin,We Will Prevail,,game_midi/Other games_Nintendo DS_Advance Wars Days of Ruin_We Will Prevail.mid
ambiguous_likely_loop,Other games,Nintendo DS,Advance Wars Dual Strike,Jakes Theme,theme,game_midi/Other games_Nintendo DS_Advance Wars Dual Strike_Jakes Theme.mid
ambiguous_likely_loop,Other games,Nintendo DS,Advance Wars Dual Strike,Javiers Theme,theme,game_midi/Other games_Nintendo DS_Advance Wars Dual Strike_Javiers Theme.mid
ambiguous_other,Other games,Nintendo DS,Brain Age Train Your Brain in Minutes a Day!,Title,,game_midi/Other games_Nintendo DS_Brain Age Train Your Brain in Minutes a Day!_Title.mid
looping_gameplay_bgm,Other games,Nintendo DS,Brain Age Train Your Brain in Minutes a Day!,Training Menu,"menu, training",game_midi/Other games_Nintendo DS_Brain Age Train Your Brain in Minutes a Day!_Training Menu.mid
ambiguous_other,Other games,Nintendo DS,Cooking Mama,Done,,game_midi/Other games_Nintendo DS_Cooking Mama_Done.mid
ambiguous_other,Other games,Nintendo DS,Cooking Mama,Title Screen,,game_midi/Other games_Nintendo DS_Cooking Mama_Title Screen.mid
looping_gameplay_bgm,Other games,Nintendo DS,Cory in the House,White House,house,game_midi/Other games_Nintendo DS_Cory in the House_White House.mid
ambiguous_other,Other games,Nintendo DS,Disgaea DS,Dark Whisper (Instrumental),,game_midi/Other games_Nintendo DS_Disgaea DS_Dark Whisper (Instrumental).mid
looping_gameplay_bgm,Other games,Nintendo DS,Dragon Ball Z Attack of the Saiyans,Final Boss (vs Vegeta),"oss, vs",game_midi/Other games_Nintendo DS_Dragon Ball Z Attack of the Saiyans_Final Boss (vs Vegeta).mid
looping_gameplay_bgm,Other games,Nintendo DS,Dragon Ball Z Attack of the Saiyans,Saiyan Battle (Vs RaditzNappa),"attle!?, vs",game_midi/Other games_Nintendo DS_Dragon Ball Z Attack of the Saiyans_Saiyan Battle (Vs RaditzNappa).mid
ambiguous_other,Other games,Nintendo DS,Etrian Odyssey III The Drowned City,Hoist the Sword with Pride in the Heart,,game_midi/Other games_Nintendo DS_Etrian Odyssey III The Drowned City_Hoist the Sword with Pride in the Heart.mid
finite_song_or_cue,Other games,Nintendo DS,Etrian Odyssey III The Drowned City,Unrest The End of the Raging Waves,the end,game_midi/Other games_Nintendo DS_Etrian Odyssey III The Drowned City_Unrest The End of the Raging Waves.mid
ambiguous_other,Other games,Nintendo DS,Ghost Trick Phantom Detective,Cabanela A Lanky Man in Lovely White,,game_midi/Other games_Nintendo DS_Ghost Trick Phantom Detective_Cabanela A Lanky Man in Lovely White.mid
ambiguous_other,Other games,Nintendo DS,Hotel Dusk Room 215,Bright Crystal,,game_midi/Other games_Nintendo DS_Hotel Dusk Room 215_Bright Crystal.mid
ambiguous_other,Other games,Nintendo DS,Last Window The Secret of Cape West,Blue Lady,,game_midi/Other games_Nintendo DS_Last Window The Secret of Cape West_Blue Lady.mid
ambiguous_other,Other games,Nintendo DS,Magical Starsign,Bena Rikashi,,game_midi/Other games_Nintendo DS_Magical Starsign_Bena Rikashi.mid
looping_gameplay_bgm,Other games,Nintendo DS,Magical Starsign,Boss Battle,"attle!?, oss",game_midi/Other games_Nintendo DS_Magical Starsign_Boss Battle.mid
looping_gameplay_bgm,Other games,Nintendo DS,Magical Starsign,Final Boss (vs Shadra and Umbra),"oss, vs",game_midi/Other games_Nintendo DS_Magical Starsign_Final Boss (vs Shadra and Umbra).mid
looping_gameplay_bgm,Other games,Nintendo DS,Magical Starsign,Pirate Battle,attle!?,game_midi/Other games_Nintendo DS_Magical Starsign_Pirate Battle.mid
ambiguous_other,Other games,Nintendo DS,Magical Starsign,Port Pescato,,game_midi/Other games_Nintendo DS_Magical Starsign_Port Pescato.mid
looping_gameplay_bgm,Other games,Nintendo DS,Magical Starsign,Shadra Overworld,overworld,game_midi/Other games_Nintendo DS_Magical Starsign_Shadra Overworld.mid
ambiguous_other,Other games,Nintendo DS,Magical Starsign,Space Police,,game_midi/Other games_Nintendo DS_Magical Starsign_Space Police.mid
ambiguous_other,Other games,Nintendo DS,Magical Starsign,Tropica,,game_midi/Other games_Nintendo DS_Magical Starsign_Tropica.mid
finite_song_or_cue,Other games,Nintendo DS,Meteos,Ending 2,ending,game_midi/Other games_Nintendo DS_Meteos_Ending 2.mid
ambiguous_other,Other games,Nintendo DS,"Nine Hours, Nine Persons, Nine Doors",9 Years,,"game_midi/Other games_Nintendo DS_Nine Hours, Nine Persons, Nine Doors_9 Years.mid"
ambiguous_other,Other games,Nintendo DS,"Nine Hours, Nine Persons, Nine Doors",Morphogenetic Sorrow,,"game_midi/Other games_Nintendo DS_Nine Hours, Nine Persons, Nine Doors_Morphogenetic Sorrow.mid"
finite_song_or_cue,Other games,Nintendo DS,Nintendogs,Naptime Record,record,game_midi/Other games_Nintendo DS_Nintendogs_Naptime Record.mid
ambiguous_other,Other games,Nintendo DS,Radiant Historia,An Earnest Desire of Grey,,game_midi/Other games_Nintendo DS_Radiant Historia_An Earnest Desire of Grey.mid
looping_gameplay_bgm,Other games,Nintendo DS,Radiant Historia,The Garden Where the Celestite Lies,garden,game_midi/Other games_Nintendo DS_Radiant Historia_The Garden Where the Celestite Lies.mid
ambiguous_other,Other games,Nintendo DS,Radiant Historia,Where the Wind and Feathers Return,,game_midi/Other games_Nintendo DS_Radiant Historia_Where the Wind and Feathers Return.mid
ambiguous_other,Other games,Nintendo DS,Theresia,Memorys Lies,,game_midi/Other games_Nintendo DS_Theresia_Memorys Lies.mid
finite_song_or_cue,Other games,Nintendo DS,Theresia,Opening Song,opening,game_midi/Other games_Nintendo DS_Theresia_Opening Song.mid
ambiguous_likely_loop,Other games,Nintendo DSi,Bird & Beans,Pyoros Theme 1,theme,game_midi/Other games_Nintendo DSi_Bird & Beans_Pyoros Theme 1.mid
ambiguous_likely_loop,Other games,Nintendo Entertainment System,Action 52,Game 52 Action Gamemaster (Cheetahmen Theme),theme,game_midi/Other games_Nintendo Entertainment System_Action 52_Game 52 Action Gamemaster (Cheetahmen Theme).mid
ambiguous_other,Other games,Nintendo Entertainment System,Air Fortress,Evacuation,,game_midi/Other games_Nintendo Entertainment System_Air Fortress_Evacuation.mid
finite_song_or_cue,Other games,Nintendo Entertainment System,Air Fortress,Title Screen Prologue,prologue,game_midi/Other games_Nintendo Entertainment System_Air Fortress_Title Screen Prologue.mid
ambiguous_other,Other games,Nintendo Entertainment System,Aladdin,Prince Ali,,game_midi/Other games_Nintendo Entertainment System_Aladdin_Prince Ali.mid
ambiguous_other,Other games,Nintendo Entertainment System,Anticipation,Puzzle Solving,,game_midi/Other games_Nintendo Entertainment System_Anticipation_Puzzle Solving.mid
ambiguous_other,Other games,Nintendo Entertainment System,Anticipation,Title Screen,,game_midi/Other games_Nintendo Entertainment System_Anticipation_Title Screen.mid
looping_gameplay_bgm,Other games,Nintendo Entertainment System,Arkistas Ring,Overworld,overworld,game_midi/Other games_Nintendo Entertainment System_Arkistas Ring_Overworld.mid
ambiguous_other,Other games,Nintendo Entertainment System,Balloon Fight,Balloon Trip,,game_midi/Other games_Nintendo Entertainment System_Balloon Fight_Balloon Trip.mid
looping_gameplay_bgm,Other games,Nintendo Entertainment System,Blaster Master,Area 1,area,game_midi/Other games_Nintendo Entertainment System_Blaster Master_Area 1.mid
looping_gameplay_bgm,Other games,Nintendo Entertainment System,Clu Clu Land,Music from Clu Clu Land,land,game_midi/Other games_Nintendo Entertainment System_Clu Clu Land_Music from Clu Clu Land.mid
ambiguous_other,Other games,Nintendo Entertainment System,Crystalis,The Great Pyramid,,game_midi/Other games_Nintendo Entertainment System_Crystalis_The Great Pyramid.mid
looping_gameplay_bgm,Other games,Nintendo Entertainment System,Crystalis,Town,town,game_midi/Other games_Nintendo Entertainment System_Crystalis_Town.mid
ambiguous_other,Other games,Nintendo Entertainment System,DuckTales,Amazon,,game_midi/Other games_Nintendo Entertainment System_DuckTales_Amazon.mid
looping_gameplay_bgm,Other games,Nintendo Entertainment System,DuckTales,Boss,oss,game_midi/Other games_Nintendo Entertainment System_DuckTales_Boss.mid
ambiguous_other,Other games,Nintendo Entertainment System,DuckTales,Himalayas,,game_midi/Other games_Nintendo Entertainment System_DuckTales_Himalayas.mid
looping_gameplay_bgm,Other games,Nintendo Entertainment System,DuckTales,The Moon,moon,game_midi/Other games_Nintendo Entertainment System_DuckTales_The Moon.mid
ambiguous_likely_loop,Other games,Nintendo Entertainment System,DuckTales,Title Theme,theme,game_midi/Other games_Nintendo Entertainment System_DuckTales_Title Theme.mid
ambiguous_other,Other games,Nintendo Entertainment System,DuckTales,Transylvania (Beta),,game_midi/Other games_Nintendo Entertainment System_DuckTales_Transylvania (Beta).mid
ambiguous_other,Other games,Nintendo Entertainment System,DuckTales,Transylvania,,game_midi/Other games_Nintendo Entertainment System_DuckTales_Transylvania.mid
finite_song_or_cue,Other games,Nintendo Entertainment System,Famicom Detective Club The Missing Heir,Staff Roll,staff roll,game_midi/Other games_Nintendo Entertainment System_Famicom Detective Club The Missing Heir_Staff Roll.mid
finite_song_or_cue,Other games,Nintendo Entertainment System,Famicom Grand Prix II 3D Hot Rally,Opening,opening,game_midi/Other games_Nintendo Entertainment System_Famicom Grand Prix II 3D Hot Rally_Opening.mid
looping_gameplay_bgm,Other games,Nintendo Entertainment System,Flying Warriors,Peaceful Village,village,game_midi/Other games_Nintendo Entertainment System_Flying Warriors_Peaceful Village.mid
looping_gameplay_bgm,Other games,Nintendo Entertainment System,Flying Warriors,Practice in the Mountain,mountain,game_midi/Other games_Nintendo Entertainment System_Flying Warriors_Practice in the Mountain.mid
ambiguous_other,Other games,Nintendo Entertainment System,Getsu Fuuma Den,3D Maze,,game_midi/Other games_Nintendo Entertainment System_Getsu Fuuma Den_3D Maze.mid
ambiguous_other,Other games,Nintendo Entertainment System,Hydlide,Title ScreenOverworld,,game_midi/Other games_Nintendo Entertainment System_Hydlide_Title ScreenOverworld.mid
looping_gameplay_bgm,Other games,Nintendo Entertainment System,Ice Climber,Stage Theme,stage,game_midi/Other games_Nintendo Entertainment System_Ice Climber_Stage Theme.mid
looping_gameplay_bgm,Other games,Nintendo Entertainment System,Ice Climber,Title Screen Bonus Stage,stage,game_midi/Other games_Nintendo Entertainment System_Ice Climber_Title Screen Bonus Stage.mid
looping_gameplay_bgm,Other games,Nintendo Entertainment System,Journey to Silius,Stage 1 & 5,stage,game_midi/Other games_Nintendo Entertainment System_Journey to Silius_Stage 1 & 5.mid
ambiguous_other,Other games,Nintendo Entertainment System,Mach Rider,Main BGM 1,,game_midi/Other games_Nintendo Entertainment System_Mach Rider_Main BGM 1.mid
ambiguous_other,Other games,Nintendo Entertainment System,Magical Taruruto-kun Fantastic World!!,Happy Birthday Song,,game_midi/Other games_Nintendo Entertainment System_Magical Taruruto-kun Fantastic World!!_Happy Birthday Song.mid
looping_gameplay_bgm,Other games,Nintendo Entertainment System,Mike Tysons Punch-Out!!,Fight Theme,fight,game_midi/Other games_Nintendo Entertainment System_Mike Tysons Punch-Out!!_Fight Theme.mid
ambiguous_other,Other games,Nintendo Entertainment System,Monster Party,Title Screen,,game_midi/Other games_Nintendo Entertainment System_Monster Party_Title Screen.mid
ambiguous_other,Other games,Nintendo Entertainment System,Niji no Silkroad,Persia,,game_midi/Other games_Nintendo Entertainment System_Niji no Silkroad_Persia.mid
ambiguous_other,Other games,Nintendo Entertainment System,Nintendo World Cup,Matches 4-6,,game_midi/Other games_Nintendo Entertainment System_Nintendo World Cup_Matches 4-6.mid
finite_song_or_cue,Other games,Nintendo Entertainment System,Princess Tomato in the Salad Kingdom,Ending Staff Roll,"ending, staff roll",game_midi/Other games_Nintendo Entertainment System_Princess Tomato in the Salad Kingdom_Ending Staff Roll.mid
ambiguous_other,Other games,Nintendo Entertainment System,Princess Tomato in the Salad Kingdom,Password,,game_midi/Other games_Nintendo Entertainment System_Princess Tomato in the Salad Kingdom_Password.mid
ambiguous_other,Other games,Nintendo Entertainment System,Rad Racer,Music One,,game_midi/Other games_Nintendo Entertainment System_Rad Racer_Music One.mid
looping_gameplay_bgm,Other games,Nintendo Entertainment System,Shadowgate,Battle to the Death,attle!?,game_midi/Other games_Nintendo Entertainment System_Shadowgate_Battle to the Death.mid
ambiguous_other,Other games,Nintendo Entertainment System,Shadowgate,Entryway,,game_midi/Other games_Nintendo Entertainment System_Shadowgate_Entryway.mid
finite_song_or_cue,Other games,Nintendo Entertainment System,Shadowgate,Game Over,game over,game_midi/Other games_Nintendo Entertainment System_Shadowgate_Game Over.mid
ambiguous_other,Other games,Nintendo Entertainment System,Shadowgate,Title Screen,,game_midi/Other games_Nintendo Entertainment System_Shadowgate_Title Screen.mid
ambiguous_other,Other games,Nintendo Entertainment System,Shadowgate,Twilight,,game_midi/Other games_Nintendo Entertainment System_Shadowgate_Twilight.mid
ambiguous_other,Other games,Nintendo Entertainment System,Shin Onigashima,Eighth Chapter Giant Dragon,,game_midi/Other games_Nintendo Entertainment System_Shin Onigashima_Eighth Chapter Giant Dragon.mid
finite_song_or_cue,Other games,Nintendo Entertainment System,Shin Onigashima,Ending,ending,game_midi/Other games_Nintendo Entertainment System_Shin Onigashima_Ending.mid
looping_gameplay_bgm,Other games,Nintendo Entertainment System,Shin Onigashima,Fifth Chapter Castle Ruins,"castle, ruins",game_midi/Other games_Nintendo Entertainment System_Shin Onigashima_Fifth Chapter Castle Ruins.mid
ambiguous_other,Other games,Nintendo Entertainment System,Shin Onigashima,Fifth Chapter Gate Watcher Oni,,game_midi/Other games_Nintendo Entertainment System_Shin Onigashima_Fifth Chapter Gate Watcher Oni.mid
ambiguous_other,Other games,Nintendo Entertainment System,Shin Onigashima,First Chapter At Home,,game_midi/Other games_Nintendo Entertainment System_Shin Onigashima_First Chapter At Home.mid
looping_gameplay_bgm,Other games,Nintendo Entertainment System,Shin Onigashima,First Chapter Road Through the Mountains,road,game_midi/Other games_Nintendo Entertainment System_Shin Onigashima_First Chapter Road Through the Mountains.mid
looping_gameplay_bgm,Other games,Nintendo Entertainment System,Shin Onigashima,Fourth Chapter Lake,lake,game_midi/Other games_Nintendo Entertainment System_Shin Onigashima_Fourth Chapter Lake.mid
looping_gameplay_bgm,Other games,Nintendo Entertainment System,Shin Onigashima,Fourth Chapter Neighboring Village,village,game_midi/Other games_Nintendo Entertainment System_Shin Onigashima_Fourth Chapter Neighboring Village.mid
ambiguous_other,Other games,Nintendo Entertainment System,Shin Onigashima,Ninth Chapter Final Scene,,game_midi/Other games_Nintendo Entertainment System_Shin Onigashima_Ninth Chapter Final Scene.mid
ambiguous_likely_loop,Other games,Nintendo Entertainment System,Shin Onigashima,Second Chapter At Home (Night),night,game_midi/Other games_Nintendo Entertainment System_Shin Onigashima_Second Chapter At Home (Night).mid
ambiguous_other,Other games,Nintendo Entertainment System,Shin Onigashima,Second Chapter At Home,,game_midi/Other games_Nintendo Entertainment System_Shin Onigashima_Second Chapter At Home.mid
looping_gameplay_bgm,Other games,Nintendo Entertainment System,Shin Onigashima,Seventh Chapter Cave,cave,game_midi/Other games_Nintendo Entertainment System_Shin Onigashima_Seventh Chapter Cave.mid
ambiguous_other,Other games,Nintendo Entertainment System,Shin Onigashima,Seventh Chapter Ohana,,game_midi/Other games_Nintendo Entertainment System_Shin Onigashima_Seventh Chapter Ohana.mid
ambiguous_other,Other games,Nintendo Entertainment System,Shin Onigashima,Seventh Chapter Shinohara,,game_midi/Other games_Nintendo Entertainment System_Shin Onigashima_Seventh Chapter Shinohara.mid
looping_gameplay_bgm,Other games,Nintendo Entertainment System,Shin Onigashima,Sixth Chapter Forest of Opportunity,forest,game_midi/Other games_Nintendo Entertainment System_Shin Onigashima_Sixth Chapter Forest of Opportunity.mid
looping_gameplay_bgm,Other games,Nintendo Entertainment System,Shin Onigashima,Sixth Chapter Forest,forest,game_midi/Other games_Nintendo Entertainment System_Shin Onigashima_Sixth Chapter Forest.mid
looping_gameplay_bgm,Other games,Nintendo Entertainment System,Shin Onigashima,Sixth Chapter Sparrows House,house,game_midi/Other games_Nintendo Entertainment System_Shin Onigashima_Sixth Chapter Sparrows House.mid
finite_song_or_cue,Other games,Nintendo Entertainment System,Shin Onigashima,Staff Roll,staff roll,game_midi/Other games_Nintendo Entertainment System_Shin Onigashima_Staff Roll.mid
ambiguous_likely_loop,Other games,Nintendo Entertainment System,Shin Onigashima,Third Chapter Morning,morning,game_midi/Other games_Nintendo Entertainment System_Shin Onigashima_Third Chapter Morning.mid
looping_gameplay_bgm,Other games,Nintendo Entertainment System,Shin Onigashima,Third Chapter Oni Fortress,fortress,game_midi/Other games_Nintendo Entertainment System_Shin Onigashima_Third Chapter Oni Fortress.mid
ambiguous_other,Other games,Nintendo Entertainment System,Shin Onigashima,Title BGM,,game_midi/Other games_Nintendo Entertainment System_Shin Onigashima_Title BGM.mid
finite_song_or_cue,Other games,Nintendo Entertainment System,Shingen the Ruler,Credits,credits?,game_midi/Other games_Nintendo Entertainment System_Shingen the Ruler_Credits.mid
looping_gameplay_bgm,Other games,Nintendo Entertainment System,StarTropics,Dungeon,dungeon,game_midi/Other games_Nintendo Entertainment System_StarTropics_Dungeon.mid
looping_gameplay_bgm,Other games,Nintendo Entertainment System,StarTropics,Overworld,overworld,game_midi/Other games_Nintendo Entertainment System_StarTropics_Overworld.mid
ambiguous_other,Other games,Nintendo Entertainment System,Super Pitfall,Balloon,,game_midi/Other games_Nintendo Entertainment System_Super Pitfall_Balloon.mid
finite_song_or_cue,Other games,Nintendo Entertainment System,Super Pitfall,Ending,ending,game_midi/Other games_Nintendo Entertainment System_Super Pitfall_Ending.mid
ambiguous_likely_loop,Other games,Nintendo Entertainment System,Super Pitfall,Main Theme,theme,game_midi/Other games_Nintendo Entertainment System_Super Pitfall_Main Theme.mid
finite_song_or_cue,Other games,Nintendo Entertainment System,Super Pitfall,Reprise,reprise,game_midi/Other games_Nintendo Entertainment System_Super Pitfall_Reprise.mid
ambiguous_likely_loop,Other games,Nintendo Entertainment System,Sweet Home,Basement Theme,theme,game_midi/Other games_Nintendo Entertainment System_Sweet Home_Basement Theme.mid
looping_gameplay_bgm,Other games,Nintendo Entertainment System,Sweet Home,Battle Theme,attle!?,game_midi/Other games_Nintendo Entertainment System_Sweet Home_Battle Theme.mid
looping_gameplay_bgm,Other games,Nintendo Entertainment System,Sweet Home,Cave Theme,cave,game_midi/Other games_Nintendo Entertainment System_Sweet Home_Cave Theme.mid
ambiguous_other,Other games,Nintendo Entertainment System,Sweet Home,Dire Situation,,game_midi/Other games_Nintendo Entertainment System_Sweet Home_Dire Situation.mid
looping_gameplay_bgm,Other games,Nintendo Entertainment System,Sweet Home,East Garden,garden,game_midi/Other games_Nintendo Entertainment System_Sweet Home_East Garden.mid
finite_song_or_cue,Other games,Nintendo Entertainment System,Sweet Home,Ending Theme,"ending, ending theme",game_midi/Other games_Nintendo Entertainment System_Sweet Home_Ending Theme.mid
looping_gameplay_bgm,Other games,Nintendo Entertainment System,Sweet Home,Final Battle,attle!?,game_midi/Other games_Nintendo Entertainment System_Sweet Home_Final Battle.mid
ambiguous_likely_loop,Other games,Nintendo Entertainment System,Sweet Home,Fresco Theme,theme,game_midi/Other games_Nintendo Entertainment System_Sweet Home_Fresco Theme.mid
ambiguous_other,Other games,Nintendo Entertainment System,Sweet Home,Ichirous Demise,,game_midi/Other games_Nintendo Entertainment System_Sweet Home_Ichirous Demise.mid
ambiguous_likely_loop,Other games,Nintendo Entertainment System,Sweet Home,Lobby Theme,theme,game_midi/Other games_Nintendo Entertainment System_Sweet Home_Lobby Theme.mid
ambiguous_likely_loop,Other games,Nintendo Entertainment System,Sweet Home,Mamiya & Ichirous Theme,theme,game_midi/Other games_Nintendo Entertainment System_Sweet Home_Mamiya & Ichirous Theme.mid
looping_gameplay_bgm,Other games,Nintendo Entertainment System,Sweet Home,Mamiyas Room,room,game_midi/Other games_Nintendo Entertainment System_Sweet Home_Mamiyas Room.mid
looping_gameplay_bgm,Other games,Nintendo Entertainment System,Sweet Home,West Island,island,game_midi/Other games_Nintendo Entertainment System_Sweet Home_West Island.mid
ambiguous_other,Other games,Nintendo Entertainment System,Target Renegade,Levels 1-3 Parking Garage,,game_midi/Other games_Nintendo Entertainment System_Target Renegade_Levels 1-3 Parking Garage.mid
looping_gameplay_bgm,Other games,Nintendo Entertainment System,Teenage Mutant Ninja Turtles III The Manhattan Project,Scene 1 - The Beach,each,game_midi/Other games_Nintendo Entertainment System_Teenage Mutant Ninja Turtles III The Manhattan Project_Scene 1 - The Beach.mid
looping_gameplay_bgm,Other games,Nintendo Entertainment System,Tenchi wo Kurau II Shokatsu Koumei Den,Forest,forest,game_midi/Other games_Nintendo Entertainment System_Tenchi wo Kurau II Shokatsu Koumei Den_Forest.mid
ambiguous_likely_loop,Other games,Nintendo Entertainment System,The Adventures of Lolo,Theme,theme,game_midi/Other games_Nintendo Entertainment System_The Adventures of Lolo_Theme.mid
finite_song_or_cue,Other games,Nintendo Entertainment System,The Flintstones The Rescue of Dino & Hoppy,Title Theme & Ending,ending,game_midi/Other games_Nintendo Entertainment System_The Flintstones The Rescue of Dino & Hoppy_Title Theme & Ending.mid
looping_gameplay_bgm,Other games,Nintendo Entertainment System,The Mysterious Murasame Castle,Game Start Castle Town,"town, castle",game_midi/Other games_Nintendo Entertainment System_The Mysterious Murasame Castle_Game Start Castle Town.mid
looping_gameplay_bgm,Other games,Nintendo Entertainment System,The Mysterious Murasame Castle,Inside the Castle,castle,game_midi/Other games_Nintendo Entertainment System_The Mysterious Murasame Castle_Inside the Castle.mid
looping_gameplay_bgm,Other games,Nintendo Entertainment System,The Mysterious Murasame Castle,Murasame Castle,castle,game_midi/Other games_Nintendo Entertainment System_The Mysterious Murasame Castle_Murasame Castle.mid
ambiguous_other,Other games,Nintendo Entertainment System,Wizardry II The Knight of Diamonds,Boltacs Trading Post,,game_midi/Other games_Nintendo Entertainment System_Wizardry II The Knight of Diamonds_Boltacs Trading Post.mid
ambiguous_other,Other games,Nintendo Entertainment System,Wizardry III Legacy of Llylgamyn,Gilgameshs Tavern,,game_midi/Other games_Nintendo Entertainment System_Wizardry III Legacy of Llylgamyn_Gilgameshs Tavern.mid
ambiguous_likely_loop,Other games,Nintendo Entertainment System,Yume Kojo Doki Doki Panic,Title Theme,theme,game_midi/Other games_Nintendo Entertainment System_Yume Kojo Doki Doki Panic_Title Theme.mid
ambiguous_other,Other games,Nintendo Entertainment System,Zombie Hunter,BGM 1,,game_midi/Other games_Nintendo Entertainment System_Zombie Hunter_BGM 1.mid
ambiguous_likely_loop,Other games,Nintendo GameCube,Resident Evil 4,Save Theme,theme,game_midi/Other games_Nintendo GameCube_Resident Evil 4_Save Theme.mid
looping_gameplay_bgm,Other games,Nintendo GameCube,Super Monkey Ball 2,Bubbly Washing Machine Theme (World 7),world,game_midi/Other games_Nintendo GameCube_Super Monkey Ball 2_Bubbly Washing Machine Theme (World 7).mid
looping_gameplay_bgm,Other games,Nintendo GameCube,Super Monkey Ball,Sand Stage Theme (Desert),"stage, desert",game_midi/Other games_Nintendo GameCube_Super Monkey Ball_Sand Stage Theme (Desert).mid
finite_song_or_cue,Other games,Nintendo Switch,Cadence of Hyrule Crypt of the NecroDancer Featuring The Legend of Zelda,Zeldas Lullaby (File Select),lullaby,game_midi/Other games_Nintendo Switch_Cadence of Hyrule Crypt of the NecroDancer Featuring The Legend of Zelda_Zeldas Lullaby (File Select).mid
ambiguous_other,Other games,Nintendo Switch,Famicom Detective Club The Girl Who Stands Behind,Old School Building,,game_midi/Other games_Nintendo Switch_Famicom Detective Club The Girl Who Stands Behind_Old School Building.mid
ambiguous_other,Other games,Nintendo Switch,Famicom Detective Club The Missing Heir,Memories,,game_midi/Other games_Nintendo Switch_Famicom Detective Club The Missing Heir_Memories.mid
ambiguous_other,Other games,Nintendo Switch,Famicom Detective Club The Missing Heir,Utsugi Detective Agency,,game_midi/Other games_Nintendo Switch_Famicom Detective Club The Missing Heir_Utsugi Detective Agency.mid
ambiguous_other,Other games,Nintendo Switch,Octopath Traveler,A Settlement in the Red Bluffs,,game_midi/Other games_Nintendo Switch_Octopath Traveler_A Settlement in the Red Bluffs.mid
ambiguous_other,Other games,Nintendo Switch,Octopath Traveler,"Alfyn, the Apothecary",,"game_midi/Other games_Nintendo Switch_Octopath Traveler_Alfyn, the Apothecary.mid"
ambiguous_other,Other games,Nintendo Switch,Octopath Traveler,Among Stately Peaks,,game_midi/Other games_Nintendo Switch_Octopath Traveler_Among Stately Peaks.mid
looping_gameplay_bgm,Other games,Nintendo Switch,Octopath Traveler,Battle I,attle!?,game_midi/Other games_Nintendo Switch_Octopath Traveler_Battle I.mid
looping_gameplay_bgm,Other games,Nintendo Switch,Octopath Traveler,Battle II,attle!?,game_midi/Other games_Nintendo Switch_Octopath Traveler_Battle II.mid
looping_gameplay_bgm,Other games,Nintendo Switch,Octopath Traveler,Battle III,attle!?,game_midi/Other games_Nintendo Switch_Octopath Traveler_Battle III.mid
looping_gameplay_bgm,Other games,Nintendo Switch,Octopath Traveler,Battle at Journeys End,attle!?,game_midi/Other games_Nintendo Switch_Octopath Traveler_Battle at Journeys End.mid
ambiguous_other,Other games,Nintendo Switch,Octopath Traveler,Character Motifs,,game_midi/Other games_Nintendo Switch_Octopath Traveler_Character Motifs.mid
ambiguous_other,Other games,Nintendo Switch,Octopath Traveler,"Clearbrook, by the Pristine Waters",,"game_midi/Other games_Nintendo Switch_Octopath Traveler_Clearbrook, by the Pristine Waters.mid"
ambiguous_other,Other games,Nintendo Switch,Octopath Traveler,"Cyrus, the Scholar",,"game_midi/Other games_Nintendo Switch_Octopath Traveler_Cyrus, the Scholar.mid"
ambiguous_other,Other games,Nintendo Switch,Octopath Traveler,Daughter of the Dark God,,game_midi/Other games_Nintendo Switch_Octopath Traveler_Daughter of the Dark God.mid
ambiguous_other,Other games,Nintendo Switch,Octopath Traveler,Determination,,game_midi/Other games_Nintendo Switch_Octopath Traveler_Determination.mid
ambiguous_other,Other games,Nintendo Switch,Octopath Traveler,"Flamesgrace, Guiding Light",,"game_midi/Other games_Nintendo Switch_Octopath Traveler_Flamesgrace, Guiding Light.mid"
ambiguous_other,Other games,Nintendo Switch,Octopath Traveler,"Haanit, the Hunter",,"game_midi/Other games_Nintendo Switch_Octopath Traveler_Haanit, the Hunter.mid"
looping_gameplay_bgm,Other games,Nintendo Switch,Octopath Traveler,My Quiet Forest Home,forest,game_midi/Other games_Nintendo Switch_Octopath Traveler_My Quiet Forest Home.mid
ambiguous_other,Other games,Nintendo Switch,Octopath Traveler,"Olberic, the Warrior",,"game_midi/Other games_Nintendo Switch_Octopath Traveler_Olberic, the Warrior.mid"
ambiguous_other,Other games,Nintendo Switch,Octopath Traveler,On a Knifes Edge,,game_midi/Other games_Nintendo Switch_Octopath Traveler_On a Knifes Edge.mid
ambiguous_other,Other games,Nintendo Switch,Octopath Traveler,"Ophilia, the Cleric",,"game_midi/Other games_Nintendo Switch_Octopath Traveler_Ophilia, the Cleric.mid"
ambiguous_other,Other games,Nintendo Switch,Octopath Traveler,"Orewell, Beneath the Crags",,"game_midi/Other games_Nintendo Switch_Octopath Traveler_Orewell, Beneath the Crags.mid"
ambiguous_other,Other games,Nintendo Switch,Octopath Traveler,"Primrose, the Dancer",,"game_midi/Other games_Nintendo Switch_Octopath Traveler_Primrose, the Dancer.mid"
looping_gameplay_bgm,Other games,Nintendo Switch,Octopath Traveler,River of Life,river,game_midi/Other games_Nintendo Switch_Octopath Traveler_River of Life.mid
ambiguous_other,Other games,Nintendo Switch,Octopath Traveler,"Stolen Dreams, Lost Light",,"game_midi/Other games_Nintendo Switch_Octopath Traveler_Stolen Dreams, Lost Light.mid"
ambiguous_other,Other games,Nintendo Switch,Octopath Traveler,The Frostlands,,game_midi/Other games_Nintendo Switch_Octopath Traveler_The Frostlands.mid
ambiguous_other,Other games,Nintendo Switch,Octopath Traveler,The Riverlands,,game_midi/Other games_Nintendo Switch_Octopath Traveler_The Riverlands.mid
ambiguous_other,Other games,Nintendo Switch,Octopath Traveler,"Therion, the Thief",,"game_midi/Other games_Nintendo Switch_Octopath Traveler_Therion, the Thief.mid"
looping_gameplay_bgm,Other games,Nintendo Switch,Octopath Traveler,Town Veiled in White,town,game_midi/Other games_Nintendo Switch_Octopath Traveler_Town Veiled in White.mid
ambiguous_other,Other games,Nintendo Switch,Octopath Traveler,"Tressa, the Merchant",,"game_midi/Other games_Nintendo Switch_Octopath Traveler_Tressa, the Merchant.mid"
looping_gameplay_bgm,Other games,Nintendo Switch,Octopath Traveler,"Victors Hollow, Jewel of the Forest",forest,"game_midi/Other games_Nintendo Switch_Octopath Traveler_Victors Hollow, Jewel of the Forest.mid"
looping_gameplay_bgm,Other games,Nintendo Switch,Part Time UFO,Treasure Island - Ruins,"island, ruins",game_midi/Other games_Nintendo Switch_Part Time UFO_Treasure Island - Ruins.mid
ambiguous_other,Other games,Nintendo Switch,Ring Fit Adventure,Title A,,game_midi/Other games_Nintendo Switch_Ring Fit Adventure_Title A.mid
ambiguous_other,Other games,Nintendo Switch,Splatoon 2,Now or Never!,,game_midi/Other games_Nintendo Switch_Splatoon 2_Now or Never!.mid
ambiguous_other,Other games,PC,A Dance of Fire and Ice,The Midnight Train,,game_midi/Other games_PC_A Dance of Fire and Ice_The Midnight Train.mid
ambiguous_likely_loop,Other games,PC,Backyard Baseball,Pablo Sanchezs Theme,theme,game_midi/Other games_PC_Backyard Baseball_Pablo Sanchezs Theme.mid
ambiguous_other,Other games,PC,Bug Fables The Everlasting Sapling,Blessed Golden Lands,,game_midi/Other games_PC_Bug Fables The Everlasting Sapling_Blessed Golden Lands.mid
ambiguous_other,Other games,PC,Bunny Must Die! Chelsea and the 7 Devils,Flying Dandelion,,game_midi/Other games_PC_Bunny Must Die! Chelsea and the 7 Devils_Flying Dandelion.mid
ambiguous_other,Other games,PC,Cave Story,Access,,game_midi/Other games_PC_Cave Story_Access.mid
ambiguous_other,Other games,PC,Cave Story,Balcony,,game_midi/Other games_PC_Cave Story_Balcony.mid
ambiguous_likely_loop,Other games,PC,Cave Story,Balrogs Theme,theme,game_midi/Other games_PC_Cave Story_Balrogs Theme.mid
ambiguous_other,Other games,PC,Cave Story,Break Down,,game_midi/Other games_PC_Cave Story_Break Down.mid
ambiguous_other,Other games,PC,Cave Story,Cemetery,,game_midi/Other games_PC_Cave Story_Cemetery.mid
ambiguous_other,Other games,PC,Cave Story,Halloween 2,,game_midi/Other games_PC_Cave Story_Halloween 2.mid
ambiguous_other,Other games,PC,Cave Story,Running Hell,,game_midi/Other games_PC_Cave Story_Running Hell.mid
ambiguous_other,Other games,PC,Cave Story,Scorching Back,,game_midi/Other games_PC_Cave Story_Scorching Back.mid
ambiguous_other,Other games,PC,Cave Story,Zombie,,game_midi/Other games_PC_Cave Story_Zombie.mid
looping_gameplay_bgm,Other games,PC,Chris Sawyers Locomotion,Sandy Track Blues,track,game_midi/Other games_PC_Chris Sawyers Locomotion_Sandy Track Blues.mid
looping_gameplay_bgm,Other games,PC,CrossCode,Battle 1,attle!?,game_midi/Other games_PC_CrossCode_Battle 1.mid
looping_gameplay_bgm,Other games,PC,CrossCode,Boss Battle,"attle!?, oss",game_midi/Other games_PC_CrossCode_Boss Battle.mid
ambiguous_other,Other games,PC,CrossCode,Improvising,,game_midi/Other games_PC_CrossCode_Improvising.mid
ambiguous_other,Other games,PC,CrossCode,Lea!,,game_midi/Other games_PC_CrossCode_Lea!.mid
ambiguous_other,Other games,PC,CrossCode,Valse dAhoge,,game_midi/Other games_PC_CrossCode_Valse dAhoge.mid
ambiguous_other,Other games,PC,Diablo III Reaper of Souls,A Mortal Heart,,game_midi/Other games_PC_Diablo III Reaper of Souls_A Mortal Heart.mid
ambiguous_other,Other games,PC,Diner Dash Hometown Hero,Florences Groovy Disco,,game_midi/Other games_PC_Diner Dash Hometown Hero_Florences Groovy Disco.mid
finite_song_or_cue,Other games,PC,Do You Remember My Lullaby?,Lullaby (Music Box),lullaby,game_midi/Other games_PC_Do You Remember My Lullaby?_Lullaby (Music Box).mid
ambiguous_other,Other games,PC,Doki Doki Literature Club!,Daijoubu!,,game_midi/Other games_PC_Doki Doki Literature Club!_Daijoubu!.mid
ambiguous_other,Other games,PC,Doki Doki Literature Club!,Dreams of Love and Literature,,game_midi/Other games_PC_Doki Doki Literature Club!_Dreams of Love and Literature.mid
ambiguous_other,Other games,PC,Doki Doki Literature Club!,I Still Love You,,game_midi/Other games_PC_Doki Doki Literature Club!_I Still Love You.mid
ambiguous_other,Other games,PC,Doki Doki Literature Club!,My Confession,,game_midi/Other games_PC_Doki Doki Literature Club!_My Confession.mid
ambiguous_other,Other games,PC,Doki Doki Literature Club!,My Feelings,,game_midi/Other games_PC_Doki Doki Literature Club!_My Feelings.mid
ambiguous_other,Other games,PC,Doki Doki Literature Club!,Ohayou Sayori!,,game_midi/Other games_PC_Doki Doki Literature Club!_Ohayou Sayori!.mid
ambiguous_other,Other games,PC,Doki Doki Literature Club!,"Okay, Everyone! (Monika)",,"game_midi/Other games_PC_Doki Doki Literature Club!_Okay, Everyone! (Monika).mid"
ambiguous_other,Other games,PC,Doom,At Dooms Gate [E1M1],,game_midi/Other games_PC_Doom_At Dooms Gate [E1M1].mid
ambiguous_other,Other games,PC,Doom,Intermission from DOOM [E2M3],,game_midi/Other games_PC_Doom_Intermission from DOOM [E2M3].mid
ambiguous_other,Other games,PC,Doom,Sweet Little Dead Bunny,,game_midi/Other games_PC_Doom_Sweet Little Dead Bunny.mid
finite_song_or_cue,Other games,PC,Epic Battle Fantasy 4,A Stroll Through Nostalgia (Ending Version),ending,game_midi/Other games_PC_Epic Battle Fantasy 4_A Stroll Through Nostalgia (Ending Version).mid
ambiguous_other,Other games,PC,Freddy Pharkas Frontier Pharmacist,Pharmacy Workbench,,game_midi/Other games_PC_Freddy Pharkas Frontier Pharmacist_Pharmacy Workbench.mid
ambiguous_other,Other games,PC,Full Tilt! Pinball,Space Cadet Board,,game_midi/Other games_PC_Full Tilt! Pinball_Space Cadet Board.mid
ambiguous_other,Other games,PC,Higurashi When They Cry,You,,game_midi/Other games_PC_Higurashi When They Cry_You.mid
looping_gameplay_bgm,Other games,PC,Hollow Knight,City of Tears,city,game_midi/Other games_PC_Hollow Knight_City of Tears.mid
ambiguous_other,Other games,PC,Hollow Knight,Dirtmouth,,game_midi/Other games_PC_Hollow Knight_Dirtmouth.mid
ambiguous_other,Other games,PC,Hollow Knight,Hollow Knight,,game_midi/Other games_PC_Hollow Knight_Hollow Knight.mid
ambiguous_other,Other games,PC,Hollow Knight,Resting Grounds,,game_midi/Other games_PC_Hollow Knight_Resting Grounds.mid
ambiguous_other,Other games,PC,Hype The Time Quest,The Guardian of Time,,game_midi/Other games_PC_Hype The Time Quest_The Guardian of Time.mid
ambiguous_likely_loop,Other games,PC,Ikachan,Main Theme,theme,game_midi/Other games_PC_Ikachan_Main Theme.mid
ambiguous_other,Other games,PC,Kero Blaster,Arrival,,game_midi/Other games_PC_Kero Blaster_Arrival.mid
ambiguous_other,Other games,PC,Kero Blaster,Change Spec,,game_midi/Other games_PC_Kero Blaster_Change Spec.mid
ambiguous_other,Other games,PC,Kero Blaster,Chemistry,,game_midi/Other games_PC_Kero Blaster_Chemistry.mid
finite_song_or_cue,Other games,PC,Kero Blaster,Credits of Kero,credits?,game_midi/Other games_PC_Kero Blaster_Credits of Kero.mid
ambiguous_other,Other games,PC,Kero Blaster,Its My Blaster,,game_midi/Other games_PC_Kero Blaster_Its My Blaster.mid
ambiguous_other,Other games,PC,Kero Blaster,New Item!,,game_midi/Other games_PC_Kero Blaster_New Item!.mid
ambiguous_other,Other games,PC,Kero Blaster,Relaxation,,game_midi/Other games_PC_Kero Blaster_Relaxation.mid
ambiguous_other,Other games,PC,Kero Blaster,Shopping Cart,,game_midi/Other games_PC_Kero Blaster_Shopping Cart.mid
ambiguous_other,Other games,PC,Kero Blaster,Time Table,,game_midi/Other games_PC_Kero Blaster_Time Table.mid
looping_gameplay_bgm,Other games,PC,Kero Blaster,Train Station,station,game_midi/Other games_PC_Kero Blaster_Train Station.mid
ambiguous_other,Other games,PC,Kimi ga Shine -Tasuketsu Death Game-,Clowns Song,,game_midi/Other games_PC_Kimi ga Shine -Tasuketsu Death Game-_Clowns Song.mid
ambiguous_other,Other games,PC,Kingdom,Rest,,game_midi/Other games_PC_Kingdom_Rest.mid
ambiguous_other,Other games,PC,LISA,Brokentooth March,,game_midi/Other games_PC_LISA_Brokentooth March.mid
ambiguous_other,Other games,PC,La-Mulana,La-Mulana,,game_midi/Other games_PC_La-Mulana_La-Mulana.mid
ambiguous_other,Other games,PC,La-Mulana,Mr Explorer,,game_midi/Other games_PC_La-Mulana_Mr Explorer.mid
ambiguous_other,Other games,PC,Leisure Suit Larry 5 Passionate Patti Does a Little Undercover Work,Hard Rock Me,,game_midi/Other games_PC_Leisure Suit Larry 5 Passionate Patti Does a Little Undercover Work_Hard Rock Me.mid
ambiguous_likely_loop,Other games,PC,Leisure Suit Larry 5 Passionate Patti Does a Little Undercover Work,Theme Song,theme,game_midi/Other games_PC_Leisure Suit Larry 5 Passionate Patti Does a Little Undercover Work_Theme Song.mid
ambiguous_other,Other games,PC,Leisure Suit Larry Goes Looking For Love (in Several Wrong Places),Kalalaus Love Song,,game_midi/Other games_PC_Leisure Suit Larry Goes Looking For Love (in Several Wrong Places)_Kalalaus Love Song.mid
ambiguous_other,Other games,PC,Leisure Suit Larry in the Land of the Lounge Lizards,Quiki-Mart,,game_midi/Other games_PC_Leisure Suit Larry in the Land of the Lounge Lizards_Quiki-Mart.mid
ambiguous_likely_loop,Other games,PC,Leisure Suit Larry in the Land of the Lounge Lizards,Theme Song,theme,game_midi/Other games_PC_Leisure Suit Larry in the Land of the Lounge Lizards_Theme Song.mid
ambiguous_other,Other games,PC,Lenen 1 Evanescent Existence,Eternal Dance Engine Shall We Dance!!,,game_midi/Other games_PC_Lenen 1 Evanescent Existence_Eternal Dance Engine Shall We Dance!!.mid
ambiguous_other,Other games,PC,Lenen 2 Earthen Miraculous Sword,Deep Waiver,,game_midi/Other games_PC_Lenen 2 Earthen Miraculous Sword_Deep Waiver.mid
looping_gameplay_bgm,Other games,PC,Lenen 3 Reactivate Majestical Imperial,Walking a Road that Ends in Futility,road,game_midi/Other games_PC_Lenen 3 Reactivate Majestical Imperial_Walking a Road that Ends in Futility.mid
ambiguous_other,Other games,PC,Liberty or Death,American Events,,game_midi/Other games_PC_Liberty or Death_American Events.mid
ambiguous_other,Other games,PC,Long Live the Queen,Charlotte,,game_midi/Other games_PC_Long Live the Queen_Charlotte.mid
ambiguous_other,Other games,PC,Long Live the Queen,Death Music (Marche Funebre),,game_midi/Other games_PC_Long Live the Queen_Death Music (Marche Funebre).mid
ambiguous_other,Other games,PC,Long Live the Queen,Dramatic Statement,,game_midi/Other games_PC_Long Live the Queen_Dramatic Statement.mid
finite_song_or_cue,Other games,PC,Long Live the Queen,Epilogue,epilogue,game_midi/Other games_PC_Long Live the Queen_Epilogue.mid
looping_gameplay_bgm,Other games,PC,Long Live the Queen,Explore Castle (Sonata),castle,game_midi/Other games_PC_Long Live the Queen_Explore Castle (Sonata).mid
ambiguous_other,Other games,PC,Long Live the Queen,Hunting,,game_midi/Other games_PC_Long Live the Queen_Hunting.mid
finite_song_or_cue,Other games,PC,Long Live the Queen,Introduction,introduction,game_midi/Other games_PC_Long Live the Queen_Introduction.mid
ambiguous_other,Other games,PC,Long Live the Queen,Magical,,game_midi/Other games_PC_Long Live the Queen_Magical.mid
ambiguous_other,Other games,PC,Long Live the Queen,Noodling,,game_midi/Other games_PC_Long Live the Queen_Noodling.mid
finite_song_or_cue,Other games,PC,Long Live the Queen,Reprise (Garnet),reprise,game_midi/Other games_PC_Long Live the Queen_Reprise (Garnet).mid
looping_gameplay_bgm,Other games,PC,Long Live the Queen,Room Settle (Amethyst),room,game_midi/Other games_PC_Long Live the Queen_Room Settle (Amethyst).mid
ambiguous_other,Other games,PC,Long Live the Queen,Shanjia,,game_midi/Other games_PC_Long Live the Queen_Shanjia.mid
ambiguous_other,Other games,PC,Long Live the Queen,Studying (Amethyst),,game_midi/Other games_PC_Long Live the Queen_Studying (Amethyst).mid
ambiguous_other,Other games,PC,Long Live the Queen,Talking (Busy),,game_midi/Other games_PC_Long Live the Queen_Talking (Busy).mid
ambiguous_other,Other games,PC,Long Live the Queen,Talking (Worried),,game_midi/Other games_PC_Long Live the Queen_Talking (Worried).mid
ambiguous_other,Other games,PC,Long Live the Queen,Title Screen (God Save The Queen),,game_midi/Other games_PC_Long Live the Queen_Title Screen (God Save The Queen).mid
ambiguous_other,Other games,PC,Lucid9 Inciting Incident,Melancholy,,game_midi/Other games_PC_Lucid9 Inciting Incident_Melancholy.mid
ambiguous_other,Other games,PC,Lucy -The Eternity She Wished For-,Light,,game_midi/Other games_PC_Lucy -The Eternity She Wished For-_Light.mid
looping_gameplay_bgm,Other games,PC,MULE,Main Menu,menu,game_midi/Other games_PC_MULE_Main Menu.mid
ambiguous_other,Other games,PC,Magic School Bus Explores in the Age of Dinosaurs,Dino Madness,,game_midi/Other games_PC_Magic School Bus Explores in the Age of Dinosaurs_Dino Madness.mid
ambiguous_other,Other games,PC,Magic School Bus Explores in the Age of Dinosaurs,Dino Sizer,,game_midi/Other games_PC_Magic School Bus Explores in the Age of Dinosaurs_Dino Sizer.mid
ambiguous_other,Other games,PC,Maple Story,Orbis,,game_midi/Other games_PC_Maple Story_Orbis.mid
ambiguous_other,Other games,PC,Minecraft,Sweden,,game_midi/Other games_PC_Minecraft_Sweden.mid
ambiguous_other,Other games,PC,Minecraft,Wet Hands,,game_midi/Other games_PC_Minecraft_Wet Hands.mid
ambiguous_likely_loop,Other games,PC,Mogeko Castle,Music Box 07 (Title Theme),theme,game_midi/Other games_PC_Mogeko Castle_Music Box 07 (Title Theme).mid
ambiguous_other,Other games,PC,Momodora Reverie Under the Moonlight,Pardoners Dance,,game_midi/Other games_PC_Momodora Reverie Under the Moonlight_Pardoners Dance.mid
ambiguous_other,Other games,PC,OMORI,Lost At A Sleepover,,game_midi/Other games_PC_OMORI_Lost At A Sleepover.mid
ambiguous_other,Other games,PC,OMORI,Lost Library,,game_midi/Other games_PC_OMORI_Lost Library.mid
ambiguous_other,Other games,PC,OMORI,Remember To Be Patient,,game_midi/Other games_PC_OMORI_Remember To Be Patient.mid
ambiguous_other,Other games,PC,OMORI,Spaces In-between,,game_midi/Other games_PC_OMORI_Spaces In-between.mid
ambiguous_other,Other games,PC,OMORI,Title,,game_midi/Other games_PC_OMORI_Title.mid
ambiguous_other,Other games,PC,OMORI,Trees,,game_midi/Other games_PC_OMORI_Trees.mid
ambiguous_other,Other games,PC,OMORI,WHITE SPACE (Version 1),,game_midi/Other games_PC_OMORI_WHITE SPACE (Version 1).mid
ambiguous_other,Other games,PC,OMORI,WHITE SPACE (Version 3),,game_midi/Other games_PC_OMORI_WHITE SPACE (Version 3).mid
ambiguous_other,Other games,PC,Owlboy,The Loop Has Ended,,game_midi/Other games_PC_Owlboy_The Loop Has Ended.mid
ambiguous_likely_loop,Other games,PC,"Papers, Please",Main Theme,theme,"game_midi/Other games_PC_Papers, Please_Main Theme.mid"
ambiguous_other,Other games,PC,Plants vs Zombies,Choose Your Seeds,,game_midi/Other games_PC_Plants vs Zombies_Choose Your Seeds.mid
looping_gameplay_bgm,Other games,PC,Rogue Legacy,Castle (Traits Menu),"castle, menu",game_midi/Other games_PC_Rogue Legacy_Castle (Traits Menu).mid
ambiguous_likely_loop,Other games,PC,RollerCoaster Tycoon,Title Theme,theme,game_midi/Other games_PC_RollerCoaster Tycoon_Title Theme.mid
ambiguous_other,Other games,PC,Rome Total War,Divinitus,,game_midi/Other games_PC_Rome Total War_Divinitus.mid
ambiguous_other,Other games,PC,Runescape,Arabian,,game_midi/Other games_PC_Runescape_Arabian.mid
ambiguous_other,Other games,PC,Runescape,Yesteryear,,game_midi/Other games_PC_Runescape_Yesteryear.mid
ambiguous_other,Other games,PC,STALKER Clear Sky,Bandit Radio,,game_midi/Other games_PC_STALKER Clear Sky_Bandit Radio.mid
ambiguous_other,Other games,PC,Song of Saya,SABBATH,,game_midi/Other games_PC_Song of Saya_SABBATH.mid
ambiguous_other,Other games,PC,Spellforce The Breath of Winter,Cenwen,,game_midi/Other games_PC_Spellforce The Breath of Winter_Cenwen.mid
ambiguous_likely_loop,Other games,PC,Stardew Valley,Frozen Pizza and Eggs (Shanes Theme),theme,game_midi/Other games_PC_Stardew Valley_Frozen Pizza and Eggs (Shanes Theme).mid
ambiguous_likely_loop,Other games,PC,Stardew Valley,Piano Solo (Elliotts Theme),theme,game_midi/Other games_PC_Stardew Valley_Piano Solo (Elliotts Theme).mid
ambiguous_other,Other games,PC,Stardew Valley,Spirits Eve Festival,,game_midi/Other games_PC_Stardew Valley_Spirits Eve Festival.mid
ambiguous_other,Other games,PC,Symphonic Rain,Even if Tears Run Down Your Cheeks (Piano),,game_midi/Other games_PC_Symphonic Rain_Even if Tears Run Down Your Cheeks (Piano).mid
ambiguous_other,Other games,PC,Symphonic Rain,Fay (Instrumental),,game_midi/Other games_PC_Symphonic Rain_Fay (Instrumental).mid
ambiguous_other,Other games,PC,Symphonic Rain,Lyceenne,,game_midi/Other games_PC_Symphonic Rain_Lyceenne.mid
ambiguous_likely_loop,Other games,PC,Symphonic Rain,Rain Falling in my Heart,rain,game_midi/Other games_PC_Symphonic Rain_Rain Falling in my Heart.mid
ambiguous_other,Other games,PC,Symphonic Rain,Secret,,game_midi/Other games_PC_Symphonic Rain_Secret.mid
ambiguous_other,Other games,PC,Symphonic Rain,The Other Side of the Sky (Piano),,game_midi/Other games_PC_Symphonic Rain_The Other Side of the Sky (Piano).mid
ambiguous_other,Other games,PC,Team Fortress 2,Rocketjump Waltz,,game_midi/Other games_PC_Team Fortress 2_Rocketjump Waltz.mid
looping_gameplay_bgm,Other games,PC,The Elder Scrolls II Daggerfall,General Shop,shop,game_midi/Other games_PC_The Elder Scrolls II Daggerfall_General Shop.mid
ambiguous_likely_loop,Other games,PC,The Incredible Machine 3,Ragtime Theme,theme,game_midi/Other games_PC_The Incredible Machine 3_Ragtime Theme.mid
ambiguous_other,Other games,PC,The Legend of Heroes Trails in the Sky SC,Hamel,,game_midi/Other games_PC_The Legend of Heroes Trails in the Sky SC_Hamel.mid
ambiguous_other,Other games,PC,The Legend of Heroes Trails in the Sky,Silver Will,,game_midi/Other games_PC_The Legend of Heroes Trails in the Sky_Silver Will.mid
ambiguous_likely_loop,Other games,PC,The Sims 2,Building Theme One,theme,game_midi/Other games_PC_The Sims 2_Building Theme One.mid
ambiguous_other,Other games,PC,The Stanley Parable,Following Stanley,,game_midi/Other games_PC_The Stanley Parable_Following Stanley.mid
finite_song_or_cue,Other games,PC,The Witchs House,Miller house (Ending),ending,game_midi/Other games_PC_The Witchs House_Miller house (Ending).mid
ambiguous_other,Other games,PC,The Witchs House,Rumor,,game_midi/Other games_PC_The Witchs House_Rumor.mid
looping_gameplay_bgm,Other games,PC,To the Moon,For River - Piano (Johnnys Version),river,game_midi/Other games_PC_To the Moon_For River - Piano (Johnnys Version).mid
ambiguous_other,Other games,PC,To the Moon,Once Upon a Memory (Piano),,game_midi/Other games_PC_To the Moon_Once Upon a Memory (Piano).mid
ambiguous_other,Other games,PC,To the Moon,Worlds Smallest Ferris Wheel,,game_midi/Other games_PC_To the Moon_Worlds Smallest Ferris Wheel.mid
finite_song_or_cue,Other games,PC,Tom Clancys Ghost Recon,Anthem,anthem,game_midi/Other games_PC_Tom Clancys Ghost Recon_Anthem.mid
finite_song_or_cue,Other games,PC,Treasure MathStorm!,Intro and Title Theme,intro,game_midi/Other games_PC_Treasure MathStorm!_Intro and Title Theme.mid
looping_gameplay_bgm,Other games,PC,Treasure Mountain!,Level 1,level,game_midi/Other games_PC_Treasure Mountain!_Level 1.mid
ambiguous_other,Other games,PC,Tyrian,Beer,,game_midi/Other games_PC_Tyrian_Beer.mid
ambiguous_other,Other games,PC,Umineko When They Cry Chiru,the executioner,,game_midi/Other games_PC_Umineko When They Cry Chiru_the executioner.mid
ambiguous_other,Other games,PC,Umineko When They Cry,Black Lilliana,,game_midi/Other games_PC_Umineko When They Cry_Black Lilliana.mid
ambiguous_other,Other games,PC,Umineko When They Cry,Hope,,game_midi/Other games_PC_Umineko When They Cry_Hope.mid
ambiguous_other,Other games,PC,Umineko When They Cry,Organ Short #600 Million in C Minor,,game_midi/Other games_PC_Umineko When They Cry_Organ Short #600 Million in C Minor.mid
ambiguous_other,Other games,PC,Umineko When They Cry,Worldend (babypiano),,game_midi/Other games_PC_Umineko When They Cry_Worldend (babypiano).mid
ambiguous_other,Other games,PC,Umineko When They Cry,far,,game_midi/Other games_PC_Umineko When They Cry_far.mid
ambiguous_other,Other games,PC,Umineko When They Cry,witch in gold,,game_midi/Other games_PC_Umineko When They Cry_witch in gold.mid
ambiguous_likely_loop,Other games,PC,VA-11 HALL-A Cyberpunk Bartender Action,Every Day is Night,"night, day",game_midi/Other games_PC_VA-11 HALL-A Cyberpunk Bartender Action_Every Day is Night.mid
looping_gameplay_bgm,Other games,PC,Wadanohara and the Great Blue Sea,Impromptu for My Slumber (Versus Laurentia),versus,game_midi/Other games_PC_Wadanohara and the Great Blue Sea_Impromptu for My Slumber (Versus Laurentia).mid
looping_gameplay_bgm,Other games,PC,Wadanohara and the Great Blue Sea,Starved Man (Versus Samekichi),versus,game_midi/Other games_PC_Wadanohara and the Great Blue Sea_Starved Man (Versus Samekichi).mid
ambiguous_other,Other games,PC,Wolf,Choosing a Wolf,,game_midi/Other games_PC_Wolf_Choosing a Wolf.mid
ambiguous_other,Other games,PC,Wonderful Everyday Down the Rabbit-Hole,Yoru no Himawari,,game_midi/Other games_PC_Wonderful Everyday Down the Rabbit-Hole_Yoru no Himawari.mid
ambiguous_likely_loop,Other games,PC,Worms,Main Theme,theme,game_midi/Other games_PC_Worms_Main Theme.mid
ambiguous_other,Other games,PC,Yume Nikki,(Working please wait),,game_midi/Other games_PC_Yume Nikki_(Working please wait).mid
ambiguous_other,Other games,PC,Yume Nikki,FC Basement,,game_midi/Other games_PC_Yume Nikki_FC Basement.mid
looping_gameplay_bgm,Other games,PC,Yume Nikki,FC Castle,castle,game_midi/Other games_PC_Yume Nikki_FC Castle.mid
looping_gameplay_bgm,Other games,PC,Yume Nikki,FC Field,field,game_midi/Other games_PC_Yume Nikki_FC Field.mid
ambiguous_other,Other games,PC,Yume Nikki,Flute Player,,game_midi/Other games_PC_Yume Nikki_Flute Player.mid
finite_song_or_cue,Other games,PC,Yume Nikki,NASU Title Screen Game Game Over,game over,game_midi/Other games_PC_Yume Nikki_NASU Title Screen Game Game Over.mid
looping_gameplay_bgm,Other games,PC,Yume Nikki,Ponikos Room (Lights On),room,game_midi/Other games_PC_Yume Nikki_Ponikos Room (Lights On).mid
ambiguous_other,Other games,PC,Yume Nikki,The Barracks Settlement,,game_midi/Other games_PC_Yume Nikki_The Barracks Settlement.mid
finite_song_or_cue,Other games,PC,Yume Nikki,The End,the end,game_midi/Other games_PC_Yume Nikki_The End.mid
ambiguous_other,Other games,PC,Yume Nikki,Title Screen,,game_midi/Other games_PC_Yume Nikki_Title Screen.mid
ambiguous_other,Other games,PC,ZeroRanger,Green Orange,,game_midi/Other games_PC_ZeroRanger_Green Orange.mid
ambiguous_other,Other games,PC,planetarian the reverie of a little planet,Gentle Jena,,game_midi/Other games_PC_planetarian the reverie of a little planet_Gentle Jena.mid
ambiguous_likely_loop,Other games,PlayStation 2,Ace Combat 5 The Unsung War,A Blue Dove For The Princess Nagases Theme,theme,game_midi/Other games_PlayStation 2_Ace Combat 5 The Unsung War_A Blue Dove For The Princess Nagases Theme.mid
ambiguous_other,Other games,PlayStation 2,Ace Combat 5 The Unsung War,Into the Dusk,,game_midi/Other games_PlayStation 2_Ace Combat 5 The Unsung War_Into the Dusk.mid
ambiguous_other,Other games,PlayStation 2,Chulip,Smooch of Divine Protection - As Much As Possible,,game_midi/Other games_PlayStation 2_Chulip_Smooch of Divine Protection - As Much As Possible.mid
ambiguous_other,Other games,PlayStation 2,Chulip,Strictness of the Chitama Middle School Teachers,,game_midi/Other games_PlayStation 2_Chulip_Strictness of the Chitama Middle School Teachers.mid
ambiguous_other,Other games,PlayStation 2,Dark Cloud 2,Ancient Mural,,game_midi/Other games_PlayStation 2_Dark Cloud 2_Ancient Mural.mid
looping_gameplay_bgm,Other games,PlayStation 2,Dark Cloud 2,Balance Valley,valley,game_midi/Other games_PlayStation 2_Dark Cloud 2_Balance Valley.mid
ambiguous_other,Other games,PlayStation 2,Dark Cloud 2,Fading Consciousness,,game_midi/Other games_PlayStation 2_Dark Cloud 2_Fading Consciousness.mid
ambiguous_other,Other games,PlayStation 2,Dark Cloud 2,Fish On!,,game_midi/Other games_PlayStation 2_Dark Cloud 2_Fish On!.mid
ambiguous_other,Other games,PlayStation 2,Dark Cloud 2,Flying Warship Death Ark,,game_midi/Other games_PlayStation 2_Dark Cloud 2_Flying Warship Death Ark.mid
ambiguous_other,Other games,PlayStation 2,Dark Cloud 2,Halloween,,game_midi/Other games_PlayStation 2_Dark Cloud 2_Halloween.mid
ambiguous_other,Other games,PlayStation 2,Dark Cloud 2,Kazarov Stonehenge,,game_midi/Other games_PlayStation 2_Dark Cloud 2_Kazarov Stonehenge.mid
looping_gameplay_bgm,Other games,PlayStation 2,Dark Cloud 2,Menu,menu,game_midi/Other games_PlayStation 2_Dark Cloud 2_Menu.mid
ambiguous_other,Other games,PlayStation 2,Dark Cloud 2,Neverending Adventure,,game_midi/Other games_PlayStation 2_Dark Cloud 2_Neverending Adventure.mid
ambiguous_other,Other games,PlayStation 2,Dark Cloud 2,Palm Brinks,,game_midi/Other games_PlayStation 2_Dark Cloud 2_Palm Brinks.mid
ambiguous_other,Other games,PlayStation 2,Dark Cloud 2,Premonition,,game_midi/Other games_PlayStation 2_Dark Cloud 2_Premonition.mid
ambiguous_other,Other games,PlayStation 2,Dark Cloud 2,Spiral of Dreams,,game_midi/Other games_PlayStation 2_Dark Cloud 2_Spiral of Dreams.mid
looping_gameplay_bgm,Other games,PlayStation 2,Dark Cloud 2,Stella Magic Temple,temple,game_midi/Other games_PlayStation 2_Dark Cloud 2_Stella Magic Temple.mid
looping_gameplay_bgm,Other games,PlayStation 2,Dark Cloud 2,The Dark Battle,attle!?,game_midi/Other games_PlayStation 2_Dark Cloud 2_The Dark Battle.mid
ambiguous_other,Other games,PlayStation 2,Dark Cloud 2,Underground Water Channel,,game_midi/Other games_PlayStation 2_Dark Cloud 2_Underground Water Channel.mid
looping_gameplay_bgm,Other games,PlayStation 2,Dark Cloud 2,Zelmite Mine,mine,game_midi/Other games_PlayStation 2_Dark Cloud 2_Zelmite Mine.mid
looping_gameplay_bgm,Other games,PlayStation 2,Dark Cloud,Matataki Village,village,game_midi/Other games_PlayStation 2_Dark Cloud_Matataki Village.mid
looping_gameplay_bgm,Other games,PlayStation 2,Ichigeki Sacchuu!! HoiHoi-san,Main Menu,menu,game_midi/Other games_PlayStation 2_Ichigeki Sacchuu!! HoiHoi-san_Main Menu.mid
ambiguous_other,Other games,PlayStation 2,Ichigeki Sacchuu!! HoiHoi-san,"Missions 1-4, 2-5, & 3-2",,"game_midi/Other games_PlayStation 2_Ichigeki Sacchuu!! HoiHoi-san_Missions 1-4, 2-5, & 3-2.mid"
ambiguous_other,Other games,PlayStation 2,Katamari Damacy,Fugue #7777,,game_midi/Other games_PlayStation 2_Katamari Damacy_Fugue #7777.mid
ambiguous_other,Other games,PlayStation 2,Katamari Damacy,Overture,,game_midi/Other games_PlayStation 2_Katamari Damacy_Overture.mid
ambiguous_likely_loop,Other games,PlayStation 2,Okami,Issuns Theme,theme,game_midi/Other games_PlayStation 2_Okami_Issuns Theme.mid
ambiguous_other,Other games,PlayStation 2,Silent Hill 2,Promise,,game_midi/Other games_PlayStation 2_Silent Hill 2_Promise.mid
ambiguous_other,Other games,PlayStation 2,SoulCalibur III,Forsaken Sanctuary,,game_midi/Other games_PlayStation 2_SoulCalibur III_Forsaken Sanctuary.mid
ambiguous_other,Other games,PlayStation 2,SoulCalibur III,Healing Winds,,game_midi/Other games_PlayStation 2_SoulCalibur III_Healing Winds.mid
ambiguous_other,Other games,PlayStation 2,SoulCalibur III,Peaceful Days,,game_midi/Other games_PlayStation 2_SoulCalibur III_Peaceful Days.mid
ambiguous_other,Other games,PlayStation 2,Star Ocean Till the End of Time,Rust Color,,game_midi/Other games_PlayStation 2_Star Ocean Till the End of Time_Rust Color.mid
ambiguous_other,Other games,PlayStation 2,We Love Katamari,DAN DON FUGA (Canon of Kings),,game_midi/Other games_PlayStation 2_We Love Katamari_DAN DON FUGA (Canon of Kings).mid
ambiguous_other,Other games,PlayStation 2,Wild Arms 3,A Persons Warmth,,game_midi/Other games_PlayStation 2_Wild Arms 3_A Persons Warmth.mid
ambiguous_other,Other games,PlayStation 2,Wild Arms 3,Migratory Birds - Wandering Bird-Scoundrels,,game_midi/Other games_PlayStation 2_Wild Arms 3_Migratory Birds - Wandering Bird-Scoundrels.mid
finite_song_or_cue,Other games,PlayStation 2,Wild Arms Alter Code F,Introduction,introduction,game_midi/Other games_PlayStation 2_Wild Arms Alter Code F_Introduction.mid
ambiguous_other,Other games,PlayStation Portable,Danganronpa Trigger Happy Havoc,Closing Argument (Climax Reasoning),,game_midi/Other games_PlayStation Portable_Danganronpa Trigger Happy Havoc_Closing Argument (Climax Reasoning).mid
ambiguous_other,Other games,PlayStation Vita,Digimon Story Cyber Sleuth,Spiritual Boy,,game_midi/Other games_PlayStation Vita_Digimon Story Cyber Sleuth_Spiritual Boy.mid
ambiguous_other,Other games,PlayStation Vita,Muramasa Rebirth,Shigematsu Shinzaemon,,game_midi/Other games_PlayStation Vita_Muramasa Rebirth_Shigematsu Shinzaemon.mid
looping_gameplay_bgm,Other games,PlayStation,Crash Bandicoot,Map,map,game_midi/Other games_PlayStation_Crash Bandicoot_Map.mid
looping_gameplay_bgm,Other games,PlayStation,Crash Team Racing,Menu,menu,game_midi/Other games_PlayStation_Crash Team Racing_Menu.mid
ambiguous_other,Other games,PlayStation,R4 Ridge Racer Type 4,Quiet Curves,,game_midi/Other games_PlayStation_R4 Ridge Racer Type 4_Quiet Curves.mid
ambiguous_other,Other games,PlayStation,Resident Evil 2,Secure Place,,game_midi/Other games_PlayStation_Resident Evil 2_Secure Place.mid
ambiguous_other,Other games,PlayStation,Resident Evil,Peace of Mind,,game_midi/Other games_PlayStation_Resident Evil_Peace of Mind.mid
ambiguous_other,Other games,PlayStation,Spyro 2 Riptos Rage!,Satyrs Song,,game_midi/Other games_PlayStation_Spyro 2 Riptos Rage!_Satyrs Song.mid
ambiguous_other,Other games,PlayStation,Spyro the Dragon,Magic Crafters Home,,game_midi/Other games_PlayStation_Spyro the Dragon_Magic Crafters Home.mid
looping_gameplay_bgm,Other games,PlayStation,Threads of Fate,Forest of Journeys Begun,forest,game_midi/Other games_PlayStation_Threads of Fate_Forest of Journeys Begun.mid
looping_gameplay_bgm,Other games,PlayStation,Vagrant Story,Abandoned Mines Level 2,level,game_midi/Other games_PlayStation_Vagrant Story_Abandoned Mines Level 2.mid
ambiguous_other,Other games,PlayStation,Wild Arms,Abbey,,game_midi/Other games_PlayStation_Wild Arms_Abbey.mid
looping_gameplay_bgm,Other games,PlayStation,Wild Arms,Adlehyde Castle,castle,game_midi/Other games_PlayStation_Wild Arms_Adlehyde Castle.mid
looping_gameplay_bgm,Other games,PlayStation,Wild Arms,Courage (Dungeon),dungeon,game_midi/Other games_PlayStation_Wild Arms_Courage (Dungeon).mid
ambiguous_other,Other games,PlayStation,Wild Arms,Marsh Where the Migrant Birds Gather,,game_midi/Other games_PlayStation_Wild Arms_Marsh Where the Migrant Birds Gather.mid
finite_song_or_cue,Other games,PlayStation,Wild Arms,To the End of the Wilderness,the end,game_midi/Other games_PlayStation_Wild Arms_To the End of the Wilderness.mid
ambiguous_likely_loop,Other games,PlayStation,Wild Arms,Wh-What? (Zeds Theme),theme,game_midi/Other games_PlayStation_Wild Arms_Wh-What? (Zeds Theme).mid
ambiguous_likely_loop,Other games,Satellaview,Satellaview BIOS,Downloading Theme 2,theme,game_midi/Other games_Satellaview_Satellaview BIOS_Downloading Theme 2.mid
looping_gameplay_bgm,Other games,Sega Genesis,Alex Kidd in the Enchanted Castle,Castle,castle,game_midi/Other games_Sega Genesis_Alex Kidd in the Enchanted Castle_Castle.mid
ambiguous_other,Other games,Sega Genesis,Earthworm Jim,Buttville,,game_midi/Other games_Sega Genesis_Earthworm Jim_Buttville.mid
looping_gameplay_bgm,Other games,Sega Genesis,Golden Axe II,The Castle,castle,game_midi/Other games_Sega Genesis_Golden Axe II_The Castle.mid
ambiguous_likely_loop,Other games,Sega Genesis,Shining Force,Simones Theme,theme,game_midi/Other games_Sega Genesis_Shining Force_Simones Theme.mid
ambiguous_other,Other games,Sega Genesis,Shining Force,Walking Tune,,game_midi/Other games_Sega Genesis_Shining Force_Walking Tune.mid
ambiguous_other,Other games,Sega Genesis,ToeJam & Earl,ToeJam Jammin,,game_midi/Other games_Sega Genesis_ToeJam & Earl_ToeJam Jammin.mid
ambiguous_other,Other games,Sega Saturn,Sakura Wars,Declaration! Imperial Floral Assault Group,,game_midi/Other games_Sega Saturn_Sakura Wars_Declaration! Imperial Floral Assault Group.mid
ambiguous_other,Other games,Super Nintendo Entertainment System,ActRaiser,Birth of the People,,game_midi/Other games_Super Nintendo Entertainment System_ActRaiser_Birth of the People.mid
ambiguous_other,Other games,Super Nintendo Entertainment System,Bubsy in Claws Encounters of the Furred Kind,Fair is Foul,,game_midi/Other games_Super Nintendo Entertainment System_Bubsy in Claws Encounters of the Furred Kind_Fair is Foul.mid
ambiguous_other,Other games,Super Nintendo Entertainment System,Contra III The Alien Wars,Its Time for Revenge,,game_midi/Other games_Super Nintendo Entertainment System_Contra III The Alien Wars_Its Time for Revenge.mid
ambiguous_other,Other games,Super Nintendo Entertainment System,Drakkhen,ANAK,,game_midi/Other games_Super Nintendo Entertainment System_Drakkhen_ANAK.mid
looping_gameplay_bgm,Other games,Super Nintendo Entertainment System,Drakkhen,Air Area (Day),area,game_midi/Other games_Super Nintendo Entertainment System_Drakkhen_Air Area (Day).mid
looping_gameplay_bgm,Other games,Super Nintendo Entertainment System,Drakkhen,Air Area (Night),area,game_midi/Other games_Super Nintendo Entertainment System_Drakkhen_Air Area (Night).mid
looping_gameplay_bgm,Other games,Super Nintendo Entertainment System,Drakkhen,Earth Area (Day),area,game_midi/Other games_Super Nintendo Entertainment System_Drakkhen_Earth Area (Day).mid
looping_gameplay_bgm,Other games,Super Nintendo Entertainment System,Drakkhen,Earth Area (Night),area,game_midi/Other games_Super Nintendo Entertainment System_Drakkhen_Earth Area (Night).mid
looping_gameplay_bgm,Other games,Super Nintendo Entertainment System,Drakkhen,Fire Area (Day),area,game_midi/Other games_Super Nintendo Entertainment System_Drakkhen_Fire Area (Day).mid
looping_gameplay_bgm,Other games,Super Nintendo Entertainment System,Drakkhen,Fire Area (Night),area,game_midi/Other games_Super Nintendo Entertainment System_Drakkhen_Fire Area (Night).mid
looping_gameplay_bgm,Other games,Super Nintendo Entertainment System,Drakkhen,Fire Area (Tent Master),area,game_midi/Other games_Super Nintendo Entertainment System_Drakkhen_Fire Area (Tent Master).mid
finite_song_or_cue,Other games,Super Nintendo Entertainment System,Drakkhen,Game Over,game over,game_midi/Other games_Super Nintendo Entertainment System_Drakkhen_Game Over.mid
looping_gameplay_bgm,Other games,Super Nintendo Entertainment System,Drakkhen,Water Area (Day),area,game_midi/Other games_Super Nintendo Entertainment System_Drakkhen_Water Area (Day).mid
looping_gameplay_bgm,Other games,Super Nintendo Entertainment System,Drakkhen,Water Area (Night),area,game_midi/Other games_Super Nintendo Entertainment System_Drakkhen_Water Area (Night).mid
finite_song_or_cue,Other games,Super Nintendo Entertainment System,EVO Search for Eden,Ending Theme,"ending, ending theme",game_midi/Other games_Super Nintendo Entertainment System_EVO Search for Eden_Ending Theme.mid
ambiguous_likely_loop,Other games,Super Nintendo Entertainment System,EVO Search for Eden,Title Theme,theme,game_midi/Other games_Super Nintendo Entertainment System_EVO Search for Eden_Title Theme.mid
ambiguous_other,Other games,Super Nintendo Entertainment System,Illusion of Gaia,Ankor Wat,,game_midi/Other games_Super Nintendo Entertainment System_Illusion of Gaia_Ankor Wat.mid
looping_gameplay_bgm,Other games,Super Nintendo Entertainment System,Illusion of Gaia,Final Battle,attle!?,game_midi/Other games_Super Nintendo Entertainment System_Illusion of Gaia_Final Battle.mid
finite_song_or_cue,Other games,Super Nintendo Entertainment System,Illusion of Gaia,Show Me Your Eyes (Ending),ending,game_midi/Other games_Super Nintendo Entertainment System_Illusion of Gaia_Show Me Your Eyes (Ending).mid
ambiguous_other,Other games,Super Nintendo Entertainment System,Illusion of Gaia,Tears of Lance (Rest),,game_midi/Other games_Super Nintendo Entertainment System_Illusion of Gaia_Tears of Lance (Rest).mid
looping_gameplay_bgm,Other games,Super Nintendo Entertainment System,Lagoon,Elf Field,field,game_midi/Other games_Super Nintendo Entertainment System_Lagoon_Elf Field.mid
ambiguous_other,Other games,Super Nintendo Entertainment System,Live A Live,Wanderer,,game_midi/Other games_Super Nintendo Entertainment System_Live A Live_Wanderer.mid
looping_gameplay_bgm,Other games,Super Nintendo Entertainment System,Lufia & The Fortress of Doom,Boss Battle,"attle!?, oss",game_midi/Other games_Super Nintendo Entertainment System_Lufia & The Fortress of Doom_Boss Battle.mid
finite_song_or_cue,Other games,Super Nintendo Entertainment System,Lufia & The Fortress of Doom,Fanfare,fanfare,game_midi/Other games_Super Nintendo Entertainment System_Lufia & The Fortress of Doom_Fanfare.mid
looping_gameplay_bgm,Other games,Super Nintendo Entertainment System,Lufia & The Fortress of Doom,Final Battle,attle!?,game_midi/Other games_Super Nintendo Entertainment System_Lufia & The Fortress of Doom_Final Battle.mid
looping_gameplay_bgm,Other games,Super Nintendo Entertainment System,Lufia & The Fortress of Doom,Overworld,overworld,game_midi/Other games_Super Nintendo Entertainment System_Lufia & The Fortress of Doom_Overworld.mid
ambiguous_other,Other games,Super Nintendo Entertainment System,Lufia & The Fortress of Doom,Reunion,,game_midi/Other games_Super Nintendo Entertainment System_Lufia & The Fortress of Doom_Reunion.mid
looping_gameplay_bgm,Other games,Super Nintendo Entertainment System,Lufia & The Fortress of Doom,Shop,shop,game_midi/Other games_Super Nintendo Entertainment System_Lufia & The Fortress of Doom_Shop.mid
looping_gameplay_bgm,Other games,Super Nintendo Entertainment System,Lufia & The Fortress of Doom,The Fortress of Doom,fortress,game_midi/Other games_Super Nintendo Entertainment System_Lufia & The Fortress of Doom_The Fortress of Doom.mid
ambiguous_other,Other games,Super Nintendo Entertainment System,Lufia & The Fortress of Doom,The Sinistrals,,game_midi/Other games_Super Nintendo Entertainment System_Lufia & The Fortress of Doom_The Sinistrals.mid
ambiguous_other,Other games,Super Nintendo Entertainment System,Plok!,Flea Pit,,game_midi/Other games_Super Nintendo Entertainment System_Plok!_Flea Pit.mid
ambiguous_other,Other games,Super Nintendo Entertainment System,Porky Pigs Haunted Holiday,Wackyland,,game_midi/Other games_Super Nintendo Entertainment System_Porky Pigs Haunted Holiday_Wackyland.mid
looping_gameplay_bgm,Other games,Super Nintendo Entertainment System,Secret of Evermore,Greek Temple,temple,game_midi/Other games_Super Nintendo Entertainment System_Secret of Evermore_Greek Temple.mid
looping_gameplay_bgm,Other games,Super Nintendo Entertainment System,Super NES Classic Edition BIOS,Menu,menu,game_midi/Other games_Super Nintendo Entertainment System_Super NES Classic Edition BIOS_Menu.mid
ambiguous_other,Other games,Super Nintendo Entertainment System,Teenage Mutant Ninja Turtles IV Turtles In Time,"Big Apple, 3 AM",,"game_midi/Other games_Super Nintendo Entertainment System_Teenage Mutant Ninja Turtles IV Turtles In Time_Big Apple, 3 AM.mid"
ambiguous_other,Other games,Super Nintendo Entertainment System,Teenage Mutant Ninja Turtles IV Turtles In Time,Sewer Surfin,,game_midi/Other games_Super Nintendo Entertainment System_Teenage Mutant Ninja Turtles IV Turtles In Time_Sewer Surfin.mid
ambiguous_other,Other games,Super Nintendo Entertainment System,Terranigma,Crysta,,game_midi/Other games_Super Nintendo Entertainment System_Terranigma_Crysta.mid
ambiguous_other,Other games,Super Nintendo Entertainment System,Terranigma,Europe,,game_midi/Other games_Super Nintendo Entertainment System_Terranigma_Europe.mid
ambiguous_other,Other games,Super Nintendo Entertainment System,Terranigma,Grecliff,,game_midi/Other games_Super Nintendo Entertainment System_Terranigma_Grecliff.mid
looping_gameplay_bgm,Other games,Super Nintendo Entertainment System,Tetris Attack,Bowsers Stage,stage,game_midi/Other games_Super Nintendo Entertainment System_Tetris Attack_Bowsers Stage.mid
finite_song_or_cue,Other games,Super Nintendo Entertainment System,Tetris Attack,Demo (Lips Theme),demo,game_midi/Other games_Super Nintendo Entertainment System_Tetris Attack_Demo (Lips Theme).mid
looping_gameplay_bgm,Other games,Super Nintendo Entertainment System,Tetris Attack,Forest Stage,"stage, forest",game_midi/Other games_Super Nintendo Entertainment System_Tetris Attack_Forest Stage.mid
looping_gameplay_bgm,Other games,Super Nintendo Entertainment System,Tetris Attack,Water Stage,stage,game_midi/Other games_Super Nintendo Entertainment System_Tetris Attack_Water Stage.mid
looping_gameplay_bgm,Other games,Virtual Boy,Galactic Pinball,Samus Minigame,minigame,game_midi/Other games_Virtual Boy_Galactic Pinball_Samus Minigame.mid
ambiguous_likely_loop,Other games,Wii U,Nintendo Land,Main Plaza (Night),night,game_midi/Other games_Wii U_Nintendo Land_Main Plaza (Night).mid
looping_gameplay_bgm,Other games,Wii U,Nintendo Land,Tutorial (Luigis Ghost Mansion),mansion,game_midi/Other games_Wii U_Nintendo Land_Tutorial (Luigis Ghost Mansion).mid
ambiguous_other,Other games,Wii U,Splatoon,Calamari Inkantation,,game_midi/Other games_Wii U_Splatoon_Calamari Inkantation.mid
ambiguous_other,Other games,Wii U,Splatoon,Now or Never!,,game_midi/Other games_Wii U_Splatoon_Now or Never!.mid
ambiguous_other,Other games,Wii U,Splatoon,Splattack! (2014 E3PV),,game_midi/Other games_Wii U_Splatoon_Splattack! (2014 E3PV).mid
ambiguous_other,Other games,Wii U,Splatoon,Splattack!,,game_midi/Other games_Wii U_Splatoon_Splattack!.mid
ambiguous_other,Other games,Wii,Nintendo Wii BIOS,Wii Sounds,,game_midi/Other games_Wii_Nintendo Wii BIOS_Wii Sounds.mid
ambiguous_other,Other games,Wii,No More Heroes,HISSATSU Jamba,,game_midi/Other games_Wii_No More Heroes_HISSATSU Jamba.mid
ambiguous_likely_loop,Other games,Wii,Red Steel,Trailer Theme,theme,game_midi/Other games_Wii_Red Steel_Trailer Theme.mid
ambiguous_other,Other games,Wii,Wii Channels,Mii Channel,,game_midi/Other games_Wii_Wii Channels_Mii Channel.mid
looping_gameplay_bgm,Other games,Wii,Wii Channels,Wii Shop Channel,shop,game_midi/Other games_Wii_Wii Channels_Wii Shop Channel.mid
ambiguous_other,Other games,Wii,Wii Fit,Plaza,,game_midi/Other games_Wii_Wii Fit_Plaza.mid
ambiguous_likely_loop,Other games,Wii,Wii Sports Resort,Bowling Theme,theme,game_midi/Other games_Wii_Wii Sports Resort_Bowling Theme.mid
finite_song_or_cue,Other games,Xbox 360,Halo 3 ODST,The Light at the End Another Rain,the end,game_midi/Other games_Xbox 360_Halo 3 ODST_The Light at the End Another Rain.mid
looping_gameplay_bgm,Other games,Xbox 360,Lost Odyssey,The Witchs Mansion,mansion,game_midi/Other games_Xbox 360_Lost Odyssey_The Witchs Mansion.mid
ambiguous_other,Other games,Xbox 360,Steins;Gate,Gate of Steiner - Piano,,game_midi/Other games_Xbox 360_Steins;Gate_Gate of Steiner - Piano.mid
looping_gameplay_bgm,Other games,Xbox,Halo 2,Menu,menu,game_midi/Other games_Xbox_Halo 2_Menu.mid
ambiguous_other,Other games,Xbox,Halo 2,Unforgotten,,game_midi/Other games_Xbox_Halo 2_Unforgotten.mid
ambiguous_other,Other games,Xbox,Halo Combat Evolved,On a Pale Horse,,game_midi/Other games_Xbox_Halo Combat Evolved_On a Pale Horse.mid
ambiguous_other,Other,N64,GoldenEye 007,Caverns_0,,game_midi/Other_N64_GoldenEye 007_Caverns_0.mid
ambiguous_other,Other,N64,GoldenEye 007,Caverns_1,,game_midi/Other_N64_GoldenEye 007_Caverns_1.mid
ambiguous_other,Other,N64,GoldenEye 007,Dam_0,,game_midi/Other_N64_GoldenEye 007_Dam_0.mid
ambiguous_other,Other,N64,GoldenEye 007,Facility X_0,,game_midi/Other_N64_GoldenEye 007_Facility X_0.mid
ambiguous_other,Other,N64,GoldenEye 007,Frigate_0,,game_midi/Other_N64_GoldenEye 007_Frigate_0.mid
ambiguous_other,Other,N64,GoldenEye 007,Runway X_0,,game_midi/Other_N64_GoldenEye 007_Runway X_0.mid
ambiguous_other,Other,N64,GoldenEye 007,Runway_0,,game_midi/Other_N64_GoldenEye 007_Runway_0.mid
ambiguous_other,Other,N64,GoldenEye 007,Statue_0,,game_midi/Other_N64_GoldenEye 007_Statue_0.mid
ambiguous_other,Other,NES,Ghosts 'n Goblins,Main Theme_0,,game_midi/Other_NES_Ghosts 'n Goblins_Main Theme_0.mid
ambiguous_other,Other,NES,Tetris,Enter Your Name_0,,game_midi/Other_NES_Tetris_Enter Your Name_0.mid
ambiguous_other,Other,NES,Tetris,Music A_0,,game_midi/Other_NES_Tetris_Music A_0.mid
ambiguous_other,Other,PC,Age of Empires II The Age of Kings,Menu_0,,game_midi/Other_PC_Age of Empires II The Age of Kings_Menu_0.mid
ambiguous_other,Other,PC,Age of Empires,Title Theme_0,,game_midi/Other_PC_Age of Empires_Title Theme_0.mid
ambiguous_other,Other,PC,Aion Tower of Eternity,Death Waltz_0,,game_midi/Other_PC_Aion Tower of Eternity_Death Waltz_0.mid
ambiguous_other,Other,PC,Aion Tower of Eternity,Fairy of the Peace_0,,game_midi/Other_PC_Aion Tower of Eternity_Fairy of the Peace_0.mid
ambiguous_other,Other,PC,Aion Tower of Eternity,Fairy of the Peace_1,,game_midi/Other_PC_Aion Tower of Eternity_Fairy of the Peace_1.mid
ambiguous_other,Other,PC,Aion Tower of Eternity,Fairy of the Peace_2,,game_midi/Other_PC_Aion Tower of Eternity_Fairy of the Peace_2.mid
ambiguous_other,Other,PC,Aion Tower of Eternity,Forgotten Sorrow_0,,game_midi/Other_PC_Aion Tower of Eternity_Forgotten Sorrow_0.mid
ambiguous_other,Other,PC,Aion Tower of Eternity,Main Theme_0,,game_midi/Other_PC_Aion Tower of Eternity_Main Theme_0.mid
finite_song_or_cue,Other,PC,Aion Tower of Eternity,Song of Moonlight_0,song of,game_midi/Other_PC_Aion Tower of Eternity_Song of Moonlight_0.mid
ambiguous_other,Other,PC,Aion Tower of Eternity,The Still Sad World_0,,game_midi/Other_PC_Aion Tower of Eternity_The Still Sad World_0.mid
ambiguous_other,Other,PC,Aion Tower of Eternity,Wings of the Knight_0,,game_midi/Other_PC_Aion Tower of Eternity_Wings of the Knight_0.mid
ambiguous_other,Other,PC,The Sims,Bittersweet_0,,game_midi/Other_PC_The Sims_Bittersweet_0.mid
ambiguous_other,Other,PC,The Sims,Buying Theme_0,,game_midi/Other_PC_The Sims_Buying Theme_0.mid
ambiguous_other,Other,PC,The Sims,New Beginnings_0,,game_midi/Other_PC_The Sims_New Beginnings_0.mid
ambiguous_other,Other,PC,The Sims,Since We Met_0,,game_midi/Other_PC_The Sims_Since We Met_0.mid
ambiguous_other,Other,PC,The Sims,The Neighbourhood_0,,game_midi/Other_PC_The Sims_The Neighbourhood_0.mid
ambiguous_other,Other,PC,The Sims,The Simple Life_0,,game_midi/Other_PC_The Sims_The Simple Life_0.mid
ambiguous_likely_loop,Other,PC,The Sims,Theme 4_0,theme,game_midi/Other_PC_The Sims_Theme 4_0.mid
ambiguous_likely_loop,Other,PC,The Sims,Theme 5_0,theme,game_midi/Other_PC_The Sims_Theme 5_0.mid
ambiguous_other,Other,PC,Warcraft III Reign of Chaos,Blackrock and Roll_0,,game_midi/Other_PC_Warcraft III Reign of Chaos_Blackrock and Roll_0.mid
ambiguous_likely_loop,Other,PC,Warcraft II,Human Theme 1_0,theme,game_midi/Other_PC_Warcraft II_Human Theme 1_0.mid
ambiguous_likely_loop,Other,PC,Warcraft II,Orc Theme 1_0,theme,game_midi/Other_PC_Warcraft II_Orc Theme 1_0.mid
finite_song_or_cue,Other,PC,World of Warcraft Warlords of Draenor,Song of Elune_0,song of,game_midi/Other_PC_World of Warcraft Warlords of Draenor_Song of Elune_0.mid
ambiguous_other,Other,PC,World of Warcraft Warlords of Draenor,Stormwind_0,,game_midi/Other_PC_World of Warcraft Warlords of Draenor_Stormwind_0.mid
ambiguous_other,Other,PC,World of Warcraft Wrath of the Lich King,Arthas my Son_0,,game_midi/Other_PC_World of Warcraft Wrath of the Lich King_Arthas my Son_0.mid
ambiguous_other,Other,PS2,Shadow of the Colossus,Memories_0,,game_midi/Other_PS2_Shadow of the Colossus_Memories_0.mid
ambiguous_other,Other,PS2,Shadow of the Colossus,Prayer_0,,game_midi/Other_PS2_Shadow of the Colossus_Prayer_0.mid
ambiguous_other,Other,PS2,Shadow of the Colossus,The Farthest Land_0,,game_midi/Other_PS2_Shadow of the Colossus_The Farthest Land_0.mid
ambiguous_other,Other,PS2,Shadow of the Colossus,The Opened Way_0,,game_midi/Other_PS2_Shadow of the Colossus_The Opened Way_0.mid
ambiguous_other,Other,PS2,Shadow of the Colossus,The Tale of the 16 Sacrifices_0,,game_midi/Other_PS2_Shadow of the Colossus_The Tale of the 16 Sacrifices_0.mid
ambiguous_likely_loop,Paper Mario,Nintendo 3DS,Paper Mario Sticker Star,Boo Night Fever,night,game_midi/Paper Mario_Nintendo 3DS_Paper Mario Sticker Star_Boo Night Fever.mid
ambiguous_other,Paper Mario,Nintendo 64,Paper Mario,Angry Bowser,,game_midi/Paper Mario_Nintendo 64_Paper Mario_Angry Bowser.mid
looping_gameplay_bgm,Paper Mario,Nintendo 64,Paper Mario,Approach to the Mansion,mansion,game_midi/Paper Mario_Nintendo 64_Paper Mario_Approach to the Mansion.mid
finite_song_or_cue,Paper Mario,Nintendo 64,Paper Mario,Battle Fanfare,fanfare,game_midi/Paper Mario_Nintendo 64_Paper Mario_Battle Fanfare.mid
looping_gameplay_bgm,Paper Mario,Nintendo 64,Paper Mario,Beach Tunes,each,game_midi/Paper Mario_Nintendo 64_Paper Mario_Beach Tunes.mid
ambiguous_other,Paper Mario,Nintendo 64,Paper Mario,Boos Dance,,game_midi/Paper Mario_Nintendo 64_Paper Mario_Boos Dance.mid
ambiguous_other,Paper Mario,Nintendo 64,Paper Mario,Chanterelles Song,,game_midi/Paper Mario_Nintendo 64_Paper Mario_Chanterelles Song.mid
ambiguous_other,Paper Mario,Nintendo 64,Paper Mario,Chomp Attack,,game_midi/Paper Mario_Nintendo 64_Paper Mario_Chomp Attack.mid
ambiguous_other,Paper Mario,Nintendo 64,Paper Mario,Clouds Over Flower Fields,,game_midi/Paper Mario_Nintendo 64_Paper Mario_Clouds Over Flower Fields.mid
ambiguous_other,Paper Mario,Nintendo 64,Paper Mario,Club 64,,game_midi/Paper Mario_Nintendo 64_Paper Mario_Club 64.mid
looping_gameplay_bgm,Paper Mario,Nintendo 64,Paper Mario,Cold Reception in Shiver City,city,game_midi/Paper Mario_Nintendo 64_Paper Mario_Cold Reception in Shiver City.mid
looping_gameplay_bgm,Paper Mario,Nintendo 64,Paper Mario,Crystal Palace Crawl,palace,game_midi/Paper Mario_Nintendo 64_Paper Mario_Crystal Palace Crawl.mid
ambiguous_other,Paper Mario,Nintendo 64,Paper Mario,Detective Mario,,game_midi/Paper Mario_Nintendo 64_Paper Mario_Detective Mario.mid
looping_gameplay_bgm,Paper Mario,Nintendo 64,Paper Mario,Dry Dry Desert Trek,desert,game_midi/Paper Mario_Nintendo 64_Paper Mario_Dry Dry Desert Trek.mid
looping_gameplay_bgm,Paper Mario,Nintendo 64,Paper Mario,Forever Forest Theme,forest,game_midi/Paper Mario_Nintendo 64_Paper Mario_Forever Forest Theme.mid
ambiguous_other,Paper Mario,Nintendo 64,Paper Mario,Freeze!,,game_midi/Paper Mario_Nintendo 64_Paper Mario_Freeze!.mid
ambiguous_other,Paper Mario,Nintendo 64,Paper Mario,Fuzzys Stole My Shell,,game_midi/Paper Mario_Nintendo 64_Paper Mario_Fuzzys Stole My Shell.mid
looping_gameplay_bgm,Paper Mario,Nintendo 64,Paper Mario,Gates of Goomba Castle,castle,game_midi/Paper Mario_Nintendo 64_Paper Mario_Gates of Goomba Castle.mid
ambiguous_other,Paper Mario,Nintendo 64,Paper Mario,Ghost Gulping,,game_midi/Paper Mario_Nintendo 64_Paper Mario_Ghost Gulping.mid
looping_gameplay_bgm,Paper Mario,Nintendo 64,Paper Mario,Goomba Village,village,game_midi/Paper Mario_Nintendo 64_Paper Mario_Goomba Village.mid
ambiguous_other,Paper Mario,Nintendo 64,Paper Mario,"Hang In There, Peach!",,"game_midi/Paper Mario_Nintendo 64_Paper Mario_Hang In There, Peach!.mid"
ambiguous_other,Paper Mario,Nintendo 64,Paper Mario,Hey You!,,game_midi/Paper Mario_Nintendo 64_Paper Mario_Hey You!.mid
looping_gameplay_bgm,Paper Mario,Nintendo 64,Paper Mario,Jade Jungle,jungle,game_midi/Paper Mario_Nintendo 64_Paper Mario_Jade Jungle.mid
ambiguous_other,Paper Mario,Nintendo 64,Paper Mario,Jr Troopa,,game_midi/Paper Mario_Nintendo 64_Paper Mario_Jr Troopa.mid
ambiguous_other,Paper Mario,Nintendo 64,Paper Mario,K64 Train Ride,,game_midi/Paper Mario_Nintendo 64_Paper Mario_K64 Train Ride.mid
ambiguous_likely_loop,Paper Mario,Nintendo 64,Paper Mario,Kammy Koopas Theme,theme,game_midi/Paper Mario_Nintendo 64_Paper Mario_Kammy Koopas Theme.mid
ambiguous_other,Paper Mario,Nintendo 64,Paper Mario,Keeping Pace,,game_midi/Paper Mario_Nintendo 64_Paper Mario_Keeping Pace.mid
ambiguous_other,Paper Mario,Nintendo 64,Paper Mario,Koopa Bros Keep Cool,,game_midi/Paper Mario_Nintendo 64_Paper Mario_Koopa Bros Keep Cool.mid
ambiguous_other,Paper Mario,Nintendo 64,Paper Mario,Koopa Bros Tricks,,game_midi/Paper Mario_Nintendo 64_Paper Mario_Koopa Bros Tricks.mid
looping_gameplay_bgm,Paper Mario,Nintendo 64,Paper Mario,Koopa Village,village,game_midi/Paper Mario_Nintendo 64_Paper Mario_Koopa Village.mid
looping_gameplay_bgm,Paper Mario,Nintendo 64,Paper Mario,Main Menu,menu,game_midi/Paper Mario_Nintendo 64_Paper Mario_Main Menu.mid
ambiguous_other,Paper Mario,Nintendo 64,Paper Mario,March Ahead,,game_midi/Paper Mario_Nintendo 64_Paper Mario_March Ahead.mid
looping_gameplay_bgm,Paper Mario,Nintendo 64,Paper Mario,Mario Bros House,house,game_midi/Paper Mario_Nintendo 64_Paper Mario_Mario Bros House.mid
ambiguous_likely_loop,Paper Mario,Nintendo 64,Paper Mario,Mario and Peachs Theme,theme,game_midi/Paper Mario_Nintendo 64_Paper Mario_Mario and Peachs Theme.mid
looping_gameplay_bgm,Paper Mario,Nintendo 64,Paper Mario,Master Battle,attle!?,game_midi/Paper Mario_Nintendo 64_Paper Mario_Master Battle.mid
ambiguous_likely_loop,Paper Mario,Nintendo 64,Paper Mario,Mt Rugged Theme,theme,game_midi/Paper Mario_Nintendo 64_Paper Mario_Mt Rugged Theme.mid
ambiguous_other,Paper Mario,Nintendo 64,Paper Mario,Mysterious Dry Dry Outpost,,game_midi/Paper Mario_Nintendo 64_Paper Mario_Mysterious Dry Dry Outpost.mid
looping_gameplay_bgm,Paper Mario,Nintendo 64,Paper Mario,Over Shiver Mountain,mountain,game_midi/Paper Mario_Nintendo 64_Paper Mario_Over Shiver Mountain.mid
ambiguous_other,Paper Mario,Nintendo 64,Paper Mario,Petunia Under Attack!,,game_midi/Paper Mario_Nintendo 64_Paper Mario_Petunia Under Attack!.mid
ambiguous_other,Paper Mario,Nintendo 64,Paper Mario,Princess in Distress,,game_midi/Paper Mario_Nintendo 64_Paper Mario_Princess in Distress.mid
ambiguous_other,Paper Mario,Nintendo 64,Paper Mario,Raphael the Raven,,game_midi/Paper Mario_Nintendo 64_Paper Mario_Raphael the Raven.mid
ambiguous_other,Paper Mario,Nintendo 64,Paper Mario,Shooting Star Summit,,game_midi/Paper Mario_Nintendo 64_Paper Mario_Shooting Star Summit.mid
ambiguous_other,Paper Mario,Nintendo 64,Paper Mario,Shy Guy Riot,,game_midi/Paper Mario_Nintendo 64_Paper Mario_Shy Guy Riot.mid
ambiguous_other,Paper Mario,Nintendo 64,Paper Mario,Shy Guys Toybox,,game_midi/Paper Mario_Nintendo 64_Paper Mario_Shy Guys Toybox.mid
looping_gameplay_bgm,Paper Mario,Nintendo 64,Paper Mario,Snow Road,road,game_midi/Paper Mario_Nintendo 64_Paper Mario_Snow Road.mid
ambiguous_other,Paper Mario,Nintendo 64,Paper Mario,Star Spirits Request,,game_midi/Paper Mario_Nintendo 64_Paper Mario_Star Spirits Request.mid
looping_gameplay_bgm,Paper Mario,Nintendo 64,Paper Mario,The Castle Crumbles,castle,game_midi/Paper Mario_Nintendo 64_Paper Mario_The Castle Crumbles.mid
looping_gameplay_bgm,Paper Mario,Nintendo 64,Paper Mario,Toad Town Variations,town,game_midi/Paper Mario_Nintendo 64_Paper Mario_Toad Town Variations.mid
looping_gameplay_bgm,Paper Mario,Nintendo 64,Paper Mario,Toad Town,town,game_midi/Paper Mario_Nintendo 64_Paper Mario_Toad Town.mid
looping_gameplay_bgm,Paper Mario,Nintendo 64,Paper Mario,Tubba Blubbas Castle,castle,game_midi/Paper Mario_Nintendo 64_Paper Mario_Tubba Blubbas Castle.mid
ambiguous_likely_loop,Paper Mario,Nintendo 64,Paper Mario,Twinks Theme,theme,game_midi/Paper Mario_Nintendo 64_Paper Mario_Twinks Theme.mid
ambiguous_other,Paper Mario,Nintendo 64,Paper Mario,Walking on the Clouds,,game_midi/Paper Mario_Nintendo 64_Paper Mario_Walking on the Clouds.mid
looping_gameplay_bgm,Paper Mario,Nintendo 64,Paper Mario,Welcome to Yoshis Village,village,game_midi/Paper Mario_Nintendo 64_Paper Mario_Welcome to Yoshis Village.mid
ambiguous_other,Paper Mario,Nintendo 64,Paper Mario,Whale Ride,,game_midi/Paper Mario_Nintendo 64_Paper Mario_Whale Ride.mid
ambiguous_other,Paper Mario,Nintendo 64,Paper Mario,Wish of the Princess,,game_midi/Paper Mario_Nintendo 64_Paper Mario_Wish of the Princess.mid
looping_gameplay_bgm,Paper Mario,Nintendo GameCube,Paper Mario The Thousand-Year Door,Battle with Shadow Queen (First Form),attle!?,game_midi/Paper Mario_Nintendo GameCube_Paper Mario The Thousand-Year Door_Battle with Shadow Queen (First Form).mid
looping_gameplay_bgm,Paper Mario,Nintendo GameCube,Paper Mario The Thousand-Year Door,Boggly Woods,woods,game_midi/Paper Mario_Nintendo GameCube_Paper Mario The Thousand-Year Door_Boggly Woods.mid
finite_song_or_cue,Paper Mario,Nintendo GameCube,Paper Mario The Thousand-Year Door,Chapter Ending,ending,game_midi/Paper Mario_Nintendo GameCube_Paper Mario The Thousand-Year Door_Chapter Ending.mid
ambiguous_other,Paper Mario,Nintendo GameCube,Paper Mario The Thousand-Year Door,Character Abilities,,game_midi/Paper Mario_Nintendo GameCube_Paper Mario The Thousand-Year Door_Character Abilities.mid
ambiguous_other,Paper Mario,Nintendo GameCube,Paper Mario The Thousand-Year Door,Cooking with Zess T,,game_midi/Paper Mario_Nintendo GameCube_Paper Mario The Thousand-Year Door_Cooking with Zess T.mid
looping_gameplay_bgm,Paper Mario,Nintendo GameCube,Paper Mario The Thousand-Year Door,Cortez Battle,attle!?,game_midi/Paper Mario_Nintendo GameCube_Paper Mario The Thousand-Year Door_Cortez Battle.mid
looping_gameplay_bgm,Paper Mario,Nintendo GameCube,Paper Mario The Thousand-Year Door,Doopliss Battle,attle!?,game_midi/Paper Mario_Nintendo GameCube_Paper Mario The Thousand-Year Door_Doopliss Battle.mid
ambiguous_likely_loop,Paper Mario,Nintendo GameCube,Paper Mario The Thousand-Year Door,Doopliss Theme,theme,game_midi/Paper Mario_Nintendo GameCube_Paper Mario The Thousand-Year Door_Doopliss Theme.mid
looping_gameplay_bgm,Paper Mario,Nintendo GameCube,Paper Mario The Thousand-Year Door,Enemy Battle,attle!?,game_midi/Paper Mario_Nintendo GameCube_Paper Mario The Thousand-Year Door_Enemy Battle.mid
ambiguous_other,Paper Mario,Nintendo GameCube,Paper Mario The Thousand-Year Door,Fahr Outpost,,game_midi/Paper Mario_Nintendo GameCube_Paper Mario The Thousand-Year Door_Fahr Outpost.mid
looping_gameplay_bgm,Paper Mario,Nintendo GameCube,Paper Mario The Thousand-Year Door,File Select,select,game_midi/Paper Mario_Nintendo GameCube_Paper Mario The Thousand-Year Door_File Select.mid
ambiguous_other,Paper Mario,Nintendo GameCube,Paper Mario The Thousand-Year Door,Glitz Pit,,game_midi/Paper Mario_Nintendo GameCube_Paper Mario The Thousand-Year Door_Glitz Pit.mid
ambiguous_other,Paper Mario,Nintendo GameCube,Paper Mario The Thousand-Year Door,Glitzville,,game_midi/Paper Mario_Nintendo GameCube_Paper Mario The Thousand-Year Door_Glitzville.mid
looping_gameplay_bgm,Paper Mario,Nintendo GameCube,Paper Mario The Thousand-Year Door,Hall of the Thousand-Year Door,hall,game_midi/Paper Mario_Nintendo GameCube_Paper Mario The Thousand-Year Door_Hall of the Thousand-Year Door.mid
looping_gameplay_bgm,Paper Mario,Nintendo GameCube,Paper Mario The Thousand-Year Door,Hooktail Castle,castle,game_midi/Paper Mario_Nintendo GameCube_Paper Mario The Thousand-Year Door_Hooktail Castle.mid
finite_song_or_cue,Paper Mario,Nintendo GameCube,Paper Mario The Thousand-Year Door,Level Up!,level up!?,game_midi/Paper Mario_Nintendo GameCube_Paper Mario The Thousand-Year Door_Level Up!.mid
ambiguous_other,Paper Mario,Nintendo GameCube,Paper Mario The Thousand-Year Door,Luigis Story,,game_midi/Paper Mario_Nintendo GameCube_Paper Mario The Thousand-Year Door_Luigis Story.mid
looping_gameplay_bgm,Paper Mario,Nintendo GameCube,Paper Mario The Thousand-Year Door,Magnus Von Grapple Battle,attle!?,game_midi/Paper Mario_Nintendo GameCube_Paper Mario The Thousand-Year Door_Magnus Von Grapple Battle.mid
looping_gameplay_bgm,Paper Mario,Nintendo GameCube,Paper Mario The Thousand-Year Door,Mario and Luigis House,house,game_midi/Paper Mario_Nintendo GameCube_Paper Mario The Thousand-Year Door_Mario and Luigis House.mid
looping_gameplay_bgm,Paper Mario,Nintendo GameCube,Paper Mario The Thousand-Year Door,Mini-boss,oss,game_midi/Paper Mario_Nintendo GameCube_Paper Mario The Thousand-Year Door_Mini-boss.mid
ambiguous_other,Paper Mario,Nintendo GameCube,Paper Mario The Thousand-Year Door,Miscellaneous Sound Effects and Short Themes,,game_midi/Paper Mario_Nintendo GameCube_Paper Mario The Thousand-Year Door_Miscellaneous Sound Effects and Short Themes.mid
ambiguous_likely_loop,Paper Mario,Nintendo GameCube,Paper Mario The Thousand-Year Door,Ms Jolenes Theme,theme,game_midi/Paper Mario_Nintendo GameCube_Paper Mario The Thousand-Year Door_Ms Jolenes Theme.mid
ambiguous_other,Paper Mario,Nintendo GameCube,Paper Mario The Thousand-Year Door,Mysteries of the Pit,,game_midi/Paper Mario_Nintendo GameCube_Paper Mario The Thousand-Year Door_Mysteries of the Pit.mid
ambiguous_other,Paper Mario,Nintendo GameCube,Paper Mario The Thousand-Year Door,Petal Meadows,,game_midi/Paper Mario_Nintendo GameCube_Paper Mario The Thousand-Year Door_Petal Meadows.mid
ambiguous_other,Paper Mario,Nintendo GameCube,Paper Mario The Thousand-Year Door,Petalburg,,game_midi/Paper Mario_Nintendo GameCube_Paper Mario The Thousand-Year Door_Petalburg.mid
ambiguous_other,Paper Mario,Nintendo GameCube,Paper Mario The Thousand-Year Door,Pianta Parlor,,game_midi/Paper Mario_Nintendo GameCube_Paper Mario The Thousand-Year Door_Pianta Parlor.mid
ambiguous_other,Paper Mario,Nintendo GameCube,Paper Mario The Thousand-Year Door,Poshley Heights,,game_midi/Paper Mario_Nintendo GameCube_Paper Mario The Thousand-Year Door_Poshley Heights.mid
ambiguous_likely_loop,Paper Mario,Nintendo GameCube,Paper Mario The Thousand-Year Door,Professor Franklys Theme,theme,game_midi/Paper Mario_Nintendo GameCube_Paper Mario The Thousand-Year Door_Professor Franklys Theme.mid
ambiguous_other,Paper Mario,Nintendo GameCube,Paper Mario The Thousand-Year Door,Reunion,,game_midi/Paper Mario_Nintendo GameCube_Paper Mario The Thousand-Year Door_Reunion.mid
looping_gameplay_bgm,Paper Mario,Nintendo GameCube,Paper Mario The Thousand-Year Door,Riverside Station,station,game_midi/Paper Mario_Nintendo GameCube_Paper Mario The Thousand-Year Door_Riverside Station.mid
ambiguous_other,Paper Mario,Nintendo GameCube,Paper Mario The Thousand-Year Door,Rogueport Sewers,,game_midi/Paper Mario_Nintendo GameCube_Paper Mario The Thousand-Year Door_Rogueport Sewers.mid
ambiguous_other,Paper Mario,Nintendo GameCube,Paper Mario The Thousand-Year Door,Rogueport,,game_midi/Paper Mario_Nintendo GameCube_Paper Mario The Thousand-Year Door_Rogueport.mid
ambiguous_other,Paper Mario,Nintendo GameCube,Paper Mario The Thousand-Year Door,Shadow Siren Scuffle,,game_midi/Paper Mario_Nintendo GameCube_Paper Mario The Thousand-Year Door_Shadow Siren Scuffle.mid
looping_gameplay_bgm,Paper Mario,Nintendo GameCube,Paper Mario The Thousand-Year Door,Smorgs Battle,attle!?,game_midi/Paper Mario_Nintendo GameCube_Paper Mario The Thousand-Year Door_Smorgs Battle.mid
ambiguous_other,Paper Mario,Nintendo GameCube,Paper Mario The Thousand-Year Door,TECs Waltz,,game_midi/Paper Mario_Nintendo GameCube_Paper Mario The Thousand-Year Door_TECs Waltz.mid
ambiguous_likely_loop,Paper Mario,Nintendo GameCube,Paper Mario The Thousand-Year Door,Title Theme,theme,game_midi/Paper Mario_Nintendo GameCube_Paper Mario The Thousand-Year Door_Title Theme.mid
looping_gameplay_bgm,Paper Mario,Nintendo GameCube,Paper Mario The Thousand-Year Door,Twilight Town,town,game_midi/Paper Mario_Nintendo GameCube_Paper Mario The Thousand-Year Door_Twilight Town.mid
ambiguous_other,Paper Mario,Nintendo GameCube,Paper Mario The Thousand-Year Door,Voyage,,game_midi/Paper Mario_Nintendo GameCube_Paper Mario The Thousand-Year Door_Voyage.mid
looping_gameplay_bgm,Paper Mario,Nintendo GameCube,Paper Mario The Thousand-Year Door,X-naut Base,ase,game_midi/Paper Mario_Nintendo GameCube_Paper Mario The Thousand-Year Door_X-naut Base.mid
looping_gameplay_bgm,Paper Mario,Nintendo Switch,Paper Mario The Origami King,Autumn Mountain Battle,"attle!?, mountain",game_midi/Paper Mario_Nintendo Switch_Paper Mario The Origami King_Autumn Mountain Battle.mid
ambiguous_other,Paper Mario,Nintendo Switch,Paper Mario The Origami King,Disco Devil,,game_midi/Paper Mario_Nintendo Switch_Paper Mario The Origami King_Disco Devil.mid
ambiguous_other,Paper Mario,Nintendo Switch,Paper Mario The Origami King,Exploring Shangri-Spa,,game_midi/Paper Mario_Nintendo Switch_Paper Mario The Origami King_Exploring Shangri-Spa.mid
ambiguous_other,Paper Mario,Nintendo Switch,Paper Mario The Origami King,Heartbeat Skipper,,game_midi/Paper Mario_Nintendo Switch_Paper Mario The Origami King_Heartbeat Skipper.mid
ambiguous_other,Paper Mario,Nintendo Switch,Paper Mario The Origami King,Musee Champignon,,game_midi/Paper Mario_Nintendo Switch_Paper Mario The Origami King_Musee Champignon.mid
ambiguous_other,Paper Mario,Nintendo Switch,Paper Mario The Origami King,Olivias Plea,,game_midi/Paper Mario_Nintendo Switch_Paper Mario The Origami King_Olivias Plea.mid
looping_gameplay_bgm,Paper Mario,Nintendo Switch,Paper Mario The Origami King,Red Streamer Battle,attle!?,game_midi/Paper Mario_Nintendo Switch_Paper Mario The Origami King_Red Streamer Battle.mid
ambiguous_likely_loop,Paper Mario,Nintendo Switch,Paper Mario The Origami King,Relaxing Cafe Theme,theme,game_midi/Paper Mario_Nintendo Switch_Paper Mario The Origami King_Relaxing Cafe Theme.mid
looping_gameplay_bgm,Paper Mario,Nintendo Switch,Paper Mario The Origami King,Shroom City,city,game_midi/Paper Mario_Nintendo Switch_Paper Mario The Origami King_Shroom City.mid
looping_gameplay_bgm,Paper Mario,Nintendo Switch,Paper Mario The Origami King,Snif City Royal Hotel,city,game_midi/Paper Mario_Nintendo Switch_Paper Mario The Origami King_Snif City Royal Hotel.mid
ambiguous_other,Paper Mario,Nintendo Switch,Paper Mario The Origami King,The Elastic Entertainer,,game_midi/Paper Mario_Nintendo Switch_Paper Mario The Origami King_The Elastic Entertainer.mid
ambiguous_other,Paper Mario,Nintendo Switch,Paper Mario The Origami King,The Shifty Sticker,,game_midi/Paper Mario_Nintendo Switch_Paper Mario The Origami King_The Shifty Sticker.mid
ambiguous_other,Paper Mario,Nintendo Switch,Paper Mario The Origami King,Tranquil Pipes Teahouse,,game_midi/Paper Mario_Nintendo Switch_Paper Mario The Origami King_Tranquil Pipes Teahouse.mid
looping_gameplay_bgm,Paper Mario,Nintendo Switch,Paper Mario The Origami King,Vellumental Battle,attle!?,game_midi/Paper Mario_Nintendo Switch_Paper Mario The Origami King_Vellumental Battle.mid
ambiguous_other,Paper Mario,Wii U,Paper Mario Color Splash,Eerie Hotel,,game_midi/Paper Mario_Wii U_Paper Mario Color Splash_Eerie Hotel.mid
looping_gameplay_bgm,Paper Mario,Wii U,Paper Mario Color Splash,Island in Violet,island,game_midi/Paper Mario_Wii U_Paper Mario Color Splash_Island in Violet.mid
ambiguous_likely_loop,Paper Mario,Wii U,Paper Mario Color Splash,Main Theme (Ragtime),theme,game_midi/Paper Mario_Wii U_Paper Mario Color Splash_Main Theme (Ragtime).mid
ambiguous_other,Paper Mario,Wii U,Paper Mario Color Splash,Prisma Museum,,game_midi/Paper Mario_Wii U_Paper Mario Color Splash_Prisma Museum.mid
ambiguous_other,Paper Mario,Wii U,Paper Mario Color Splash,Sunset Express,,game_midi/Paper Mario_Wii U_Paper Mario Color Splash_Sunset Express.mid
ambiguous_other,Paper Mario,Wii U,Paper Mario Color Splash,The Juggler (Piano),,game_midi/Paper Mario_Wii U_Paper Mario Color Splash_The Juggler (Piano).mid
looping_gameplay_bgm,Paper Mario,Wii,Super Paper Mario,An Unrivaled Battle,attle!?,game_midi/Paper Mario_Wii_Super Paper Mario_An Unrivaled Battle.mid
looping_gameplay_bgm,Paper Mario,Wii,Super Paper Mario,Battle Time,attle!?,game_midi/Paper Mario_Wii_Super Paper Mario_Battle Time.mid
finite_song_or_cue,Paper Mario,Wii,Super Paper Mario,Big Blooper Appears,appears,game_midi/Paper Mario_Wii_Super Paper Mario_Big Blooper Appears.mid
looping_gameplay_bgm,Paper Mario,Wii,Super Paper Mario,Castle Bleck,castle,game_midi/Paper Mario_Wii_Super Paper Mario_Castle Bleck.mid
ambiguous_other,Paper Mario,Wii,Super Paper Mario,Champion of Destruction,,game_midi/Paper Mario_Wii_Super Paper Mario_Champion of Destruction.mid
looping_gameplay_bgm,Paper Mario,Wii,Super Paper Mario,Closing Battle,attle!?,game_midi/Paper Mario_Wii_Super Paper Mario_Closing Battle.mid
ambiguous_other,Paper Mario,Wii,Super Paper Mario,"Dimentio, Charming Magician",,"game_midi/Paper Mario_Wii_Super Paper Mario_Dimentio, Charming Magician.mid"
ambiguous_other,Paper Mario,Wii,Super Paper Mario,Flipside,,game_midi/Paper Mario_Wii_Super Paper Mario_Flipside.mid
ambiguous_other,Paper Mario,Wii,Super Paper Mario,Floro Caverns,,game_midi/Paper Mario_Wii_Super Paper Mario_Floro Caverns.mid
looping_gameplay_bgm,Paper Mario,Wii,Super Paper Mario,Fracktail Battle,attle!?,game_midi/Paper Mario_Wii_Super Paper Mario_Fracktail Battle.mid
looping_gameplay_bgm,Paper Mario,Wii,Super Paper Mario,Francis Battle,attle!?,game_midi/Paper Mario_Wii_Super Paper Mario_Francis Battle.mid
ambiguous_other,Paper Mario,Wii,Super Paper Mario,Its Showtime,,game_midi/Paper Mario_Wii_Super Paper Mario_Its Showtime.mid
ambiguous_other,Paper Mario,Wii,Super Paper Mario,Memory,,game_midi/Paper Mario_Wii_Super Paper Mario_Memory.mid
looping_gameplay_bgm,Paper Mario,Wii,Super Paper Mario,Merlees Mansion,mansion,game_midi/Paper Mario_Wii_Super Paper Mario_Merlees Mansion.mid
looping_gameplay_bgm,Paper Mario,Wii,Super Paper Mario,Mimi Battle,attle!?,game_midi/Paper Mario_Wii_Super Paper Mario_Mimi Battle.mid
ambiguous_other,Paper Mario,Wii,Super Paper Mario,Mimi the Copycat,,game_midi/Paper Mario_Wii_Super Paper Mario_Mimi the Copycat.mid
ambiguous_other,Paper Mario,Wii,Super Paper Mario,"Mr L, Green Thunder",,"game_midi/Paper Mario_Wii_Super Paper Mario_Mr L, Green Thunder.mid"
ambiguous_other,Paper Mario,Wii,Super Paper Mario,Outer Space,,game_midi/Paper Mario_Wii_Super Paper Mario_Outer Space.mid
ambiguous_other,Paper Mario,Wii,Super Paper Mario,Overthere Stair,,game_midi/Paper Mario_Wii_Super Paper Mario_Overthere Stair.mid
ambiguous_other,Paper Mario,Wii,Super Paper Mario,Sammers Kingdom,,game_midi/Paper Mario_Wii_Super Paper Mario_Sammers Kingdom.mid
ambiguous_other,Paper Mario,Wii,Super Paper Mario,The Evil Count Bleck,,game_midi/Paper Mario_Wii_Super Paper Mario_The Evil Count Bleck.mid
ambiguous_other,Paper Mario,Wii,Super Paper Mario,The Open Plane,,game_midi/Paper Mario_Wii_Super Paper Mario_The Open Plane.mid
ambiguous_other,Paper Mario,Wii,Super Paper Mario,The Ultimate Show,,game_midi/Paper Mario_Wii_Super Paper Mario_The Ultimate Show.mid
ambiguous_other,Paper Mario,Wii,Super Paper Mario,The Underwhere,,game_midi/Paper Mario_Wii_Super Paper Mario_The Underwhere.mid
ambiguous_other,Pikmin,Nintendo GameCube,Pikmin 2,Jellyfloat Pool,,game_midi/Pikmin_Nintendo GameCube_Pikmin 2_Jellyfloat Pool.mid
ambiguous_other,Pikmin,Nintendo GameCube,Pikmin 2,Wistful Wild,,game_midi/Pikmin_Nintendo GameCube_Pikmin 2_Wistful Wild.mid
ambiguous_other,Pikmin,Nintendo GameCube,Pikmin,Ai no Uta,,game_midi/Pikmin_Nintendo GameCube_Pikmin_Ai no Uta.mid
ambiguous_likely_loop,Pikmin,Nintendo GameCube,Pikmin,Night Comes,night,game_midi/Pikmin_Nintendo GameCube_Pikmin_Night Comes.mid
looping_gameplay_bgm,Pikmin,Nintendo GameCube,Pikmin,The Forest Navel,forest,game_midi/Pikmin_Nintendo GameCube_Pikmin_The Forest Navel.mid
looping_gameplay_bgm,Pikmin,Nintendo GameCube,Pikmin,The Forest of Hope,forest,game_midi/Pikmin_Nintendo GameCube_Pikmin_The Forest of Hope.mid
ambiguous_likely_loop,Pokemon Mystery Dungeon,Multiplatform,Pokemon Mystery Dungeon Red Rescue Team & Pokemon Mystery Dungeon Blue Rescue Team,Escape Through the Snow Snow Refugees,snow,game_midi/Pokemon Mystery Dungeon_Multiplatform_Pokemon Mystery Dungeon Red Rescue Team & Pokemon Mystery Dungeon Blue Rescue Team_Escape Through the Snow Snow Refugees.mid
looping_gameplay_bgm,Pokemon Mystery Dungeon,Multiplatform,Pokemon Mystery Dungeon Red Rescue Team & Pokemon Mystery Dungeon Blue Rescue Team,File Select,select,game_midi/Pokemon Mystery Dungeon_Multiplatform_Pokemon Mystery Dungeon Red Rescue Team & Pokemon Mystery Dungeon Blue Rescue Team_File Select.mid
looping_gameplay_bgm,Pokemon Mystery Dungeon,Multiplatform,Pokemon Mystery Dungeon Red Rescue Team & Pokemon Mystery Dungeon Blue Rescue Team,Friend Area - Swamp,"area, swamp",game_midi/Pokemon Mystery Dungeon_Multiplatform_Pokemon Mystery Dungeon Red Rescue Team & Pokemon Mystery Dungeon Blue Rescue Team_Friend Area - Swamp.mid
ambiguous_other,Pokemon Mystery Dungeon,Multiplatform,Pokemon Mystery Dungeon Red Rescue Team & Pokemon Mystery Dungeon Blue Rescue Team,Great Canyon,,game_midi/Pokemon Mystery Dungeon_Multiplatform_Pokemon Mystery Dungeon Red Rescue Team & Pokemon Mystery Dungeon Blue Rescue Team_Great Canyon.mid
finite_song_or_cue,Pokemon Mystery Dungeon,Multiplatform,Pokemon Mystery Dungeon Red Rescue Team & Pokemon Mystery Dungeon Blue Rescue Team,Intro Title Screen,intro,game_midi/Pokemon Mystery Dungeon_Multiplatform_Pokemon Mystery Dungeon Red Rescue Team & Pokemon Mystery Dungeon Blue Rescue Team_Intro Title Screen.mid
looping_gameplay_bgm,Pokemon Mystery Dungeon,Multiplatform,Pokemon Mystery Dungeon Red Rescue Team & Pokemon Mystery Dungeon Blue Rescue Team,Monster House,house,game_midi/Pokemon Mystery Dungeon_Multiplatform_Pokemon Mystery Dungeon Red Rescue Team & Pokemon Mystery Dungeon Blue Rescue Team_Monster House.mid
ambiguous_other,Pokemon Mystery Dungeon,Multiplatform,Pokemon Mystery Dungeon Red Rescue Team & Pokemon Mystery Dungeon Blue Rescue Team,Parting,,game_midi/Pokemon Mystery Dungeon_Multiplatform_Pokemon Mystery Dungeon Red Rescue Team & Pokemon Mystery Dungeon Blue Rescue Team_Parting.mid
ambiguous_other,Pokemon Mystery Dungeon,Multiplatform,Pokemon Mystery Dungeon Red Rescue Team & Pokemon Mystery Dungeon Blue Rescue Team,Questionnaire,,game_midi/Pokemon Mystery Dungeon_Multiplatform_Pokemon Mystery Dungeon Red Rescue Team & Pokemon Mystery Dungeon Blue Rescue Team_Questionnaire.mid
looping_gameplay_bgm,Pokemon Mystery Dungeon,Multiplatform,Pokemon Mystery Dungeon Red Rescue Team & Pokemon Mystery Dungeon Blue Rescue Team,Rescue Team Base,ase,game_midi/Pokemon Mystery Dungeon_Multiplatform_Pokemon Mystery Dungeon Red Rescue Team & Pokemon Mystery Dungeon Blue Rescue Team_Rescue Team Base.mid
looping_gameplay_bgm,Pokemon Mystery Dungeon,Multiplatform,Pokemon Mystery Dungeon Red Rescue Team & Pokemon Mystery Dungeon Blue Rescue Team,Sinister Woods,woods,game_midi/Pokemon Mystery Dungeon_Multiplatform_Pokemon Mystery Dungeon Red Rescue Team & Pokemon Mystery Dungeon Blue Rescue Team_Sinister Woods.mid
looping_gameplay_bgm,Pokemon Mystery Dungeon,Multiplatform,Pokemon Mystery Dungeon Red Rescue Team & Pokemon Mystery Dungeon Blue Rescue Team,Sky Tower,tower,game_midi/Pokemon Mystery Dungeon_Multiplatform_Pokemon Mystery Dungeon Red Rescue Team & Pokemon Mystery Dungeon Blue Rescue Team_Sky Tower.mid
looping_gameplay_bgm,Pokemon Mystery Dungeon,Multiplatform,Pokemon Mystery Dungeon Red Rescue Team & Pokemon Mystery Dungeon Blue Rescue Team,Tiny Woods,woods,game_midi/Pokemon Mystery Dungeon_Multiplatform_Pokemon Mystery Dungeon Red Rescue Team & Pokemon Mystery Dungeon Blue Rescue Team_Tiny Woods.mid
looping_gameplay_bgm,Pokemon Mystery Dungeon,Multiplatform,Pokemon Mystery Dungeon Red Rescue Team & Pokemon Mystery Dungeon Blue Rescue Team,World Calamity,world,game_midi/Pokemon Mystery Dungeon_Multiplatform_Pokemon Mystery Dungeon Red Rescue Team & Pokemon Mystery Dungeon Blue Rescue Team_World Calamity.mid
looping_gameplay_bgm,Pokemon Mystery Dungeon,Nintendo 3DS,Pokemon Mystery Dungeon Gates to Infinity,Come on in to Post Town!,town,game_midi/Pokemon Mystery Dungeon_Nintendo 3DS_Pokemon Mystery Dungeon Gates to Infinity_Come on in to Post Town!.mid
ambiguous_other,Pokemon Mystery Dungeon,Nintendo 3DS,Pokemon Mystery Dungeon Gates to Infinity,Despair Light Arrangement,,game_midi/Pokemon Mystery Dungeon_Nintendo 3DS_Pokemon Mystery Dungeon Gates to Infinity_Despair Light Arrangement.mid
ambiguous_other,Pokemon Mystery Dungeon,Nintendo 3DS,Pokemon Mystery Dungeon Gates to Infinity,Dreams and Hopes,,game_midi/Pokemon Mystery Dungeon_Nintendo 3DS_Pokemon Mystery Dungeon Gates to Infinity_Dreams and Hopes.mid
ambiguous_other,Pokemon Mystery Dungeon,Nintendo 3DS,Pokemon Mystery Dungeon Gates to Infinity,Great Job!,,game_midi/Pokemon Mystery Dungeon_Nintendo 3DS_Pokemon Mystery Dungeon Gates to Infinity_Great Job!.mid
ambiguous_other,Pokemon Mystery Dungeon,Nintendo 3DS,Pokemon Mystery Dungeon Gates to Infinity,Hazy Pass (Highlands),,game_midi/Pokemon Mystery Dungeon_Nintendo 3DS_Pokemon Mystery Dungeon Gates to Infinity_Hazy Pass (Highlands).mid
ambiguous_other,Pokemon Mystery Dungeon,Nintendo 3DS,Pokemon Mystery Dungeon Gates to Infinity,Hope Light Arrangement 1,,game_midi/Pokemon Mystery Dungeon_Nintendo 3DS_Pokemon Mystery Dungeon Gates to Infinity_Hope Light Arrangement 1.mid
ambiguous_other,Pokemon Mystery Dungeon,Nintendo 3DS,Pokemon Mystery Dungeon Gates to Infinity,I Look Like a Pokemon!,,game_midi/Pokemon Mystery Dungeon_Nintendo 3DS_Pokemon Mystery Dungeon Gates to Infinity_I Look Like a Pokemon!.mid
looping_gameplay_bgm,Pokemon Mystery Dungeon,Nintendo 3DS,Pokemon Mystery Dungeon Gates to Infinity,Main Menu,menu,game_midi/Pokemon Mystery Dungeon_Nintendo 3DS_Pokemon Mystery Dungeon Gates to Infinity_Main Menu.mid
finite_song_or_cue,Pokemon Mystery Dungeon,Nintendo 3DS,Pokemon Mystery Dungeon Gates to Infinity,Opening,opening,game_midi/Pokemon Mystery Dungeon_Nintendo 3DS_Pokemon Mystery Dungeon Gates to Infinity_Opening.mid
ambiguous_other,Pokemon Mystery Dungeon,Nintendo 3DS,Pokemon Mystery Dungeon Gates to Infinity,Pokemon Paradise,,game_midi/Pokemon Mystery Dungeon_Nintendo 3DS_Pokemon Mystery Dungeon Gates to Infinity_Pokemon Paradise.mid
looping_gameplay_bgm,Pokemon Mystery Dungeon,Nintendo 3DS,Pokemon Mystery Dungeon Gates to Infinity,Ragged Mountain,mountain,game_midi/Pokemon Mystery Dungeon_Nintendo 3DS_Pokemon Mystery Dungeon Gates to Infinity_Ragged Mountain.mid
ambiguous_other,Pokemon Mystery Dungeon,Nintendo 3DS,Pokemon Mystery Dungeon Gates to Infinity,Stirrings of Hope March,,game_midi/Pokemon Mystery Dungeon_Nintendo 3DS_Pokemon Mystery Dungeon Gates to Infinity_Stirrings of Hope March.mid
ambiguous_other,Pokemon Mystery Dungeon,Nintendo 3DS,Pokemon Mystery Dungeon Gates to Infinity,Stompstump Peak,,game_midi/Pokemon Mystery Dungeon_Nintendo 3DS_Pokemon Mystery Dungeon Gates to Infinity_Stompstump Peak.mid
ambiguous_other,Pokemon Mystery Dungeon,Nintendo 3DS,Pokemon Mystery Dungeon Gates to Infinity,Sympathy and Sincerity,,game_midi/Pokemon Mystery Dungeon_Nintendo 3DS_Pokemon Mystery Dungeon Gates to Infinity_Sympathy and Sincerity.mid
ambiguous_other,Pokemon Mystery Dungeon,Nintendo 3DS,Pokemon Mystery Dungeon Gates to Infinity,That Is Odd,,game_midi/Pokemon Mystery Dungeon_Nintendo 3DS_Pokemon Mystery Dungeon Gates to Infinity_That Is Odd.mid
looping_gameplay_bgm,Pokemon Mystery Dungeon,Nintendo 3DS,Pokemon Mystery Dungeon Gates to Infinity,The Carpenter of Post Town,town,game_midi/Pokemon Mystery Dungeon_Nintendo 3DS_Pokemon Mystery Dungeon Gates to Infinity_The Carpenter of Post Town.mid
ambiguous_other,Pokemon Mystery Dungeon,Nintendo 3DS,Pokemon Mystery Dungeon Gates to Infinity,The Coming Danger,,game_midi/Pokemon Mystery Dungeon_Nintendo 3DS_Pokemon Mystery Dungeon Gates to Infinity_The Coming Danger.mid
ambiguous_other,Pokemon Mystery Dungeon,Nintendo 3DS,Pokemon Mystery Dungeon Gates to Infinity,Voice in the Dreams,,game_midi/Pokemon Mystery Dungeon_Nintendo 3DS_Pokemon Mystery Dungeon Gates to Infinity_Voice in the Dreams.mid
ambiguous_other,Pokemon Mystery Dungeon,Nintendo 3DS,Pokemon Mystery Dungeon Gates to Infinity,Whats Wrong With Everyone?,,game_midi/Pokemon Mystery Dungeon_Nintendo 3DS_Pokemon Mystery Dungeon Gates to Infinity_Whats Wrong With Everyone?.mid
looping_gameplay_bgm,Pokemon Mystery Dungeon,Nintendo 3DS,Pokemon Super Mystery Dungeon,Children of Serene Village,village,game_midi/Pokemon Mystery Dungeon_Nintendo 3DS_Pokemon Super Mystery Dungeon_Children of Serene Village.mid
looping_gameplay_bgm,Pokemon Mystery Dungeon,Nintendo 3DS,Pokemon Super Mystery Dungeon,Drilbur Coal Mine,mine,game_midi/Pokemon Mystery Dungeon_Nintendo 3DS_Pokemon Super Mystery Dungeon_Drilbur Coal Mine.mid
looping_gameplay_bgm,Pokemon Mystery Dungeon,Nintendo 3DS,Pokemon Super Mystery Dungeon,Fire Island Volcano,island,game_midi/Pokemon Mystery Dungeon_Nintendo 3DS_Pokemon Super Mystery Dungeon_Fire Island Volcano.mid
looping_gameplay_bgm,Pokemon Mystery Dungeon,Nintendo 3DS,Pokemon Super Mystery Dungeon,Foreboding Forest,forest,game_midi/Pokemon Mystery Dungeon_Nintendo 3DS_Pokemon Super Mystery Dungeon_Foreboding Forest.mid
ambiguous_other,Pokemon Mystery Dungeon,Nintendo 3DS,Pokemon Super Mystery Dungeon,It Is What It Is,,game_midi/Pokemon Mystery Dungeon_Nintendo 3DS_Pokemon Super Mystery Dungeon_It Is What It Is.mid
looping_gameplay_bgm,Pokemon Mystery Dungeon,Nintendo 3DS,Pokemon Super Mystery Dungeon,Lush Forest,forest,game_midi/Pokemon Mystery Dungeon_Nintendo 3DS_Pokemon Super Mystery Dungeon_Lush Forest.mid
looping_gameplay_bgm,Pokemon Mystery Dungeon,Nintendo 3DS,Pokemon Super Mystery Dungeon,Main Menu,menu,game_midi/Pokemon Mystery Dungeon_Nintendo 3DS_Pokemon Super Mystery Dungeon_Main Menu.mid
ambiguous_likely_loop,Pokemon Mystery Dungeon,Nintendo 3DS,Pokemon Super Mystery Dungeon,Main Theme,theme,game_midi/Pokemon Mystery Dungeon_Nintendo 3DS_Pokemon Super Mystery Dungeon_Main Theme.mid
looping_gameplay_bgm,Pokemon Mystery Dungeon,Nintendo 3DS,Pokemon Super Mystery Dungeon,Mist Continent Noe Town,town,game_midi/Pokemon Mystery Dungeon_Nintendo 3DS_Pokemon Super Mystery Dungeon_Mist Continent Noe Town.mid
looping_gameplay_bgm,Pokemon Mystery Dungeon,Nintendo 3DS,Pokemon Super Mystery Dungeon,Nuzleafs House,house,game_midi/Pokemon Mystery Dungeon_Nintendo 3DS_Pokemon Super Mystery Dungeon_Nuzleafs House.mid
ambiguous_other,Pokemon Mystery Dungeon,Nintendo 3DS,Pokemon Super Mystery Dungeon,Open Pass,,game_midi/Pokemon Mystery Dungeon_Nintendo 3DS_Pokemon Super Mystery Dungeon_Open Pass.mid
ambiguous_other,Pokemon Mystery Dungeon,Nintendo 3DS,Pokemon Super Mystery Dungeon,Over the Mountains,,game_midi/Pokemon Mystery Dungeon_Nintendo 3DS_Pokemon Super Mystery Dungeon_Over the Mountains.mid
ambiguous_other,Pokemon Mystery Dungeon,Nintendo 3DS,Pokemon Super Mystery Dungeon,Pancham and Shelmet,,game_midi/Pokemon Mystery Dungeon_Nintendo 3DS_Pokemon Super Mystery Dungeon_Pancham and Shelmet.mid
looping_gameplay_bgm,Pokemon Mystery Dungeon,Nintendo 3DS,Pokemon Super Mystery Dungeon,Poliwrath River,river,game_midi/Pokemon Mystery Dungeon_Nintendo 3DS_Pokemon Super Mystery Dungeon_Poliwrath River.mid
ambiguous_likely_loop,Pokemon Mystery Dungeon,Nintendo 3DS,Pokemon Super Mystery Dungeon,Quiet Night,night,game_midi/Pokemon Mystery Dungeon_Nintendo 3DS_Pokemon Super Mystery Dungeon_Quiet Night.mid
looping_gameplay_bgm,Pokemon Mystery Dungeon,Nintendo 3DS,Pokemon Super Mystery Dungeon,Revelation Mountain,mountain,game_midi/Pokemon Mystery Dungeon_Nintendo 3DS_Pokemon Super Mystery Dungeon_Revelation Mountain.mid
looping_gameplay_bgm,Pokemon Mystery Dungeon,Nintendo 3DS,Pokemon Super Mystery Dungeon,Serene Village,village,game_midi/Pokemon Mystery Dungeon_Nintendo 3DS_Pokemon Super Mystery Dungeon_Serene Village.mid
looping_gameplay_bgm,Pokemon Mystery Dungeon,Nintendo 3DS,Pokemon Super Mystery Dungeon,Welcome to the World of Pokemon!,world,game_midi/Pokemon Mystery Dungeon_Nintendo 3DS_Pokemon Super Mystery Dungeon_Welcome to the World of Pokemon!.mid
ambiguous_other,Pokemon Mystery Dungeon,Nintendo 3DS,Pokemon Super Mystery Dungeon,Whoa!,,game_midi/Pokemon Mystery Dungeon_Nintendo 3DS_Pokemon Super Mystery Dungeon_Whoa!.mid
ambiguous_other,Pokemon Mystery Dungeon,Nintendo 3DS,Pokemon Super Mystery Dungeon,"Why, All of a Sudden?!",,"game_midi/Pokemon Mystery Dungeon_Nintendo 3DS_Pokemon Super Mystery Dungeon_Why, All of a Sudden?!.mid"
ambiguous_other,Pokemon Mystery Dungeon,Nintendo 3DS,Pokemon Super Mystery Dungeon,Within the Sadness,,game_midi/Pokemon Mystery Dungeon_Nintendo 3DS_Pokemon Super Mystery Dungeon_Within the Sadness.mid
looping_gameplay_bgm,Pokemon Mystery Dungeon,Nintendo DS,Pokemon Mystery Dungeon Explorers of Sky,Barren Valley,valley,game_midi/Pokemon Mystery Dungeon_Nintendo DS_Pokemon Mystery Dungeon Explorers of Sky_Barren Valley.mid
ambiguous_other,Pokemon Mystery Dungeon,Nintendo DS,Pokemon Mystery Dungeon Explorers of Sky,Defend Globe,,game_midi/Pokemon Mystery Dungeon_Nintendo DS_Pokemon Mystery Dungeon Explorers of Sky_Defend Globe.mid
ambiguous_other,Pokemon Mystery Dungeon,Nintendo DS,Pokemon Mystery Dungeon Explorers of Sky,Limestone Cavern,,game_midi/Pokemon Mystery Dungeon_Nintendo DS_Pokemon Mystery Dungeon Explorers of Sky_Limestone Cavern.mid
ambiguous_other,Pokemon Mystery Dungeon,Nintendo DS,Pokemon Mystery Dungeon Explorers of Sky,Living Spirit,,game_midi/Pokemon Mystery Dungeon_Nintendo DS_Pokemon Mystery Dungeon Explorers of Sky_Living Spirit.mid
ambiguous_other,Pokemon Mystery Dungeon,Nintendo DS,Pokemon Mystery Dungeon Explorers of Sky,Sky Peak Final Pass,,game_midi/Pokemon Mystery Dungeon_Nintendo DS_Pokemon Mystery Dungeon Explorers of Sky_Sky Peak Final Pass.mid
ambiguous_other,Pokemon Mystery Dungeon,Nintendo DS,Pokemon Mystery Dungeon Explorers of Sky,Spacial Cliffs,,game_midi/Pokemon Mystery Dungeon_Nintendo DS_Pokemon Mystery Dungeon Explorers of Sky_Spacial Cliffs.mid
ambiguous_likely_loop,Pokemon Mystery Dungeon,Nintendo DS,Pokemon Mystery Dungeon Explorers of Sky,Team Charms Theme,theme,game_midi/Pokemon Mystery Dungeon_Nintendo DS_Pokemon Mystery Dungeon Explorers of Sky_Team Charms Theme.mid
looping_gameplay_bgm,Pokemon Mystery Dungeon,Nintendo DS,Pokemon Mystery Dungeon Explorers of Sky,Vast Ice Mountain Peak,mountain,game_midi/Pokemon Mystery Dungeon_Nintendo DS_Pokemon Mystery Dungeon Explorers of Sky_Vast Ice Mountain Peak.mid
ambiguous_other,Pokemon Mystery Dungeon,Nintendo DS,Pokemon Mystery Dungeon Explorers of Time & Pokemon Mystery Dungeon Explorers of Darkness,A Grand Tale,,game_midi/Pokemon Mystery Dungeon_Nintendo DS_Pokemon Mystery Dungeon Explorers of Time & Pokemon Mystery Dungeon Explorers of Darkness_A Grand Tale.mid
ambiguous_likely_loop,Pokemon Mystery Dungeon,Nintendo DS,Pokemon Mystery Dungeon Explorers of Time & Pokemon Mystery Dungeon Explorers of Darkness,A Sinister Smell (Team Skulls Theme),theme,game_midi/Pokemon Mystery Dungeon_Nintendo DS_Pokemon Mystery Dungeon Explorers of Time & Pokemon Mystery Dungeon Explorers of Darkness_A Sinister Smell (Team Skulls Theme).mid
ambiguous_other,Pokemon Mystery Dungeon,Nintendo DS,Pokemon Mystery Dungeon Explorers of Time & Pokemon Mystery Dungeon Explorers of Darkness,A Wish for Peace,,game_midi/Pokemon Mystery Dungeon_Nintendo DS_Pokemon Mystery Dungeon Explorers of Time & Pokemon Mystery Dungeon Explorers of Darkness_A Wish for Peace.mid
looping_gameplay_bgm,Pokemon Mystery Dungeon,Nintendo DS,Pokemon Mystery Dungeon Explorers of Time & Pokemon Mystery Dungeon Explorers of Darkness,Aegis Cave,cave,game_midi/Pokemon Mystery Dungeon_Nintendo DS_Pokemon Mystery Dungeon Explorers of Time & Pokemon Mystery Dungeon Explorers of Darkness_Aegis Cave.mid
looping_gameplay_bgm,Pokemon Mystery Dungeon,Nintendo DS,Pokemon Mystery Dungeon Explorers of Time & Pokemon Mystery Dungeon Explorers of Darkness,Amp Plains,plains,game_midi/Pokemon Mystery Dungeon_Nintendo DS_Pokemon Mystery Dungeon Explorers of Time & Pokemon Mystery Dungeon Explorers of Darkness_Amp Plains.mid
looping_gameplay_bgm,Pokemon Mystery Dungeon,Nintendo DS,Pokemon Mystery Dungeon Explorers of Time & Pokemon Mystery Dungeon Explorers of Darkness,Apple Woods,woods,game_midi/Pokemon Mystery Dungeon_Nintendo DS_Pokemon Mystery Dungeon Explorers of Time & Pokemon Mystery Dungeon Explorers of Darkness_Apple Woods.mid
finite_song_or_cue,Pokemon Mystery Dungeon,Nintendo DS,Pokemon Mystery Dungeon Explorers of Time & Pokemon Mystery Dungeon Explorers of Darkness,At the End of the Day,the end,game_midi/Pokemon Mystery Dungeon_Nintendo DS_Pokemon Mystery Dungeon Explorers of Time & Pokemon Mystery Dungeon Explorers of Darkness_At the End of the Day.mid
looping_gameplay_bgm,Pokemon Mystery Dungeon,Nintendo DS,Pokemon Mystery Dungeon Explorers of Time & Pokemon Mystery Dungeon Explorers of Darkness,Beach Cave,"cave, each",game_midi/Pokemon Mystery Dungeon_Nintendo DS_Pokemon Mystery Dungeon Explorers of Time & Pokemon Mystery Dungeon Explorers of Darkness_Beach Cave.mid
ambiguous_other,Pokemon Mystery Dungeon,Nintendo DS,Pokemon Mystery Dungeon Explorers of Time & Pokemon Mystery Dungeon Explorers of Darkness,Dark Crater,,game_midi/Pokemon Mystery Dungeon_Nintendo DS_Pokemon Mystery Dungeon Explorers of Time & Pokemon Mystery Dungeon Explorers of Darkness_Dark Crater.mid
looping_gameplay_bgm,Pokemon Mystery Dungeon,Nintendo DS,Pokemon Mystery Dungeon Explorers of Time & Pokemon Mystery Dungeon Explorers of Darkness,Dusk Forest,forest,game_midi/Pokemon Mystery Dungeon_Nintendo DS_Pokemon Mystery Dungeon Explorers of Time & Pokemon Mystery Dungeon Explorers of Darkness_Dusk Forest.mid
finite_song_or_cue,Pokemon Mystery Dungeon,Nintendo DS,Pokemon Mystery Dungeon Explorers of Time & Pokemon Mystery Dungeon Explorers of Darkness,Ending Theme,"ending, ending theme",game_midi/Pokemon Mystery Dungeon_Nintendo DS_Pokemon Mystery Dungeon Explorers of Time & Pokemon Mystery Dungeon Explorers of Darkness_Ending Theme.mid
finite_song_or_cue,Pokemon Mystery Dungeon,Nintendo DS,Pokemon Mystery Dungeon Explorers of Time & Pokemon Mystery Dungeon Explorers of Darkness,Epilogue Theme,epilogue,game_midi/Pokemon Mystery Dungeon_Nintendo DS_Pokemon Mystery Dungeon Explorers of Time & Pokemon Mystery Dungeon Explorers of Darkness_Epilogue Theme.mid
ambiguous_other,Pokemon Mystery Dungeon,Nintendo DS,Pokemon Mystery Dungeon Explorers of Time & Pokemon Mystery Dungeon Explorers of Darkness,Goodnight,,game_midi/Pokemon Mystery Dungeon_Nintendo DS_Pokemon Mystery Dungeon Explorers of Time & Pokemon Mystery Dungeon Explorers of Darkness_Goodnight.mid
ambiguous_other,Pokemon Mystery Dungeon,Nintendo DS,Pokemon Mystery Dungeon Explorers of Time & Pokemon Mystery Dungeon Explorers of Darkness,Guildmaster Wigglytuff,,game_midi/Pokemon Mystery Dungeon_Nintendo DS_Pokemon Mystery Dungeon Explorers of Time & Pokemon Mystery Dungeon Explorers of Darkness_Guildmaster Wigglytuff.mid
ambiguous_other,Pokemon Mystery Dungeon,Nintendo DS,Pokemon Mystery Dungeon Explorers of Time & Pokemon Mystery Dungeon Explorers of Darkness,Heartwarming,,game_midi/Pokemon Mystery Dungeon_Nintendo DS_Pokemon Mystery Dungeon Explorers of Time & Pokemon Mystery Dungeon Explorers of Darkness_Heartwarming.mid
ambiguous_other,Pokemon Mystery Dungeon,Nintendo DS,Pokemon Mystery Dungeon Explorers of Time & Pokemon Mystery Dungeon Explorers of Darkness,Hidden Highland,,game_midi/Pokemon Mystery Dungeon_Nintendo DS_Pokemon Mystery Dungeon Explorers of Time & Pokemon Mystery Dungeon Explorers of Darkness_Hidden Highland.mid
looping_gameplay_bgm,Pokemon Mystery Dungeon,Nintendo DS,Pokemon Mystery Dungeon Explorers of Time & Pokemon Mystery Dungeon Explorers of Darkness,Hidden Land,land,game_midi/Pokemon Mystery Dungeon_Nintendo DS_Pokemon Mystery Dungeon Explorers of Time & Pokemon Mystery Dungeon Explorers of Darkness_Hidden Land.mid
ambiguous_other,Pokemon Mystery Dungeon,Nintendo DS,Pokemon Mystery Dungeon Explorers of Time & Pokemon Mystery Dungeon Explorers of Darkness,I Dont Want to Say Goodbye,,game_midi/Pokemon Mystery Dungeon_Nintendo DS_Pokemon Mystery Dungeon Explorers of Time & Pokemon Mystery Dungeon Explorers of Darkness_I Dont Want to Say Goodbye.mid
ambiguous_other,Pokemon Mystery Dungeon,Nintendo DS,Pokemon Mystery Dungeon Explorers of Time & Pokemon Mystery Dungeon Explorers of Darkness,In the Hands of Fate,,game_midi/Pokemon Mystery Dungeon_Nintendo DS_Pokemon Mystery Dungeon Explorers of Time & Pokemon Mystery Dungeon Explorers of Darkness_In the Hands of Fate.mid
looping_gameplay_bgm,Pokemon Mystery Dungeon,Nintendo DS,Pokemon Mystery Dungeon Explorers of Time & Pokemon Mystery Dungeon Explorers of Darkness,Lower Brine Cave,cave,game_midi/Pokemon Mystery Dungeon_Nintendo DS_Pokemon Mystery Dungeon Explorers of Time & Pokemon Mystery Dungeon Explorers of Darkness_Lower Brine Cave.mid
ambiguous_other,Pokemon Mystery Dungeon,Nintendo DS,Pokemon Mystery Dungeon Explorers of Time & Pokemon Mystery Dungeon Explorers of Darkness,Mt Bristle,,game_midi/Pokemon Mystery Dungeon_Nintendo DS_Pokemon Mystery Dungeon Explorers of Time & Pokemon Mystery Dungeon Explorers of Darkness_Mt Bristle.mid
ambiguous_other,Pokemon Mystery Dungeon,Nintendo DS,Pokemon Mystery Dungeon Explorers of Time & Pokemon Mystery Dungeon Explorers of Darkness,Oh No!,,game_midi/Pokemon Mystery Dungeon_Nintendo DS_Pokemon Mystery Dungeon Explorers of Time & Pokemon Mystery Dungeon Explorers of Darkness_Oh No!.mid
looping_gameplay_bgm,Pokemon Mystery Dungeon,Nintendo DS,Pokemon Mystery Dungeon Explorers of Time & Pokemon Mystery Dungeon Explorers of Darkness,On the Beach at Dusk,each,game_midi/Pokemon Mystery Dungeon_Nintendo DS_Pokemon Mystery Dungeon Explorers of Time & Pokemon Mystery Dungeon Explorers of Darkness_On the Beach at Dusk.mid
ambiguous_other,Pokemon Mystery Dungeon,Nintendo DS,Pokemon Mystery Dungeon Explorers of Time & Pokemon Mystery Dungeon Explorers of Darkness,Palkias Onslaught,,game_midi/Pokemon Mystery Dungeon_Nintendo DS_Pokemon Mystery Dungeon Explorers of Time & Pokemon Mystery Dungeon Explorers of Darkness_Palkias Onslaught.mid
looping_gameplay_bgm,Pokemon Mystery Dungeon,Nintendo DS,Pokemon Mystery Dungeon Explorers of Time & Pokemon Mystery Dungeon Explorers of Darkness,Pelippers Island,island,game_midi/Pokemon Mystery Dungeon_Nintendo DS_Pokemon Mystery Dungeon Explorers of Time & Pokemon Mystery Dungeon Explorers of Darkness_Pelippers Island.mid
ambiguous_other,Pokemon Mystery Dungeon,Nintendo DS,Pokemon Mystery Dungeon Explorers of Time & Pokemon Mystery Dungeon Explorers of Darkness,Sealed Ruin Pit,,game_midi/Pokemon Mystery Dungeon_Nintendo DS_Pokemon Mystery Dungeon Explorers of Time & Pokemon Mystery Dungeon Explorers of Darkness_Sealed Ruin Pit.mid
looping_gameplay_bgm,Pokemon Mystery Dungeon,Nintendo DS,Pokemon Mystery Dungeon Explorers of Time & Pokemon Mystery Dungeon Explorers of Darkness,Steam Cave,cave,game_midi/Pokemon Mystery Dungeon_Nintendo DS_Pokemon Mystery Dungeon Explorers of Time & Pokemon Mystery Dungeon Explorers of Darkness_Steam Cave.mid
ambiguous_other,Pokemon Mystery Dungeon,Nintendo DS,Pokemon Mystery Dungeon Explorers of Time & Pokemon Mystery Dungeon Explorers of Darkness,Temporal Spire,,game_midi/Pokemon Mystery Dungeon_Nintendo DS_Pokemon Mystery Dungeon Explorers of Time & Pokemon Mystery Dungeon Explorers of Darkness_Temporal Spire.mid
looping_gameplay_bgm,Pokemon Mystery Dungeon,Nintendo DS,Pokemon Mystery Dungeon Explorers of Time & Pokemon Mystery Dungeon Explorers of Darkness,Temporal Tower,tower,game_midi/Pokemon Mystery Dungeon_Nintendo DS_Pokemon Mystery Dungeon Explorers of Time & Pokemon Mystery Dungeon Explorers of Darkness_Temporal Tower.mid
ambiguous_other,Pokemon Mystery Dungeon,Nintendo DS,Pokemon Mystery Dungeon Explorers of Time & Pokemon Mystery Dungeon Explorers of Darkness,The Gatekeepers,,game_midi/Pokemon Mystery Dungeon_Nintendo DS_Pokemon Mystery Dungeon Explorers of Time & Pokemon Mystery Dungeon Explorers of Darkness_The Gatekeepers.mid
ambiguous_other,Pokemon Mystery Dungeon,Nintendo DS,Pokemon Mystery Dungeon Explorers of Time & Pokemon Mystery Dungeon Explorers of Darkness,Time Gear Remix,,game_midi/Pokemon Mystery Dungeon_Nintendo DS_Pokemon Mystery Dungeon Explorers of Time & Pokemon Mystery Dungeon Explorers of Darkness_Time Gear Remix.mid
ambiguous_other,Pokemon Mystery Dungeon,Nintendo DS,Pokemon Mystery Dungeon Explorers of Time & Pokemon Mystery Dungeon Explorers of Darkness,Wigglytuffs Guild,,game_midi/Pokemon Mystery Dungeon_Nintendo DS_Pokemon Mystery Dungeon Explorers of Time & Pokemon Mystery Dungeon Explorers of Darkness_Wigglytuffs Guild.mid
looping_gameplay_bgm,Pokemon,Game Boy Advance,Pokemon Emerald Version,Battle Pike,attle!?,game_midi/Pokemon_Game Boy Advance_Pokemon Emerald Version_Battle Pike.mid
finite_song_or_cue,Pokemon,Game Boy Advance,Pokemon Emerald Version,Rayquaza Appears!,appears,game_midi/Pokemon_Game Boy Advance_Pokemon Emerald Version_Rayquaza Appears!.mid
finite_song_or_cue,Pokemon,Game Boy Advance,Pokemon FireRed Version & Pokemon LeafGreen Version,Ending Theme,"ending, ending theme",game_midi/Pokemon_Game Boy Advance_Pokemon FireRed Version & Pokemon LeafGreen Version_Ending Theme.mid
looping_gameplay_bgm,Pokemon,Game Boy Advance,Pokemon FireRed Version & Pokemon LeafGreen Version,Pallet Town Theme,town,game_midi/Pokemon_Game Boy Advance_Pokemon FireRed Version & Pokemon LeafGreen Version_Pallet Town Theme.mid
looping_gameplay_bgm,Pokemon,Game Boy Advance,Pokemon Ruby Version & Pokemon Sapphire Version,Abandoned Ship,ship,game_midi/Pokemon_Game Boy Advance_Pokemon Ruby Version & Pokemon Sapphire Version_Abandoned Ship.mid
looping_gameplay_bgm,Pokemon,Game Boy Advance,Pokemon Ruby Version & Pokemon Sapphire Version,Battle Tower,"attle!?, tower",game_midi/Pokemon_Game Boy Advance_Pokemon Ruby Version & Pokemon Sapphire Version_Battle Tower.mid
looping_gameplay_bgm,Pokemon,Game Boy Advance,Pokemon Ruby Version & Pokemon Sapphire Version,Battle! (BrendanMay),attle!?,game_midi/Pokemon_Game Boy Advance_Pokemon Ruby Version & Pokemon Sapphire Version_Battle! (BrendanMay).mid
looping_gameplay_bgm,Pokemon,Game Boy Advance,Pokemon Ruby Version & Pokemon Sapphire Version,Battle! (Elite Four),attle!?,game_midi/Pokemon_Game Boy Advance_Pokemon Ruby Version & Pokemon Sapphire Version_Battle! (Elite Four).mid
looping_gameplay_bgm,Pokemon,Game Boy Advance,Pokemon Ruby Version & Pokemon Sapphire Version,Battle! (RegirockRegiceRegisteel),attle!?,game_midi/Pokemon_Game Boy Advance_Pokemon Ruby Version & Pokemon Sapphire Version_Battle! (RegirockRegiceRegisteel).mid
looping_gameplay_bgm,Pokemon,Game Boy Advance,Pokemon Ruby Version & Pokemon Sapphire Version,Battle! (Steven),attle!?,game_midi/Pokemon_Game Boy Advance_Pokemon Ruby Version & Pokemon Sapphire Version_Battle! (Steven).mid
looping_gameplay_bgm,Pokemon,Game Boy Advance,Pokemon Ruby Version & Pokemon Sapphire Version,Battle! (Super-Ancient Pokemon),attle!?,game_midi/Pokemon_Game Boy Advance_Pokemon Ruby Version & Pokemon Sapphire Version_Battle! (Super-Ancient Pokemon).mid
looping_gameplay_bgm,Pokemon,Game Boy Advance,Pokemon Ruby Version & Pokemon Sapphire Version,Battle! (Trainer Battle),attle!?,game_midi/Pokemon_Game Boy Advance_Pokemon Ruby Version & Pokemon Sapphire Version_Battle! (Trainer Battle).mid
looping_gameplay_bgm,Pokemon,Game Boy Advance,Pokemon Ruby Version & Pokemon Sapphire Version,Battle! (Wild Pokemon),attle!?,game_midi/Pokemon_Game Boy Advance_Pokemon Ruby Version & Pokemon Sapphire Version_Battle! (Wild Pokemon).mid
looping_gameplay_bgm,Pokemon,Game Boy Advance,Pokemon Ruby Version & Pokemon Sapphire Version,Crossing the Sea,sea,game_midi/Pokemon_Game Boy Advance_Pokemon Ruby Version & Pokemon Sapphire Version_Crossing the Sea.mid
looping_gameplay_bgm,Pokemon,Game Boy Advance,Pokemon Ruby Version & Pokemon Sapphire Version,Dewford Town,town,game_midi/Pokemon_Game Boy Advance_Pokemon Ruby Version & Pokemon Sapphire Version_Dewford Town.mid
ambiguous_other,Pokemon,Game Boy Advance,Pokemon Ruby Version & Pokemon Sapphire Version,Drought,,game_midi/Pokemon_Game Boy Advance_Pokemon Ruby Version & Pokemon Sapphire Version_Drought.mid
finite_song_or_cue,Pokemon,Game Boy Advance,Pokemon Ruby Version & Pokemon Sapphire Version,Ending Theme,"ending, ending theme",game_midi/Pokemon_Game Boy Advance_Pokemon Ruby Version & Pokemon Sapphire Version_Ending Theme.mid
looping_gameplay_bgm,Pokemon,Game Boy Advance,Pokemon Ruby Version & Pokemon Sapphire Version,Ever Grande City,city,game_midi/Pokemon_Game Boy Advance_Pokemon Ruby Version & Pokemon Sapphire Version_Ever Grande City.mid
looping_gameplay_bgm,Pokemon,Game Boy Advance,Pokemon Ruby Version & Pokemon Sapphire Version,Fallarbor Town,town,game_midi/Pokemon_Game Boy Advance_Pokemon Ruby Version & Pokemon Sapphire Version_Fallarbor Town.mid
looping_gameplay_bgm,Pokemon,Game Boy Advance,Pokemon Ruby Version & Pokemon Sapphire Version,Fortree City,city,game_midi/Pokemon_Game Boy Advance_Pokemon Ruby Version & Pokemon Sapphire Version_Fortree City.mid
ambiguous_likely_loop,Pokemon,Game Boy Advance,Pokemon Ruby Version & Pokemon Sapphire Version,Heavy Rain,rain,game_midi/Pokemon_Game Boy Advance_Pokemon Ruby Version & Pokemon Sapphire Version_Heavy Rain.mid
looping_gameplay_bgm,Pokemon,Game Boy Advance,Pokemon Ruby Version & Pokemon Sapphire Version,Lilycove City,city,game_midi/Pokemon_Game Boy Advance_Pokemon Ruby Version & Pokemon Sapphire Version_Lilycove City.mid
looping_gameplay_bgm,Pokemon,Game Boy Advance,Pokemon Ruby Version & Pokemon Sapphire Version,Littleroot Town,town,game_midi/Pokemon_Game Boy Advance_Pokemon Ruby Version & Pokemon Sapphire Version_Littleroot Town.mid
ambiguous_other,Pokemon,Game Boy Advance,Pokemon Ruby Version & Pokemon Sapphire Version,Mt Pyre Exterior,,game_midi/Pokemon_Game Boy Advance_Pokemon Ruby Version & Pokemon Sapphire Version_Mt Pyre Exterior.mid
ambiguous_other,Pokemon,Game Boy Advance,Pokemon Ruby Version & Pokemon Sapphire Version,Mt Pyre,,game_midi/Pokemon_Game Boy Advance_Pokemon Ruby Version & Pokemon Sapphire Version_Mt Pyre.mid
ambiguous_other,Pokemon,Game Boy Advance,Pokemon Ruby Version & Pokemon Sapphire Version,Museum,,game_midi/Pokemon_Game Boy Advance_Pokemon Ruby Version & Pokemon Sapphire Version_Museum.mid
looping_gameplay_bgm,Pokemon,Game Boy Advance,Pokemon Ruby Version & Pokemon Sapphire Version,Oldale Town,town,game_midi/Pokemon_Game Boy Advance_Pokemon Ruby Version & Pokemon Sapphire Version_Oldale Town.mid
looping_gameplay_bgm,Pokemon,Game Boy Advance,Pokemon Ruby Version & Pokemon Sapphire Version,Petalburg City,city,game_midi/Pokemon_Game Boy Advance_Pokemon Ruby Version & Pokemon Sapphire Version_Petalburg City.mid
looping_gameplay_bgm,Pokemon,Game Boy Advance,Pokemon Ruby Version & Pokemon Sapphire Version,Petalburg Woods,woods,game_midi/Pokemon_Game Boy Advance_Pokemon Ruby Version & Pokemon Sapphire Version_Petalburg Woods.mid
ambiguous_other,Pokemon,Game Boy Advance,Pokemon Ruby Version & Pokemon Sapphire Version,Poke Mart,,game_midi/Pokemon_Game Boy Advance_Pokemon Ruby Version & Pokemon Sapphire Version_Poke Mart.mid
ambiguous_other,Pokemon,Game Boy Advance,Pokemon Ruby Version & Pokemon Sapphire Version,Pokemon Contest!,,game_midi/Pokemon_Game Boy Advance_Pokemon Ruby Version & Pokemon Sapphire Version_Pokemon Contest!.mid
looping_gameplay_bgm,Pokemon,Game Boy Advance,Pokemon Ruby Version & Pokemon Sapphire Version,Route 101,route,game_midi/Pokemon_Game Boy Advance_Pokemon Ruby Version & Pokemon Sapphire Version_Route 101.mid
looping_gameplay_bgm,Pokemon,Game Boy Advance,Pokemon Ruby Version & Pokemon Sapphire Version,Route 104,route,game_midi/Pokemon_Game Boy Advance_Pokemon Ruby Version & Pokemon Sapphire Version_Route 104.mid
looping_gameplay_bgm,Pokemon,Game Boy Advance,Pokemon Ruby Version & Pokemon Sapphire Version,Route 110,route,game_midi/Pokemon_Game Boy Advance_Pokemon Ruby Version & Pokemon Sapphire Version_Route 110.mid
looping_gameplay_bgm,Pokemon,Game Boy Advance,Pokemon Ruby Version & Pokemon Sapphire Version,Route 111,route,game_midi/Pokemon_Game Boy Advance_Pokemon Ruby Version & Pokemon Sapphire Version_Route 111.mid
looping_gameplay_bgm,Pokemon,Game Boy Advance,Pokemon Ruby Version & Pokemon Sapphire Version,Route 120,route,game_midi/Pokemon_Game Boy Advance_Pokemon Ruby Version & Pokemon Sapphire Version_Route 120.mid
looping_gameplay_bgm,Pokemon,Game Boy Advance,Pokemon Ruby Version & Pokemon Sapphire Version,Slateport City,city,game_midi/Pokemon_Game Boy Advance_Pokemon Ruby Version & Pokemon Sapphire Version_Slateport City.mid
looping_gameplay_bgm,Pokemon,Game Boy Advance,Pokemon Ruby Version & Pokemon Sapphire Version,Sootopolis City,city,game_midi/Pokemon_Game Boy Advance_Pokemon Ruby Version & Pokemon Sapphire Version_Sootopolis City.mid
ambiguous_other,Pokemon,Game Boy Advance,Pokemon Ruby Version & Pokemon Sapphire Version,Surf,,game_midi/Pokemon_Game Boy Advance_Pokemon Ruby Version & Pokemon Sapphire Version_Surf.mid
finite_song_or_cue,Pokemon,Game Boy Advance,Pokemon Ruby Version & Pokemon Sapphire Version,The End,the end,game_midi/Pokemon_Game Boy Advance_Pokemon Ruby Version & Pokemon Sapphire Version_The End.mid
looping_gameplay_bgm,Pokemon,Game Boy Advance,Pokemon Ruby Version & Pokemon Sapphire Version,The Trick House,house,game_midi/Pokemon_Game Boy Advance_Pokemon Ruby Version & Pokemon Sapphire Version_The Trick House.mid
ambiguous_other,Pokemon,Game Boy Advance,Pokemon Ruby Version & Pokemon Sapphire Version,Trainers School,,game_midi/Pokemon_Game Boy Advance_Pokemon Ruby Version & Pokemon Sapphire Version_Trainers School.mid
looping_gameplay_bgm,Pokemon,Game Boy Advance,Pokemon Ruby Version & Pokemon Sapphire Version,Verdanturf Town,town,game_midi/Pokemon_Game Boy Advance_Pokemon Ruby Version & Pokemon Sapphire Version_Verdanturf Town.mid
looping_gameplay_bgm,Pokemon,Game Boy Advance,Pokemon Ruby Version & Pokemon Sapphire Version,Victory Road,location exception + road,game_midi/Pokemon_Game Boy Advance_Pokemon Ruby Version & Pokemon Sapphire Version_Victory Road.mid
finite_song_or_cue,Pokemon,Game Boy Advance,Pokemon Ruby Version & Pokemon Sapphire Version,Victory! (Wild Pokemon),victory!?,game_midi/Pokemon_Game Boy Advance_Pokemon Ruby Version & Pokemon Sapphire Version_Victory! (Wild Pokemon).mid
looping_gameplay_bgm,Pokemon,Game Boy Color,Pokemon Card GB2 Here Comes Team GR!,To a New Island,island,game_midi/Pokemon_Game Boy Color_Pokemon Card GB2 Here Comes Team GR!_To a New Island.mid
looping_gameplay_bgm,Pokemon,Game Boy Color,Pokemon Crystal Version,Battle Tower (Johto),"attle!?, tower",game_midi/Pokemon_Game Boy Color_Pokemon Crystal Version_Battle Tower (Johto).mid
looping_gameplay_bgm,Pokemon,Game Boy Color,Pokemon Crystal Version,Battle Tower Reception Desk,"attle!?, tower",game_midi/Pokemon_Game Boy Color_Pokemon Crystal Version_Battle Tower Reception Desk.mid
looping_gameplay_bgm,Pokemon,Game Boy Color,Pokemon Crystal Version,Battle! (Suicune),attle!?,game_midi/Pokemon_Game Boy Color_Pokemon Crystal Version_Battle! (Suicune).mid
ambiguous_other,Pokemon,Game Boy Color,Pokemon Crystal Version,Clair,,game_midi/Pokemon_Game Boy Color_Pokemon Crystal Version_Clair.mid
ambiguous_other,Pokemon,Game Boy Color,Pokemon Crystal Version,Eusine,,game_midi/Pokemon_Game Boy Color_Pokemon Crystal Version_Eusine.mid
ambiguous_other,Pokemon,Game Boy Color,Pokemon Crystal Version,Mobile Adapter 1,,game_midi/Pokemon_Game Boy Color_Pokemon Crystal Version_Mobile Adapter 1.mid
ambiguous_other,Pokemon,Game Boy Color,Pokemon Crystal Version,Mobile Adapter 2,,game_midi/Pokemon_Game Boy Color_Pokemon Crystal Version_Mobile Adapter 2.mid
finite_song_or_cue,Pokemon,Game Boy Color,Pokemon Crystal Version,Opening Movie,opening,game_midi/Pokemon_Game Boy Color_Pokemon Crystal Version_Opening Movie.mid
ambiguous_other,Pokemon,Game Boy Color,Pokemon Crystal Version,Pokegear Radio Buenas Password,,game_midi/Pokemon_Game Boy Color_Pokemon Crystal Version_Pokegear Radio Buenas Password.mid
looping_gameplay_bgm,Pokemon,Game Boy Color,Pokemon Crystal Version,Pokemon Communication Center,center,game_midi/Pokemon_Game Boy Color_Pokemon Crystal Version_Pokemon Communication Center.mid
ambiguous_other,Pokemon,Game Boy Color,Pokemon Crystal Version,Title Screen,,game_midi/Pokemon_Game Boy Color_Pokemon Crystal Version_Title Screen.mid
finite_song_or_cue,Pokemon,Game Boy Color,Pokemon Gold Version & Pokemon Silver Version,A Rival Appears! (Version 2),appears,game_midi/Pokemon_Game Boy Color_Pokemon Gold Version & Pokemon Silver Version_A Rival Appears! (Version 2).mid
finite_song_or_cue,Pokemon,Game Boy Color,Pokemon Gold Version & Pokemon Silver Version,A Rival Appears!,appears,game_midi/Pokemon_Game Boy Color_Pokemon Gold Version & Pokemon Silver Version_A Rival Appears!.mid
ambiguous_other,Pokemon,Game Boy Color,Pokemon Gold Version & Pokemon Silver Version,An Adventure Begins!,,game_midi/Pokemon_Game Boy Color_Pokemon Gold Version & Pokemon Silver Version_An Adventure Begins!.mid
looping_gameplay_bgm,Pokemon,Game Boy Color,Pokemon Gold Version & Pokemon Silver Version,Azalea Town,town,game_midi/Pokemon_Game Boy Color_Pokemon Gold Version & Pokemon Silver Version_Azalea Town.mid
looping_gameplay_bgm,Pokemon,Game Boy Color,Pokemon Gold Version & Pokemon Silver Version,Battle! (Champion),attle!?,game_midi/Pokemon_Game Boy Color_Pokemon Gold Version & Pokemon Silver Version_Battle! (Champion).mid
looping_gameplay_bgm,Pokemon,Game Boy Color,Pokemon Gold Version & Pokemon Silver Version,Battle! (Gym Leader--Johto Version),attle!?,game_midi/Pokemon_Game Boy Color_Pokemon Gold Version & Pokemon Silver Version_Battle! (Gym Leader--Johto Version).mid
looping_gameplay_bgm,Pokemon,Game Boy Color,Pokemon Gold Version & Pokemon Silver Version,Battle! (Gym Leader--Kanto Version),attle!?,game_midi/Pokemon_Game Boy Color_Pokemon Gold Version & Pokemon Silver Version_Battle! (Gym Leader--Kanto Version).mid
looping_gameplay_bgm,Pokemon,Game Boy Color,Pokemon Gold Version & Pokemon Silver Version,Battle! (Rival),attle!?,game_midi/Pokemon_Game Boy Color_Pokemon Gold Version & Pokemon Silver Version_Battle! (Rival).mid
looping_gameplay_bgm,Pokemon,Game Boy Color,Pokemon Gold Version & Pokemon Silver Version,Battle! (Team Rocket),attle!?,game_midi/Pokemon_Game Boy Color_Pokemon Gold Version & Pokemon Silver Version_Battle! (Team Rocket).mid
looping_gameplay_bgm,Pokemon,Game Boy Color,Pokemon Gold Version & Pokemon Silver Version,Battle! (Trainer Battle--Johto Version),attle!?,game_midi/Pokemon_Game Boy Color_Pokemon Gold Version & Pokemon Silver Version_Battle! (Trainer Battle--Johto Version).mid
looping_gameplay_bgm,Pokemon,Game Boy Color,Pokemon Gold Version & Pokemon Silver Version,Battle! (Trainer Battle--Kanto Version),attle!?,game_midi/Pokemon_Game Boy Color_Pokemon Gold Version & Pokemon Silver Version_Battle! (Trainer Battle--Kanto Version).mid
looping_gameplay_bgm,Pokemon,Game Boy Color,Pokemon Gold Version & Pokemon Silver Version,Battle! (Wild Pokemon--Johto Version),attle!?,game_midi/Pokemon_Game Boy Color_Pokemon Gold Version & Pokemon Silver Version_Battle! (Wild Pokemon--Johto Version).mid
ambiguous_other,Pokemon,Game Boy Color,Pokemon Gold Version & Pokemon Silver Version,Bicycle,,game_midi/Pokemon_Game Boy Color_Pokemon Gold Version & Pokemon Silver Version_Bicycle.mid
looping_gameplay_bgm,Pokemon,Game Boy Color,Pokemon Gold Version & Pokemon Silver Version,Burned Tower,tower,game_midi/Pokemon_Game Boy Color_Pokemon Gold Version & Pokemon Silver Version_Burned Tower.mid
looping_gameplay_bgm,Pokemon,Game Boy Color,Pokemon Gold Version & Pokemon Silver Version,Celadon City,city,game_midi/Pokemon_Game Boy Color_Pokemon Gold Version & Pokemon Silver Version_Celadon City.mid
looping_gameplay_bgm,Pokemon,Game Boy Color,Pokemon Gold Version & Pokemon Silver Version,Cherrygrove City,city,game_midi/Pokemon_Game Boy Color_Pokemon Gold Version & Pokemon Silver Version_Cherrygrove City.mid
ambiguous_other,Pokemon,Game Boy Color,Pokemon Gold Version & Pokemon Silver Version,Dragons Den,,game_midi/Pokemon_Game Boy Color_Pokemon Gold Version & Pokemon Silver Version_Dragons Den.mid
looping_gameplay_bgm,Pokemon,Game Boy Color,Pokemon Gold Version & Pokemon Silver Version,Ecruteak City,city,game_midi/Pokemon_Game Boy Color_Pokemon Gold Version & Pokemon Silver Version_Ecruteak City.mid
ambiguous_other,Pokemon,Game Boy Color,Pokemon Gold Version & Pokemon Silver Version,Ecruteak Dance Theater,,game_midi/Pokemon_Game Boy Color_Pokemon Gold Version & Pokemon Silver Version_Ecruteak Dance Theater.mid
looping_gameplay_bgm,Pokemon,Game Boy Color,Pokemon Gold Version & Pokemon Silver Version,Elm Pokemon Lab,lab(oratory)?,game_midi/Pokemon_Game Boy Color_Pokemon Gold Version & Pokemon Silver Version_Elm Pokemon Lab.mid
finite_song_or_cue,Pokemon,Game Boy Color,Pokemon Gold Version & Pokemon Silver Version,Ending,ending,game_midi/Pokemon_Game Boy Color_Pokemon Gold Version & Pokemon Silver Version_Ending.mid
ambiguous_other,Pokemon,Game Boy Color,Pokemon Gold Version & Pokemon Silver Version,Evolution,,game_midi/Pokemon_Game Boy Color_Pokemon Gold Version & Pokemon Silver Version_Evolution.mid
ambiguous_other,Pokemon,Game Boy Color,Pokemon Gold Version & Pokemon Silver Version,Fanfares Collection,,game_midi/Pokemon_Game Boy Color_Pokemon Gold Version & Pokemon Silver Version_Fanfares Collection.mid
looping_gameplay_bgm,Pokemon,Game Boy Color,Pokemon Gold Version & Pokemon Silver Version,Goldenrod City,city,game_midi/Pokemon_Game Boy Color_Pokemon Gold Version & Pokemon Silver Version_Goldenrod City.mid
ambiguous_other,Pokemon,Game Boy Color,Pokemon Gold Version & Pokemon Silver Version,Goldenrod Game Corner,,game_midi/Pokemon_Game Boy Color_Pokemon Gold Version & Pokemon Silver Version_Goldenrod Game Corner.mid
ambiguous_other,Pokemon,Game Boy Color,Pokemon Gold Version & Pokemon Silver Version,Hurry Along 2,,game_midi/Pokemon_Game Boy Color_Pokemon Gold Version & Pokemon Silver Version_Hurry Along 2.mid
ambiguous_other,Pokemon,Game Boy Color,Pokemon Gold Version & Pokemon Silver Version,Ice Path,,game_midi/Pokemon_Game Boy Color_Pokemon Gold Version & Pokemon Silver Version_Ice Path.mid
looping_gameplay_bgm,Pokemon,Game Boy Color,Pokemon Gold Version & Pokemon Silver Version,Lavender Town,town,game_midi/Pokemon_Game Boy Color_Pokemon Gold Version & Pokemon Silver Version_Lavender Town.mid
looping_gameplay_bgm,Pokemon,Game Boy Color,Pokemon Gold Version & Pokemon Silver Version,Mt Moon,moon,game_midi/Pokemon_Game Boy Color_Pokemon Gold Version & Pokemon Silver Version_Mt Moon.mid
looping_gameplay_bgm,Pokemon,Game Boy Color,Pokemon Gold Version & Pokemon Silver Version,National Park,park,game_midi/Pokemon_Game Boy Color_Pokemon Gold Version & Pokemon Silver Version_National Park.mid
looping_gameplay_bgm,Pokemon,Game Boy Color,Pokemon Gold Version & Pokemon Silver Version,New Bark Town,town,game_midi/Pokemon_Game Boy Color_Pokemon Gold Version & Pokemon Silver Version_New Bark Town.mid
ambiguous_other,Pokemon,Game Boy Color,Pokemon Gold Version & Pokemon Silver Version,Olivine Lighthouse,,game_midi/Pokemon_Game Boy Color_Pokemon Gold Version & Pokemon Silver Version_Olivine Lighthouse.mid
finite_song_or_cue,Pokemon,Game Boy Color,Pokemon Gold Version & Pokemon Silver Version,Opening Movie,opening,game_midi/Pokemon_Game Boy Color_Pokemon Gold Version & Pokemon Silver Version_Opening Movie.mid
looping_gameplay_bgm,Pokemon,Game Boy Color,Pokemon Gold Version & Pokemon Silver Version,Pallet Town,town,game_midi/Pokemon_Game Boy Color_Pokemon Gold Version & Pokemon Silver Version_Pallet Town.mid
looping_gameplay_bgm,Pokemon,Game Boy Color,Pokemon Gold Version & Pokemon Silver Version,Pewter City,city,game_midi/Pokemon_Game Boy Color_Pokemon Gold Version & Pokemon Silver Version_Pewter City.mid
ambiguous_other,Pokemon,Game Boy Color,Pokemon Gold Version & Pokemon Silver Version,Pokegear Radio Poke Flute,,game_midi/Pokemon_Game Boy Color_Pokemon Gold Version & Pokemon Silver Version_Pokegear Radio Poke Flute.mid
finite_song_or_cue,Pokemon,Game Boy Color,Pokemon Gold Version & Pokemon Silver Version,Pokegear Radio Pokemon Lullaby,lullaby,game_midi/Pokemon_Game Boy Color_Pokemon Gold Version & Pokemon Silver Version_Pokegear Radio Pokemon Lullaby.mid
ambiguous_other,Pokemon,Game Boy Color,Pokemon Gold Version & Pokemon Silver Version,Pokegear Radio Pokemon March,,game_midi/Pokemon_Game Boy Color_Pokemon Gold Version & Pokemon Silver Version_Pokegear Radio Pokemon March.mid
ambiguous_other,Pokemon,Game Boy Color,Pokemon Gold Version & Pokemon Silver Version,Pokegear Radio Professor Oak's Pokemon Talk,,game_midi/Pokemon_Game Boy Color_Pokemon Gold Version & Pokemon Silver Version_Pokegear Radio Professor Oak's Pokemon Talk.mid
looping_gameplay_bgm,Pokemon,Game Boy Color,Pokemon Gold Version & Pokemon Silver Version,Pokemon Center,center,game_midi/Pokemon_Game Boy Color_Pokemon Gold Version & Pokemon Silver Version_Pokemon Center.mid
ambiguous_other,Pokemon,Game Boy Color,Pokemon Gold Version & Pokemon Silver Version,Pokemon Gym,,game_midi/Pokemon_Game Boy Color_Pokemon Gold Version & Pokemon Silver Version_Pokemon Gym.mid
ambiguous_other,Pokemon,Game Boy Color,Pokemon Gold Version & Pokemon Silver Version,Professor Oak,,game_midi/Pokemon_Game Boy Color_Pokemon Gold Version & Pokemon Silver Version_Professor Oak.mid
looping_gameplay_bgm,Pokemon,Game Boy Color,Pokemon Gold Version & Pokemon Silver Version,Radio Tower Occupied!,tower,game_midi/Pokemon_Game Boy Color_Pokemon Gold Version & Pokemon Silver Version_Radio Tower Occupied!.mid
ambiguous_other,Pokemon,Game Boy Color,Pokemon Gold Version & Pokemon Silver Version,Rock Tunnel,,game_midi/Pokemon_Game Boy Color_Pokemon Gold Version & Pokemon Silver Version_Rock Tunnel.mid
looping_gameplay_bgm,Pokemon,Game Boy Color,Pokemon Gold Version & Pokemon Silver Version,Route 1,route,game_midi/Pokemon_Game Boy Color_Pokemon Gold Version & Pokemon Silver Version_Route 1.mid
looping_gameplay_bgm,Pokemon,Game Boy Color,Pokemon Gold Version & Pokemon Silver Version,Route 11,route,game_midi/Pokemon_Game Boy Color_Pokemon Gold Version & Pokemon Silver Version_Route 11.mid
looping_gameplay_bgm,Pokemon,Game Boy Color,Pokemon Gold Version & Pokemon Silver Version,Route 26,route,game_midi/Pokemon_Game Boy Color_Pokemon Gold Version & Pokemon Silver Version_Route 26.mid
looping_gameplay_bgm,Pokemon,Game Boy Color,Pokemon Gold Version & Pokemon Silver Version,Route 29,route,game_midi/Pokemon_Game Boy Color_Pokemon Gold Version & Pokemon Silver Version_Route 29.mid
looping_gameplay_bgm,Pokemon,Game Boy Color,Pokemon Gold Version & Pokemon Silver Version,Route 3,route,game_midi/Pokemon_Game Boy Color_Pokemon Gold Version & Pokemon Silver Version_Route 3.mid
looping_gameplay_bgm,Pokemon,Game Boy Color,Pokemon Gold Version & Pokemon Silver Version,Route 30,route,game_midi/Pokemon_Game Boy Color_Pokemon Gold Version & Pokemon Silver Version_Route 30.mid
looping_gameplay_bgm,Pokemon,Game Boy Color,Pokemon Gold Version & Pokemon Silver Version,Route 34,route,game_midi/Pokemon_Game Boy Color_Pokemon Gold Version & Pokemon Silver Version_Route 34.mid
looping_gameplay_bgm,Pokemon,Game Boy Color,Pokemon Gold Version & Pokemon Silver Version,Route 38,route,game_midi/Pokemon_Game Boy Color_Pokemon Gold Version & Pokemon Silver Version_Route 38.mid
looping_gameplay_bgm,Pokemon,Game Boy Color,Pokemon Gold Version & Pokemon Silver Version,Route 42,route,game_midi/Pokemon_Game Boy Color_Pokemon Gold Version & Pokemon Silver Version_Route 42.mid
looping_gameplay_bgm,Pokemon,Game Boy Color,Pokemon Gold Version & Pokemon Silver Version,Ruins of Alph,ruins,game_midi/Pokemon_Game Boy Color_Pokemon Gold Version & Pokemon Silver Version_Ruins of Alph.mid
ambiguous_other,Pokemon,Game Boy Color,Pokemon Gold Version & Pokemon Silver Version,SS Aqua,,game_midi/Pokemon_Game Boy Color_Pokemon Gold Version & Pokemon Silver Version_SS Aqua.mid
looping_gameplay_bgm,Pokemon,Game Boy Color,Pokemon Gold Version & Pokemon Silver Version,Sprout Tower,tower,game_midi/Pokemon_Game Boy Color_Pokemon Gold Version & Pokemon Silver Version_Sprout Tower.mid
ambiguous_other,Pokemon,Game Boy Color,Pokemon Gold Version & Pokemon Silver Version,Surf,,game_midi/Pokemon_Game Boy Color_Pokemon Gold Version & Pokemon Silver Version_Surf.mid
finite_song_or_cue,Pokemon,Game Boy Color,Pokemon Gold Version & Pokemon Silver Version,THE END,the end,game_midi/Pokemon_Game Boy Color_Pokemon Gold Version & Pokemon Silver Version_THE END.mid
looping_gameplay_bgm,Pokemon,Game Boy Color,Pokemon Gold Version & Pokemon Silver Version,Team Rocket HQ,hq,game_midi/Pokemon_Game Boy Color_Pokemon Gold Version & Pokemon Silver Version_Team Rocket HQ.mid
ambiguous_other,Pokemon,Game Boy Color,Pokemon Gold Version & Pokemon Silver Version,The Bug-Catching Contest,,game_midi/Pokemon_Game Boy Color_Pokemon Gold Version & Pokemon Silver Version_The Bug-Catching Contest.mid
looping_gameplay_bgm,Pokemon,Game Boy Color,Pokemon Gold Version & Pokemon Silver Version,The Hall of Fame,hall,game_midi/Pokemon_Game Boy Color_Pokemon Gold Version & Pokemon Silver Version_The Hall of Fame.mid
ambiguous_other,Pokemon,Game Boy Color,Pokemon Gold Version & Pokemon Silver Version,The Pokemon League,,game_midi/Pokemon_Game Boy Color_Pokemon Gold Version & Pokemon Silver Version_The Pokemon League.mid
looping_gameplay_bgm,Pokemon,Game Boy Color,Pokemon Gold Version & Pokemon Silver Version,Tin Tower,tower,game_midi/Pokemon_Game Boy Color_Pokemon Gold Version & Pokemon Silver Version_Tin Tower.mid
ambiguous_other,Pokemon,Game Boy Color,Pokemon Gold Version & Pokemon Silver Version,Title Screen,,game_midi/Pokemon_Game Boy Color_Pokemon Gold Version & Pokemon Silver Version_Title Screen.mid
ambiguous_other,Pokemon,Game Boy Color,Pokemon Gold Version & Pokemon Silver Version,Trainers Eyes Meet (Boy 1),,game_midi/Pokemon_Game Boy Color_Pokemon Gold Version & Pokemon Silver Version_Trainers Eyes Meet (Boy 1).mid
ambiguous_other,Pokemon,Game Boy Color,Pokemon Gold Version & Pokemon Silver Version,Trainers Eyes Meet (Girl 1),,game_midi/Pokemon_Game Boy Color_Pokemon Gold Version & Pokemon Silver Version_Trainers Eyes Meet (Girl 1).mid
ambiguous_other,Pokemon,Game Boy Color,Pokemon Gold Version & Pokemon Silver Version,Trainers Eyes Meet (Girl 2),,game_midi/Pokemon_Game Boy Color_Pokemon Gold Version & Pokemon Silver Version_Trainers Eyes Meet (Girl 2).mid
ambiguous_other,Pokemon,Game Boy Color,Pokemon Gold Version & Pokemon Silver Version,Trainers Eyes Meet (Kimono Girl),,game_midi/Pokemon_Game Boy Color_Pokemon Gold Version & Pokemon Silver Version_Trainers Eyes Meet (Kimono Girl).mid
ambiguous_other,Pokemon,Game Boy Color,Pokemon Gold Version & Pokemon Silver Version,Trainers Eyes Meet (Sage),,game_midi/Pokemon_Game Boy Color_Pokemon Gold Version & Pokemon Silver Version_Trainers Eyes Meet (Sage).mid
ambiguous_other,Pokemon,Game Boy Color,Pokemon Gold Version & Pokemon Silver Version,Trainers Eyes Meet (Suspicious Figure 1),,game_midi/Pokemon_Game Boy Color_Pokemon Gold Version & Pokemon Silver Version_Trainers Eyes Meet (Suspicious Figure 1).mid
ambiguous_other,Pokemon,Game Boy Color,Pokemon Gold Version & Pokemon Silver Version,Trainers Eyes Meet (Suspicious Figure 2),,game_midi/Pokemon_Game Boy Color_Pokemon Gold Version & Pokemon Silver Version_Trainers Eyes Meet (Suspicious Figure 2).mid
ambiguous_other,Pokemon,Game Boy Color,Pokemon Gold Version & Pokemon Silver Version,Trainers Eyes Meet (Team Rocket),,game_midi/Pokemon_Game Boy Color_Pokemon Gold Version & Pokemon Silver Version_Trainers Eyes Meet (Team Rocket).mid
looping_gameplay_bgm,Pokemon,Game Boy Color,Pokemon Gold Version & Pokemon Silver Version,Union Cave,cave,game_midi/Pokemon_Game Boy Color_Pokemon Gold Version & Pokemon Silver Version_Union Cave.mid
looping_gameplay_bgm,Pokemon,Game Boy Color,Pokemon Gold Version & Pokemon Silver Version,Vermilion City,city,game_midi/Pokemon_Game Boy Color_Pokemon Gold Version & Pokemon Silver Version_Vermilion City.mid
looping_gameplay_bgm,Pokemon,Game Boy Color,Pokemon Gold Version & Pokemon Silver Version,Victory Road,location exception + road,game_midi/Pokemon_Game Boy Color_Pokemon Gold Version & Pokemon Silver Version_Victory Road.mid
finite_song_or_cue,Pokemon,Game Boy Color,Pokemon Gold Version & Pokemon Silver Version,Victory! (Gym Leader),victory!?,game_midi/Pokemon_Game Boy Color_Pokemon Gold Version & Pokemon Silver Version_Victory! (Gym Leader).mid
finite_song_or_cue,Pokemon,Game Boy Color,Pokemon Gold Version & Pokemon Silver Version,Victory! (Trainer Battle),victory!?,game_midi/Pokemon_Game Boy Color_Pokemon Gold Version & Pokemon Silver Version_Victory! (Trainer Battle).mid
finite_song_or_cue,Pokemon,Game Boy Color,Pokemon Gold Version & Pokemon Silver Version,Victory! (Wild Pokemon),victory!?,game_midi/Pokemon_Game Boy Color_Pokemon Gold Version & Pokemon Silver Version_Victory! (Wild Pokemon).mid
looping_gameplay_bgm,Pokemon,Game Boy Color,Pokemon Gold Version & Pokemon Silver Version,Violet City,city,game_midi/Pokemon_Game Boy Color_Pokemon Gold Version & Pokemon Silver Version_Violet City.mid
looping_gameplay_bgm,Pokemon,Game Boy Color,Pokemon Gold Version & Pokemon Silver Version,Viridian Forest,forest,game_midi/Pokemon_Game Boy Color_Pokemon Gold Version & Pokemon Silver Version_Viridian Forest.mid
looping_gameplay_bgm,Pokemon,Game Boy Color,Pokemon Pinball,Catch Em and Evolution Mode in Red Field,field,game_midi/Pokemon_Game Boy Color_Pokemon Pinball_Catch Em and Evolution Mode in Red Field.mid
looping_gameplay_bgm,Pokemon,Game Boy Color,Pokemon Pinball,Field Select,"field, select",game_midi/Pokemon_Game Boy Color_Pokemon Pinball_Field Select.mid
ambiguous_other,Pokemon,Game Boy Color,Pokemon Pinball,Gastly in the Graveyard,,game_midi/Pokemon_Game Boy Color_Pokemon Pinball_Gastly in the Graveyard.mid
ambiguous_other,Pokemon,Game Boy Color,Pokemon Pinball,Haunter in the Graveyard,,game_midi/Pokemon_Game Boy Color_Pokemon Pinball_Haunter in the Graveyard.mid
ambiguous_other,Pokemon,Game Boy Color,Pokemon Pinball,Options,,game_midi/Pokemon_Game Boy Color_Pokemon Pinball_Options.mid
ambiguous_other,Pokemon,Game Boy Color,Pokemon Pinball,Pokedex,,game_midi/Pokemon_Game Boy Color_Pokemon Pinball_Pokedex.mid
looping_gameplay_bgm,Pokemon,Game Boy Color,Pokemon Pinball,Red Field Theme,field,game_midi/Pokemon_Game Boy Color_Pokemon Pinball_Red Field Theme.mid
ambiguous_other,Pokemon,Game Boy Color,Pokemon Pinball,Title Screen,,game_midi/Pokemon_Game Boy Color_Pokemon Pinball_Title Screen.mid
ambiguous_other,Pokemon,Game Boy Color,Pokemon Trading Card Game,Title Screen,,game_midi/Pokemon_Game Boy Color_Pokemon Trading Card Game_Title Screen.mid
ambiguous_other,Pokemon,Game Boy Color,Pokemon Trading Card Game,"Water, Rock, and Psychic Clubs",,"game_midi/Pokemon_Game Boy Color_Pokemon Trading Card Game_Water, Rock, and Psychic Clubs.mid"
finite_song_or_cue,Pokemon,Game Boy,Pokemon Red Version & Pokemon Blue Version,A Rival Appears,appears,game_midi/Pokemon_Game Boy_Pokemon Red Version & Pokemon Blue Version_A Rival Appears.mid
looping_gameplay_bgm,Pokemon,Game Boy,Pokemon Red Version & Pokemon Blue Version,Battle! (Gym Leader Battle),attle!?,game_midi/Pokemon_Game Boy_Pokemon Red Version & Pokemon Blue Version_Battle! (Gym Leader Battle).mid
looping_gameplay_bgm,Pokemon,Game Boy,Pokemon Red Version & Pokemon Blue Version,Battle! (Trainer Battle),attle!?,game_midi/Pokemon_Game Boy_Pokemon Red Version & Pokemon Blue Version_Battle! (Trainer Battle).mid
looping_gameplay_bgm,Pokemon,Game Boy,Pokemon Red Version & Pokemon Blue Version,Battle! (Wild Pokemon),attle!?,game_midi/Pokemon_Game Boy_Pokemon Red Version & Pokemon Blue Version_Battle! (Wild Pokemon).mid
looping_gameplay_bgm,Pokemon,Game Boy,Pokemon Red Version & Pokemon Blue Version,Caves of Mt Moon,moon,game_midi/Pokemon_Game Boy_Pokemon Red Version & Pokemon Blue Version_Caves of Mt Moon.mid
looping_gameplay_bgm,Pokemon,Game Boy,Pokemon Red Version & Pokemon Blue Version,Celadon City Theme,city,game_midi/Pokemon_Game Boy_Pokemon Red Version & Pokemon Blue Version_Celadon City Theme.mid
looping_gameplay_bgm,Pokemon,Game Boy,Pokemon Red Version & Pokemon Blue Version,Cinnabar Island Theme,island,game_midi/Pokemon_Game Boy_Pokemon Red Version & Pokemon Blue Version_Cinnabar Island Theme.mid
ambiguous_other,Pokemon,Game Boy,Pokemon Red Version & Pokemon Blue Version,Cycling,,game_midi/Pokemon_Game Boy_Pokemon Red Version & Pokemon Blue Version_Cycling.mid
finite_song_or_cue,Pokemon,Game Boy,Pokemon Red Version & Pokemon Blue Version,Ending Theme,"ending, ending theme",game_midi/Pokemon_Game Boy_Pokemon Red Version & Pokemon Blue Version_Ending Theme.mid
ambiguous_other,Pokemon,Game Boy,Pokemon Red Version & Pokemon Blue Version,Evolution,,game_midi/Pokemon_Game Boy_Pokemon Red Version & Pokemon Blue Version_Evolution.mid
ambiguous_other,Pokemon,Game Boy,Pokemon Red Version & Pokemon Blue Version,Fanfares Collection,,game_midi/Pokemon_Game Boy_Pokemon Red Version & Pokemon Blue Version_Fanfares Collection.mid
looping_gameplay_bgm,Pokemon,Game Boy,Pokemon Red Version & Pokemon Blue Version,Final Battle! (Rival),attle!?,game_midi/Pokemon_Game Boy_Pokemon Red Version & Pokemon Blue Version_Final Battle! (Rival).mid
looping_gameplay_bgm,Pokemon,Game Boy,Pokemon Red Version & Pokemon Blue Version,Fuchsia City Theme,city,game_midi/Pokemon_Game Boy_Pokemon Red Version & Pokemon Blue Version_Fuchsia City Theme.mid
ambiguous_other,Pokemon,Game Boy,Pokemon Red Version & Pokemon Blue Version,Guide,,game_midi/Pokemon_Game Boy_Pokemon Red Version & Pokemon Blue Version_Guide.mid
looping_gameplay_bgm,Pokemon,Game Boy,Pokemon Red Version & Pokemon Blue Version,Hall of Fame,hall,game_midi/Pokemon_Game Boy_Pokemon Red Version & Pokemon Blue Version_Hall of Fame.mid
looping_gameplay_bgm,Pokemon,Game Boy,Pokemon Red Version & Pokemon Blue Version,Lavender Town Theme,town,game_midi/Pokemon_Game Boy_Pokemon Red Version & Pokemon Blue Version_Lavender Town Theme.mid
looping_gameplay_bgm,Pokemon,Game Boy,Pokemon Red Version & Pokemon Blue Version,Pallet Town Theme,town,game_midi/Pokemon_Game Boy_Pokemon Red Version & Pokemon Blue Version_Pallet Town Theme.mid
looping_gameplay_bgm,Pokemon,Game Boy,Pokemon Red Version & Pokemon Blue Version,Pewter City Theme,city,game_midi/Pokemon_Game Boy_Pokemon Red Version & Pokemon Blue Version_Pewter City Theme.mid
looping_gameplay_bgm,Pokemon,Game Boy,Pokemon Red Version & Pokemon Blue Version,Pokemon Center,center,game_midi/Pokemon_Game Boy_Pokemon Red Version & Pokemon Blue Version_Pokemon Center.mid
ambiguous_other,Pokemon,Game Boy,Pokemon Red Version & Pokemon Blue Version,Pokemon Gym,,game_midi/Pokemon_Game Boy_Pokemon Red Version & Pokemon Blue Version_Pokemon Gym.mid
looping_gameplay_bgm,Pokemon,Game Boy,Pokemon Red Version & Pokemon Blue Version,Pokemon Mansion,mansion,game_midi/Pokemon_Game Boy_Pokemon Red Version & Pokemon Blue Version_Pokemon Mansion.mid
looping_gameplay_bgm,Pokemon,Game Boy,Pokemon Red Version & Pokemon Blue Version,Pokemon Tower,tower,game_midi/Pokemon_Game Boy_Pokemon Red Version & Pokemon Blue Version_Pokemon Tower.mid
ambiguous_other,Pokemon,Game Boy,Pokemon Red Version & Pokemon Blue Version,Professor Oak,,game_midi/Pokemon_Game Boy_Pokemon Red Version & Pokemon Blue Version_Professor Oak.mid
looping_gameplay_bgm,Pokemon,Game Boy,Pokemon Red Version & Pokemon Blue Version,Professor Oaks Laboratory,lab(oratory)?,game_midi/Pokemon_Game Boy_Pokemon Red Version & Pokemon Blue Version_Professor Oaks Laboratory.mid
looping_gameplay_bgm,Pokemon,Game Boy,Pokemon Red Version & Pokemon Blue Version,Road to Bills House Leaving Cerulean City,"road, city, house",game_midi/Pokemon_Game Boy_Pokemon Red Version & Pokemon Blue Version_Road to Bills House Leaving Cerulean City.mid
looping_gameplay_bgm,Pokemon,Game Boy,Pokemon Red Version & Pokemon Blue Version,Road to Cerulean City Leaving Mt Moon,"road, city, moon",game_midi/Pokemon_Game Boy_Pokemon Red Version & Pokemon Blue Version_Road to Cerulean City Leaving Mt Moon.mid
looping_gameplay_bgm,Pokemon,Game Boy,Pokemon Red Version & Pokemon Blue Version,Road to Fuchsia City Leaving Lavender Town,"road, town, city",game_midi/Pokemon_Game Boy_Pokemon Red Version & Pokemon Blue Version_Road to Fuchsia City Leaving Lavender Town.mid
looping_gameplay_bgm,Pokemon,Game Boy,Pokemon Red Version & Pokemon Blue Version,Road to Viridian City Leaving Pallet Town,"road, town, city",game_midi/Pokemon_Game Boy_Pokemon Red Version & Pokemon Blue Version_Road to Viridian City Leaving Pallet Town.mid
ambiguous_other,Pokemon,Game Boy,Pokemon Red Version & Pokemon Blue Version,Rocket Game Corner,,game_midi/Pokemon_Game Boy_Pokemon Red Version & Pokemon Blue Version_Rocket Game Corner.mid
looping_gameplay_bgm,Pokemon,Game Boy,Pokemon Red Version & Pokemon Blue Version,Rocket Hideout,hideout,game_midi/Pokemon_Game Boy_Pokemon Red Version & Pokemon Blue Version_Rocket Hideout.mid
ambiguous_other,Pokemon,Game Boy,Pokemon Red Version & Pokemon Blue Version,Silph Co,,game_midi/Pokemon_Game Boy_Pokemon Red Version & Pokemon Blue Version_Silph Co.mid
looping_gameplay_bgm,Pokemon,Game Boy,Pokemon Red Version & Pokemon Blue Version,The Final Road,road,game_midi/Pokemon_Game Boy_Pokemon Red Version & Pokemon Blue Version_The Final Road.mid
ambiguous_other,Pokemon,Game Boy,Pokemon Red Version & Pokemon Blue Version,The SS Anne,,game_midi/Pokemon_Game Boy_Pokemon Red Version & Pokemon Blue Version_The SS Anne.mid
looping_gameplay_bgm,Pokemon,Game Boy,Pokemon Red Version & Pokemon Blue Version,The Sea,sea,game_midi/Pokemon_Game Boy_Pokemon Red Version & Pokemon Blue Version_The Sea.mid
ambiguous_other,Pokemon,Game Boy,Pokemon Red Version & Pokemon Blue Version,Title Screen,,game_midi/Pokemon_Game Boy_Pokemon Red Version & Pokemon Blue Version_Title Screen.mid
looping_gameplay_bgm,Pokemon,Game Boy,Pokemon Red Version & Pokemon Blue Version,Vermilion City Theme,city,game_midi/Pokemon_Game Boy_Pokemon Red Version & Pokemon Blue Version_Vermilion City Theme.mid
finite_song_or_cue,Pokemon,Game Boy,Pokemon Red Version & Pokemon Blue Version,Victory! (Gym Leader Battle),victory!?,game_midi/Pokemon_Game Boy_Pokemon Red Version & Pokemon Blue Version_Victory! (Gym Leader Battle).mid
finite_song_or_cue,Pokemon,Game Boy,Pokemon Red Version & Pokemon Blue Version,Victory! (Trainer Battle),victory!?,game_midi/Pokemon_Game Boy_Pokemon Red Version & Pokemon Blue Version_Victory! (Trainer Battle).mid
finite_song_or_cue,Pokemon,Game Boy,Pokemon Red Version & Pokemon Blue Version,Victory! (Wild Pokemon),victory!?,game_midi/Pokemon_Game Boy_Pokemon Red Version & Pokemon Blue Version_Victory! (Wild Pokemon).mid
looping_gameplay_bgm,Pokemon,Game Boy,Pokemon Red Version & Pokemon Blue Version,Viridian Forest,forest,game_midi/Pokemon_Game Boy_Pokemon Red Version & Pokemon Blue Version_Viridian Forest.mid
ambiguous_other,Pokemon,Game Boy,Pokemon Yellow Version,Jessie & James Appear,,game_midi/Pokemon_Game Boy_Pokemon Yellow Version_Jessie & James Appear.mid
finite_song_or_cue,Pokemon,Game Boy,Pokemon Yellow Version,Opening Movie,opening,game_midi/Pokemon_Game Boy_Pokemon Yellow Version_Opening Movie.mid
looping_gameplay_bgm,Pokemon,Game Boy,Pokemon Yellow Version,Pikachus Beach,each,game_midi/Pokemon_Game Boy_Pokemon Yellow Version_Pikachus Beach.mid
ambiguous_other,Pokemon,Game Boy,Pokemon Yellow Version,Printer Error,,game_midi/Pokemon_Game Boy_Pokemon Yellow Version_Printer Error.mid
looping_gameplay_bgm,Pokemon,Game Boy,Pokemon Yellow Version,Unused Track,track,game_midi/Pokemon_Game Boy_Pokemon Yellow Version_Unused Track.mid
looping_gameplay_bgm,Pokemon,Mobile,Pokemon GO,Battle! (Wild Pokemon),attle!?,game_midi/Pokemon_Mobile_Pokemon GO_Battle! (Wild Pokemon).mid
ambiguous_likely_loop,Pokemon,Mobile,Pokemon GO,Main Theme,theme,game_midi/Pokemon_Mobile_Pokemon GO_Main Theme.mid
looping_gameplay_bgm,Pokemon,Mobile,Pokemon GO,Walking (Map Theme),map,game_midi/Pokemon_Mobile_Pokemon GO_Walking (Map Theme).mid
looping_gameplay_bgm,Pokemon,Mobile,Pokemon Masters EX,Battle! (Champions CynthiaLanceSteven),attle!?,game_midi/Pokemon_Mobile_Pokemon Masters EX_Battle! (Champions CynthiaLanceSteven).mid
ambiguous_likely_loop,Pokemon,Nintendo 3DS,Pokemon Omega Ruby & Pokemon Alpha Sapphire,Leaders Theme (Team MagmaTeam Aqua),theme,game_midi/Pokemon_Nintendo 3DS_Pokemon Omega Ruby & Pokemon Alpha Sapphire_Leaders Theme (Team MagmaTeam Aqua).mid
ambiguous_other,Pokemon,Nintendo 3DS,Pokemon Omega Ruby & Pokemon Alpha Sapphire,Lets Go Home,,game_midi/Pokemon_Nintendo 3DS_Pokemon Omega Ruby & Pokemon Alpha Sapphire_Lets Go Home.mid
looping_gameplay_bgm,Pokemon,Nintendo 3DS,Pokemon Omega Ruby & Pokemon Alpha Sapphire,Lilycove City,city,game_midi/Pokemon_Nintendo 3DS_Pokemon Omega Ruby & Pokemon Alpha Sapphire_Lilycove City.mid
ambiguous_other,Pokemon,Nintendo 3DS,Pokemon Omega Ruby & Pokemon Alpha Sapphire,Soaring Illusions,,game_midi/Pokemon_Nintendo 3DS_Pokemon Omega Ruby & Pokemon Alpha Sapphire_Soaring Illusions.mid
ambiguous_likely_loop,Pokemon,Nintendo 3DS,Pokemon Omega Ruby & Pokemon Alpha Sapphire,Strains of a New Beginning -Theme of Oras-,theme,game_midi/Pokemon_Nintendo 3DS_Pokemon Omega Ruby & Pokemon Alpha Sapphire_Strains of a New Beginning -Theme of Oras-.mid
ambiguous_other,Pokemon,Nintendo 3DS,Pokemon Omega Ruby & Pokemon Alpha Sapphire,The Lament of Falling Stars,,game_midi/Pokemon_Nintendo 3DS_Pokemon Omega Ruby & Pokemon Alpha Sapphire_The Lament of Falling Stars.mid
ambiguous_other,Pokemon,Nintendo 3DS,Pokemon Omega Ruby & Pokemon Alpha Sapphire,Trainers Eyes Meet (Poke Fan),,game_midi/Pokemon_Nintendo 3DS_Pokemon Omega Ruby & Pokemon Alpha Sapphire_Trainers Eyes Meet (Poke Fan).mid
looping_gameplay_bgm,Pokemon,Nintendo 3DS,Pokemon Picross,Stage (Picross),stage,game_midi/Pokemon_Nintendo 3DS_Pokemon Picross_Stage (Picross).mid
looping_gameplay_bgm,Pokemon,Nintendo 3DS,Pokemon Rumble Blast,Dark Rust Battle,attle!?,game_midi/Pokemon_Nintendo 3DS_Pokemon Rumble Blast_Dark Rust Battle.mid
looping_gameplay_bgm,Pokemon,Nintendo 3DS,Pokemon Rumble Blast,Northerly Town,town,game_midi/Pokemon_Nintendo 3DS_Pokemon Rumble Blast_Northerly Town.mid
looping_gameplay_bgm,Pokemon,Nintendo 3DS,Pokemon Sun & Pokemon Moon,Battle! (Team Skull Admin),attle!?,game_midi/Pokemon_Nintendo 3DS_Pokemon Sun & Pokemon Moon_Battle! (Team Skull Admin).mid
looping_gameplay_bgm,Pokemon,Nintendo 3DS,Pokemon Sun & Pokemon Moon,Battle! (Team Skull Boss),"attle!?, oss",game_midi/Pokemon_Nintendo 3DS_Pokemon Sun & Pokemon Moon_Battle! (Team Skull Boss).mid
looping_gameplay_bgm,Pokemon,Nintendo 3DS,Pokemon Sun & Pokemon Moon,Battle! (Team Skull),attle!?,game_midi/Pokemon_Nintendo 3DS_Pokemon Sun & Pokemon Moon_Battle! (Team Skull).mid
ambiguous_likely_loop,Pokemon,Nintendo 3DS,Pokemon Sun & Pokemon Moon,Festival Plaza (Night),night,game_midi/Pokemon_Nintendo 3DS_Pokemon Sun & Pokemon Moon_Festival Plaza (Night).mid
looping_gameplay_bgm,Pokemon,Nintendo 3DS,Pokemon Sun & Pokemon Moon,Hauoli City (Night),city,game_midi/Pokemon_Nintendo 3DS_Pokemon Sun & Pokemon Moon_Hauoli City (Night).mid
looping_gameplay_bgm,Pokemon,Nintendo 3DS,Pokemon Sun & Pokemon Moon,Heahea City (Night),city,game_midi/Pokemon_Nintendo 3DS_Pokemon Sun & Pokemon Moon_Heahea City (Night).mid
looping_gameplay_bgm,Pokemon,Nintendo 3DS,Pokemon Sun & Pokemon Moon,Iki Town (Night),town,game_midi/Pokemon_Nintendo 3DS_Pokemon Sun & Pokemon Moon_Iki Town (Night).mid
ambiguous_likely_loop,Pokemon,Nintendo 3DS,Pokemon Sun & Pokemon Moon,Lillies Theme,theme,game_midi/Pokemon_Nintendo 3DS_Pokemon Sun & Pokemon Moon_Lillies Theme.mid
ambiguous_other,Pokemon,Nintendo 3DS,Pokemon Sun & Pokemon Moon,Lonely Lillie,,game_midi/Pokemon_Nintendo 3DS_Pokemon Sun & Pokemon Moon_Lonely Lillie.mid
looping_gameplay_bgm,Pokemon,Nintendo 3DS,Pokemon Sun & Pokemon Moon,Malasada Shop,shop,game_midi/Pokemon_Nintendo 3DS_Pokemon Sun & Pokemon Moon_Malasada Shop.mid
looping_gameplay_bgm,Pokemon,Nintendo 3DS,Pokemon Sun & Pokemon Moon,Malie City (Night),city,game_midi/Pokemon_Nintendo 3DS_Pokemon Sun & Pokemon Moon_Malie City (Night).mid
ambiguous_other,Pokemon,Nintendo 3DS,Pokemon Sun & Pokemon Moon,My Home,,game_midi/Pokemon_Nintendo 3DS_Pokemon Sun & Pokemon Moon_My Home.mid
looping_gameplay_bgm,Pokemon,Nintendo 3DS,Pokemon Sun & Pokemon Moon,Po Town,town,game_midi/Pokemon_Nintendo 3DS_Pokemon Sun & Pokemon Moon_Po Town.mid
ambiguous_other,Pokemon,Nintendo 3DS,Pokemon Sun & Pokemon Moon,Trainers School,,game_midi/Pokemon_Nintendo 3DS_Pokemon Sun & Pokemon Moon_Trainers School.mid
ambiguous_other,Pokemon,Nintendo 3DS,Pokemon X & Pokemon Y,AZ,,game_midi/Pokemon_Nintendo 3DS_Pokemon X & Pokemon Y_AZ.mid
looping_gameplay_bgm,Pokemon,Nintendo 3DS,Pokemon X & Pokemon Y,Anistar City,city,game_midi/Pokemon_Nintendo 3DS_Pokemon X & Pokemon Y_Anistar City.mid
looping_gameplay_bgm,Pokemon,Nintendo 3DS,Pokemon X & Pokemon Y,Battle! (Wild Pokemon),attle!?,game_midi/Pokemon_Nintendo 3DS_Pokemon X & Pokemon Y_Battle! (Wild Pokemon).mid
ambiguous_other,Pokemon,Nintendo 3DS,Pokemon X & Pokemon Y,Bicycle,,game_midi/Pokemon_Nintendo 3DS_Pokemon X & Pokemon Y_Bicycle.mid
ambiguous_other,Pokemon,Nintendo 3DS,Pokemon X & Pokemon Y,Coiffure Clips,,game_midi/Pokemon_Nintendo 3DS_Pokemon X & Pokemon Y_Coiffure Clips.mid
ambiguous_likely_loop,Pokemon,Nintendo 3DS,Pokemon X & Pokemon Y,Emmas Theme,theme,game_midi/Pokemon_Nintendo 3DS_Pokemon X & Pokemon Y_Emmas Theme.mid
ambiguous_other,Pokemon,Nintendo 3DS,Pokemon X & Pokemon Y,FIN,,game_midi/Pokemon_Nintendo 3DS_Pokemon X & Pokemon Y_FIN.mid
ambiguous_other,Pokemon,Nintendo 3DS,Pokemon X & Pokemon Y,Ill Go With You,,game_midi/Pokemon_Nintendo 3DS_Pokemon X & Pokemon Y_Ill Go With You.mid
ambiguous_other,Pokemon,Nintendo 3DS,Pokemon X & Pokemon Y,KISEKI,,game_midi/Pokemon_Nintendo 3DS_Pokemon X & Pokemon Y_KISEKI.mid
looping_gameplay_bgm,Pokemon,Nintendo 3DS,Pokemon X & Pokemon Y,Laverre City,city,game_midi/Pokemon_Nintendo 3DS_Pokemon X & Pokemon Y_Laverre City.mid
looping_gameplay_bgm,Pokemon,Nintendo 3DS,Pokemon X & Pokemon Y,Lumiose City,city,game_midi/Pokemon_Nintendo 3DS_Pokemon X & Pokemon Y_Lumiose City.mid
looping_gameplay_bgm,Pokemon,Nintendo 3DS,Pokemon X & Pokemon Y,Route 1,route,game_midi/Pokemon_Nintendo 3DS_Pokemon X & Pokemon Y_Route 1.mid
looping_gameplay_bgm,Pokemon,Nintendo 3DS,Pokemon X & Pokemon Y,Route 15,route,game_midi/Pokemon_Nintendo 3DS_Pokemon X & Pokemon Y_Route 15.mid
looping_gameplay_bgm,Pokemon,Nintendo 3DS,Pokemon X & Pokemon Y,Route 4,route,game_midi/Pokemon_Nintendo 3DS_Pokemon X & Pokemon Y_Route 4.mid
looping_gameplay_bgm,Pokemon,Nintendo 3DS,Pokemon X & Pokemon Y,Santalune City,city,game_midi/Pokemon_Nintendo 3DS_Pokemon X & Pokemon Y_Santalune City.mid
looping_gameplay_bgm,Pokemon,Nintendo 3DS,Pokemon X & Pokemon Y,The Sycamore Pokemon Lab,lab(oratory)?,game_midi/Pokemon_Nintendo 3DS_Pokemon X & Pokemon Y_The Sycamore Pokemon Lab.mid
ambiguous_other,Pokemon,Nintendo 3DS,Pokemon X & Pokemon Y,Together with Shauna,,game_midi/Pokemon_Nintendo 3DS_Pokemon X & Pokemon Y_Together with Shauna.mid
ambiguous_other,Pokemon,Nintendo 64,Pokemon Snap,A Mysterious Sighting,,game_midi/Pokemon_Nintendo 64_Pokemon Snap_A Mysterious Sighting.mid
finite_song_or_cue,Pokemon,Nintendo 64,Pokemon Snap,Snapshot Lullaby,lullaby,game_midi/Pokemon_Nintendo 64_Pokemon Snap_Snapshot Lullaby.mid
ambiguous_likely_loop,Pokemon,Nintendo DS,Pokemon Black Version & Pokemon White Version,A Day of Beginnings,day,game_midi/Pokemon_Nintendo DS_Pokemon Black Version & Pokemon White Version_A Day of Beginnings.mid
looping_gameplay_bgm,Pokemon,Nintendo DS,Pokemon Black Version & Pokemon White Version,A Tight Spot During Battle!,attle!?,game_midi/Pokemon_Nintendo DS_Pokemon Black Version & Pokemon White Version_A Tight Spot During Battle!.mid
looping_gameplay_bgm,Pokemon,Nintendo DS,Pokemon Black Version & Pokemon White Version,Accumula Town,town,game_midi/Pokemon_Nintendo DS_Pokemon Black Version & Pokemon White Version_Accumula Town.mid
ambiguous_other,Pokemon,Nintendo DS,Pokemon Black Version & Pokemon White Version,An Unwavering Heart,,game_midi/Pokemon_Nintendo DS_Pokemon Black Version & Pokemon White Version_An Unwavering Heart.mid
looping_gameplay_bgm,Pokemon,Nintendo DS,Pokemon Black Version & Pokemon White Version,Battle! (CherenBianca),attle!?,game_midi/Pokemon_Nintendo DS_Pokemon Black Version & Pokemon White Version_Battle! (CherenBianca).mid
looping_gameplay_bgm,Pokemon,Nintendo DS,Pokemon Black Version & Pokemon White Version,Battle! (Elite Four),attle!?,game_midi/Pokemon_Nintendo DS_Pokemon Black Version & Pokemon White Version_Battle! (Elite Four).mid
looping_gameplay_bgm,Pokemon,Nintendo DS,Pokemon Black Version & Pokemon White Version,Battle! (Legendary Pokemon),attle!?,game_midi/Pokemon_Nintendo DS_Pokemon Black Version & Pokemon White Version_Battle! (Legendary Pokemon).mid
looping_gameplay_bgm,Pokemon,Nintendo DS,Pokemon Black Version & Pokemon White Version,Battle! (Team Plasma),attle!?,game_midi/Pokemon_Nintendo DS_Pokemon Black Version & Pokemon White Version_Battle! (Team Plasma).mid
looping_gameplay_bgm,Pokemon,Nintendo DS,Pokemon Black Version & Pokemon White Version,Battle! (Trainer Battle),attle!?,game_midi/Pokemon_Nintendo DS_Pokemon Black Version & Pokemon White Version_Battle! (Trainer Battle).mid
looping_gameplay_bgm,Pokemon,Nintendo DS,Pokemon Black Version & Pokemon White Version,Battle! (Wild Pokemon),attle!?,game_midi/Pokemon_Nintendo DS_Pokemon Black Version & Pokemon White Version_Battle! (Wild Pokemon).mid
ambiguous_other,Pokemon,Nintendo DS,Pokemon Black Version & Pokemon White Version,Bicycle,,game_midi/Pokemon_Nintendo DS_Pokemon Black Version & Pokemon White Version_Bicycle.mid
looping_gameplay_bgm,Pokemon,Nintendo DS,Pokemon Black Version & Pokemon White Version,Castelia City,city,game_midi/Pokemon_Nintendo DS_Pokemon Black Version & Pokemon White Version_Castelia City.mid
ambiguous_other,Pokemon,Nintendo DS,Pokemon Black Version & Pokemon White Version,Champion Alder,,game_midi/Pokemon_Nintendo DS_Pokemon Black Version & Pokemon White Version_Champion Alder.mid
ambiguous_likely_loop,Pokemon,Nintendo DS,Pokemon Black Version & Pokemon White Version,Coronation Day,day,game_midi/Pokemon_Nintendo DS_Pokemon Black Version & Pokemon White Version_Coronation Day.mid
looping_gameplay_bgm,Pokemon,Nintendo DS,Pokemon Black Version & Pokemon White Version,Dragonspiral Tower,tower,game_midi/Pokemon_Nintendo DS_Pokemon Black Version & Pokemon White Version_Dragonspiral Tower.mid
looping_gameplay_bgm,Pokemon,Nintendo DS,Pokemon Black Version & Pokemon White Version,Driftveil City,city,game_midi/Pokemon_Nintendo DS_Pokemon Black Version & Pokemon White Version_Driftveil City.mid
ambiguous_other,Pokemon,Nintendo DS,Pokemon Black Version & Pokemon White Version,Driftveil Drawbridge,,game_midi/Pokemon_Nintendo DS_Pokemon Black Version & Pokemon White Version_Driftveil Drawbridge.mid
ambiguous_other,Pokemon,Nintendo DS,Pokemon Black Version & Pokemon White Version,Ghetsis Ambitions,,game_midi/Pokemon_Nintendo DS_Pokemon Black Version & Pokemon White Version_Ghetsis Ambitions.mid
looping_gameplay_bgm,Pokemon,Nintendo DS,Pokemon Black Version & Pokemon White Version,Icirrus City,city,game_midi/Pokemon_Nintendo DS_Pokemon Black Version & Pokemon White Version_Icirrus City.mid
looping_gameplay_bgm,Pokemon,Nintendo DS,Pokemon Black Version & Pokemon White Version,Lacunosa Town,town,game_midi/Pokemon_Nintendo DS_Pokemon Black Version & Pokemon White Version_Lacunosa Town.mid
looping_gameplay_bgm,Pokemon,Nintendo DS,Pokemon Black Version & Pokemon White Version,Mistralton City,city,game_midi/Pokemon_Nintendo DS_Pokemon Black Version & Pokemon White Version_Mistralton City.mid
looping_gameplay_bgm,Pokemon,Nintendo DS,Pokemon Black Version & Pokemon White Version,Musical Hall,hall,game_midi/Pokemon_Nintendo DS_Pokemon Black Version & Pokemon White Version_Musical Hall.mid
ambiguous_other,Pokemon,Nintendo DS,Pokemon Black Version & Pokemon White Version,"N, the Pokemon Child",,"game_midi/Pokemon_Nintendo DS_Pokemon Black Version & Pokemon White Version_N, the Pokemon Child.mid"
looping_gameplay_bgm,Pokemon,Nintendo DS,Pokemon Black Version & Pokemon White Version,Nacrene City,city,game_midi/Pokemon_Nintendo DS_Pokemon Black Version & Pokemon White Version_Nacrene City.mid
looping_gameplay_bgm,Pokemon,Nintendo DS,Pokemon Black Version & Pokemon White Version,Nimbasa City,city,game_midi/Pokemon_Nintendo DS_Pokemon Black Version & Pokemon White Version_Nimbasa City.mid
looping_gameplay_bgm,Pokemon,Nintendo DS,Pokemon Black Version & Pokemon White Version,Ns Castle,castle,game_midi/Pokemon_Nintendo DS_Pokemon Black Version & Pokemon White Version_Ns Castle.mid
finite_song_or_cue,Pokemon,Nintendo DS,Pokemon Black Version & Pokemon White Version,Ns Farewell,farewell,game_midi/Pokemon_Nintendo DS_Pokemon Black Version & Pokemon White Version_Ns Farewell.mid
looping_gameplay_bgm,Pokemon,Nintendo DS,Pokemon Black Version & Pokemon White Version,Nuvema Town,town,game_midi/Pokemon_Nintendo DS_Pokemon Black Version & Pokemon White Version_Nuvema Town.mid
looping_gameplay_bgm,Pokemon,Nintendo DS,Pokemon Black Version & Pokemon White Version,Opelucid City (Pokemon Black),city,game_midi/Pokemon_Nintendo DS_Pokemon Black Version & Pokemon White Version_Opelucid City (Pokemon Black).mid
looping_gameplay_bgm,Pokemon,Nintendo DS,Pokemon Black Version & Pokemon White Version,Opelucid City (Pokemon White),city,game_midi/Pokemon_Nintendo DS_Pokemon Black Version & Pokemon White Version_Opelucid City (Pokemon White).mid
ambiguous_other,Pokemon,Nintendo DS,Pokemon Black Version & Pokemon White Version,Relic Song,,game_midi/Pokemon_Nintendo DS_Pokemon Black Version & Pokemon White Version_Relic Song.mid
looping_gameplay_bgm,Pokemon,Nintendo DS,Pokemon Black Version & Pokemon White Version,Route 1,route,game_midi/Pokemon_Nintendo DS_Pokemon Black Version & Pokemon White Version_Route 1.mid
looping_gameplay_bgm,Pokemon,Nintendo DS,Pokemon Black Version & Pokemon White Version,Route 10,route,game_midi/Pokemon_Nintendo DS_Pokemon Black Version & Pokemon White Version_Route 10.mid
looping_gameplay_bgm,Pokemon,Nintendo DS,Pokemon Black Version & Pokemon White Version,Route 2,route,game_midi/Pokemon_Nintendo DS_Pokemon Black Version & Pokemon White Version_Route 2.mid
looping_gameplay_bgm,Pokemon,Nintendo DS,Pokemon Black Version & Pokemon White Version,Route 4,route,game_midi/Pokemon_Nintendo DS_Pokemon Black Version & Pokemon White Version_Route 4.mid
looping_gameplay_bgm,Pokemon,Nintendo DS,Pokemon Black Version & Pokemon White Version,Route 6,route,game_midi/Pokemon_Nintendo DS_Pokemon Black Version & Pokemon White Version_Route 6.mid
ambiguous_other,Pokemon,Nintendo DS,Pokemon Black Version & Pokemon White Version,Skyarrow Bridge,,game_midi/Pokemon_Nintendo DS_Pokemon Black Version & Pokemon White Version_Skyarrow Bridge.mid
looping_gameplay_bgm,Pokemon,Nintendo DS,Pokemon Black Version & Pokemon White Version,Striaton City,city,game_midi/Pokemon_Nintendo DS_Pokemon Black Version & Pokemon White Version_Striaton City.mid
ambiguous_other,Pokemon,Nintendo DS,Pokemon Black Version & Pokemon White Version,Surf,,game_midi/Pokemon_Nintendo DS_Pokemon Black Version & Pokemon White Version_Surf.mid
ambiguous_other,Pokemon,Nintendo DS,Pokemon Black Version & Pokemon White Version,The Pokemon League,,game_midi/Pokemon_Nintendo DS_Pokemon Black Version & Pokemon White Version_The Pokemon League.mid
looping_gameplay_bgm,Pokemon,Nintendo DS,Pokemon Black Version & Pokemon White Version,Undella Town (AutumnWinterSpring),town,game_midi/Pokemon_Nintendo DS_Pokemon Black Version & Pokemon White Version_Undella Town (AutumnWinterSpring).mid
looping_gameplay_bgm,Pokemon,Nintendo DS,Pokemon Black Version & Pokemon White Version,Undella Town (Summer),town,game_midi/Pokemon_Nintendo DS_Pokemon Black Version & Pokemon White Version_Undella Town (Summer).mid
looping_gameplay_bgm,Pokemon,Nintendo DS,Pokemon Black Version & Pokemon White Version,Village Bridge,village,game_midi/Pokemon_Nintendo DS_Pokemon Black Version & Pokemon White Version_Village Bridge.mid
looping_gameplay_bgm,Pokemon,Nintendo DS,Pokemon Black Version & Pokemon White Version,White Forest,forest,game_midi/Pokemon_Nintendo DS_Pokemon Black Version & Pokemon White Version_White Forest.mid
looping_gameplay_bgm,Pokemon,Nintendo DS,Pokemon Black Version 2 & Pokemon White Version 2,Aspertia City,city,game_midi/Pokemon_Nintendo DS_Pokemon Black Version 2 & Pokemon White Version 2_Aspertia City.mid
looping_gameplay_bgm,Pokemon,Nintendo DS,Pokemon Black Version 2 & Pokemon White Version 2,Battle! (Gym Leader-Hoenn Version),attle!?,game_midi/Pokemon_Nintendo DS_Pokemon Black Version 2 & Pokemon White Version 2_Battle! (Gym Leader-Hoenn Version).mid
looping_gameplay_bgm,Pokemon,Nintendo DS,Pokemon Black Version 2 & Pokemon White Version 2,Battle! (Gym Leader-Johto Version),attle!?,game_midi/Pokemon_Nintendo DS_Pokemon Black Version 2 & Pokemon White Version 2_Battle! (Gym Leader-Johto Version).mid
looping_gameplay_bgm,Pokemon,Nintendo DS,Pokemon Black Version 2 & Pokemon White Version 2,Battle! (Gym Leader-Kanto Version),attle!?,game_midi/Pokemon_Nintendo DS_Pokemon Black Version 2 & Pokemon White Version 2_Battle! (Gym Leader-Kanto Version).mid
looping_gameplay_bgm,Pokemon,Nintendo DS,Pokemon Black Version 2 & Pokemon White Version 2,Battle! (Gym Leader-Sinnoh Version),attle!?,game_midi/Pokemon_Nintendo DS_Pokemon Black Version 2 & Pokemon White Version 2_Battle! (Gym Leader-Sinnoh Version).mid
looping_gameplay_bgm,Pokemon,Nintendo DS,Pokemon Black Version 2 & Pokemon White Version 2,Castelia City Gym,city,game_midi/Pokemon_Nintendo DS_Pokemon Black Version 2 & Pokemon White Version 2_Castelia City Gym.mid
looping_gameplay_bgm,Pokemon,Nintendo DS,Pokemon Black Version 2 & Pokemon White Version 2,Cave of Being,cave,game_midi/Pokemon_Nintendo DS_Pokemon Black Version 2 & Pokemon White Version 2_Cave of Being.mid
ambiguous_other,Pokemon,Nintendo DS,Pokemon Black Version 2 & Pokemon White Version 2,Join Avenue - Greeting!,,game_midi/Pokemon_Nintendo DS_Pokemon Black Version 2 & Pokemon White Version 2_Join Avenue - Greeting!.mid
looping_gameplay_bgm,Pokemon,Nintendo DS,Pokemon Black Version 2 & Pokemon White Version 2,Ns Castle,castle,game_midi/Pokemon_Nintendo DS_Pokemon Black Version 2 & Pokemon White Version 2_Ns Castle.mid
looping_gameplay_bgm,Pokemon,Nintendo DS,Pokemon Black Version 2 & Pokemon White Version 2,Ns Room,room,game_midi/Pokemon_Nintendo DS_Pokemon Black Version 2 & Pokemon White Version 2_Ns Room.mid
ambiguous_likely_loop,Pokemon,Nintendo DS,Pokemon Black Version 2 & Pokemon White Version 2,Ns Theme,theme,game_midi/Pokemon_Nintendo DS_Pokemon Black Version 2 & Pokemon White Version 2_Ns Theme.mid
finite_song_or_cue,Pokemon,Nintendo DS,Pokemon Black Version 2 & Pokemon White Version 2,THE END,the end,game_midi/Pokemon_Nintendo DS_Pokemon Black Version 2 & Pokemon White Version 2_THE END.mid
looping_gameplay_bgm,Pokemon,Nintendo DS,Pokemon Black Version 2 & Pokemon White Version 2,Virbank City,city,game_midi/Pokemon_Nintendo DS_Pokemon Black Version 2 & Pokemon White Version 2_Virbank City.mid
ambiguous_other,Pokemon,Nintendo DS,Pokemon Diamond Version & Pokemon Pearl Version,A Poke Radar Hit!,,game_midi/Pokemon_Nintendo DS_Pokemon Diamond Version & Pokemon Pearl Version_A Poke Radar Hit!.mid
looping_gameplay_bgm,Pokemon,Nintendo DS,Pokemon Diamond Version & Pokemon Pearl Version,A Surprise at the Lake,lake,game_midi/Pokemon_Nintendo DS_Pokemon Diamond Version & Pokemon Pearl Version_A Surprise at the Lake.mid
looping_gameplay_bgm,Pokemon,Nintendo DS,Pokemon Diamond Version & Pokemon Pearl Version,Battle! (AzelfMespritUxie),attle!?,game_midi/Pokemon_Nintendo DS_Pokemon Diamond Version & Pokemon Pearl Version_Battle! (AzelfMespritUxie).mid
looping_gameplay_bgm,Pokemon,Nintendo DS,Pokemon Diamond Version & Pokemon Pearl Version,Battle! (Champion),attle!?,game_midi/Pokemon_Nintendo DS_Pokemon Diamond Version & Pokemon Pearl Version_Battle! (Champion).mid
looping_gameplay_bgm,Pokemon,Nintendo DS,Pokemon Diamond Version & Pokemon Pearl Version,Battle! (Elite Four),attle!?,game_midi/Pokemon_Nintendo DS_Pokemon Diamond Version & Pokemon Pearl Version_Battle! (Elite Four).mid
looping_gameplay_bgm,Pokemon,Nintendo DS,Pokemon Diamond Version & Pokemon Pearl Version,Battle! (Gym Leader),attle!?,game_midi/Pokemon_Nintendo DS_Pokemon Diamond Version & Pokemon Pearl Version_Battle! (Gym Leader).mid
looping_gameplay_bgm,Pokemon,Nintendo DS,Pokemon Diamond Version & Pokemon Pearl Version,Battle! (Legendary Pokemon),attle!?,game_midi/Pokemon_Nintendo DS_Pokemon Diamond Version & Pokemon Pearl Version_Battle! (Legendary Pokemon).mid
looping_gameplay_bgm,Pokemon,Nintendo DS,Pokemon Diamond Version & Pokemon Pearl Version,Battle! (Rival),attle!?,game_midi/Pokemon_Nintendo DS_Pokemon Diamond Version & Pokemon Pearl Version_Battle! (Rival).mid
looping_gameplay_bgm,Pokemon,Nintendo DS,Pokemon Diamond Version & Pokemon Pearl Version,Battle! (Team Galactic Boss),"attle!?, oss",game_midi/Pokemon_Nintendo DS_Pokemon Diamond Version & Pokemon Pearl Version_Battle! (Team Galactic Boss).mid
looping_gameplay_bgm,Pokemon,Nintendo DS,Pokemon Diamond Version & Pokemon Pearl Version,Battle! (Team Galactic Commander),attle!?,game_midi/Pokemon_Nintendo DS_Pokemon Diamond Version & Pokemon Pearl Version_Battle! (Team Galactic Commander).mid
looping_gameplay_bgm,Pokemon,Nintendo DS,Pokemon Diamond Version & Pokemon Pearl Version,Battle! (Team Galactic),attle!?,game_midi/Pokemon_Nintendo DS_Pokemon Diamond Version & Pokemon Pearl Version_Battle! (Team Galactic).mid
looping_gameplay_bgm,Pokemon,Nintendo DS,Pokemon Diamond Version & Pokemon Pearl Version,Battle! (Trainer Battle),attle!?,game_midi/Pokemon_Nintendo DS_Pokemon Diamond Version & Pokemon Pearl Version_Battle! (Trainer Battle).mid
looping_gameplay_bgm,Pokemon,Nintendo DS,Pokemon Diamond Version & Pokemon Pearl Version,Battle! (Wild Pokemon),attle!?,game_midi/Pokemon_Nintendo DS_Pokemon Diamond Version & Pokemon Pearl Version_Battle! (Wild Pokemon).mid
looping_gameplay_bgm,Pokemon,Nintendo DS,Pokemon Diamond Version & Pokemon Pearl Version,Canalave City (Day),city,game_midi/Pokemon_Nintendo DS_Pokemon Diamond Version & Pokemon Pearl Version_Canalave City (Day).mid
ambiguous_other,Pokemon,Nintendo DS,Pokemon Diamond Version & Pokemon Pearl Version,Champion Cynthia,,game_midi/Pokemon_Nintendo DS_Pokemon Diamond Version & Pokemon Pearl Version_Champion Cynthia.mid
looping_gameplay_bgm,Pokemon,Nintendo DS,Pokemon Diamond Version & Pokemon Pearl Version,Contest Hall,hall,game_midi/Pokemon_Nintendo DS_Pokemon Diamond Version & Pokemon Pearl Version_Contest Hall.mid
finite_song_or_cue,Pokemon,Nintendo DS,Pokemon Diamond Version & Pokemon Pearl Version,Contest Results Announcement,results?,game_midi/Pokemon_Nintendo DS_Pokemon Diamond Version & Pokemon Pearl Version_Contest Results Announcement.mid
looping_gameplay_bgm,Pokemon,Nintendo DS,Pokemon Diamond Version & Pokemon Pearl Version,Decisive Battle! (Pokemon League),attle!?,game_midi/Pokemon_Nintendo DS_Pokemon Diamond Version & Pokemon Pearl Version_Decisive Battle! (Pokemon League).mid
looping_gameplay_bgm,Pokemon,Nintendo DS,Pokemon Diamond Version & Pokemon Pearl Version,Eterna City (Day),city,game_midi/Pokemon_Nintendo DS_Pokemon Diamond Version & Pokemon Pearl Version_Eterna City (Day).mid
looping_gameplay_bgm,Pokemon,Nintendo DS,Pokemon Diamond Version & Pokemon Pearl Version,Eterna City (Night),city,game_midi/Pokemon_Nintendo DS_Pokemon Diamond Version & Pokemon Pearl Version_Eterna City (Night).mid
looping_gameplay_bgm,Pokemon,Nintendo DS,Pokemon Diamond Version & Pokemon Pearl Version,Eterna Forest,forest,game_midi/Pokemon_Nintendo DS_Pokemon Diamond Version & Pokemon Pearl Version_Eterna Forest.mid
ambiguous_other,Pokemon,Nintendo DS,Pokemon Diamond Version & Pokemon Pearl Version,Evolution,,game_midi/Pokemon_Nintendo DS_Pokemon Diamond Version & Pokemon Pearl Version_Evolution.mid
looping_gameplay_bgm,Pokemon,Nintendo DS,Pokemon Diamond Version & Pokemon Pearl Version,Fight Area (Day),"area, fight",game_midi/Pokemon_Nintendo DS_Pokemon Diamond Version & Pokemon Pearl Version_Fight Area (Day).mid
looping_gameplay_bgm,Pokemon,Nintendo DS,Pokemon Diamond Version & Pokemon Pearl Version,Floaroma Town (Day),town,game_midi/Pokemon_Nintendo DS_Pokemon Diamond Version & Pokemon Pearl Version_Floaroma Town (Day).mid
ambiguous_other,Pokemon,Nintendo DS,Pokemon Diamond Version & Pokemon Pearl Version,Game Corner,,game_midi/Pokemon_Nintendo DS_Pokemon Diamond Version & Pokemon Pearl Version_Game Corner.mid
looping_gameplay_bgm,Pokemon,Nintendo DS,Pokemon Diamond Version & Pokemon Pearl Version,Hearthome City (Day),city,game_midi/Pokemon_Nintendo DS_Pokemon Diamond Version & Pokemon Pearl Version_Hearthome City (Day).mid
looping_gameplay_bgm,Pokemon,Nintendo DS,Pokemon Diamond Version & Pokemon Pearl Version,Jubilife City (Day),city,game_midi/Pokemon_Nintendo DS_Pokemon Diamond Version & Pokemon Pearl Version_Jubilife City (Day).mid
looping_gameplay_bgm,Pokemon,Nintendo DS,Pokemon Diamond Version & Pokemon Pearl Version,Lake Caverns,lake,game_midi/Pokemon_Nintendo DS_Pokemon Diamond Version & Pokemon Pearl Version_Lake Caverns.mid
ambiguous_other,Pokemon,Nintendo DS,Pokemon Diamond Version & Pokemon Pearl Version,Mt Coronet,,game_midi/Pokemon_Nintendo DS_Pokemon Diamond Version & Pokemon Pearl Version_Mt Coronet.mid
ambiguous_other,Pokemon,Nintendo DS,Pokemon Diamond Version & Pokemon Pearl Version,Mystery Gift,,game_midi/Pokemon_Nintendo DS_Pokemon Diamond Version & Pokemon Pearl Version_Mystery Gift.mid
ambiguous_other,Pokemon,Nintendo DS,Pokemon Diamond Version & Pokemon Pearl Version,Nintendo Wi-Fi Connection,,game_midi/Pokemon_Nintendo DS_Pokemon Diamond Version & Pokemon Pearl Version_Nintendo Wi-Fi Connection.mid
ambiguous_other,Pokemon,Nintendo DS,Pokemon Diamond Version & Pokemon Pearl Version,Old Chateau,,game_midi/Pokemon_Nintendo DS_Pokemon Diamond Version & Pokemon Pearl Version_Old Chateau.mid
looping_gameplay_bgm,Pokemon,Nintendo DS,Pokemon Diamond Version & Pokemon Pearl Version,Oreburgh Mine,mine,game_midi/Pokemon_Nintendo DS_Pokemon Diamond Version & Pokemon Pearl Version_Oreburgh Mine.mid
ambiguous_other,Pokemon,Nintendo DS,Pokemon Diamond Version & Pokemon Pearl Version,Poffins,,game_midi/Pokemon_Nintendo DS_Pokemon Diamond Version & Pokemon Pearl Version_Poffins.mid
looping_gameplay_bgm,Pokemon,Nintendo DS,Pokemon Diamond Version & Pokemon Pearl Version,Pokemon Center (Day),center,game_midi/Pokemon_Nintendo DS_Pokemon Diamond Version & Pokemon Pearl Version_Pokemon Center (Day).mid
looping_gameplay_bgm,Pokemon,Nintendo DS,Pokemon Diamond Version & Pokemon Pearl Version,Pokemon Center (Night),center,game_midi/Pokemon_Nintendo DS_Pokemon Diamond Version & Pokemon Pearl Version_Pokemon Center (Night).mid
ambiguous_other,Pokemon,Nintendo DS,Pokemon Diamond Version & Pokemon Pearl Version,Pokemon Gym,,game_midi/Pokemon_Nintendo DS_Pokemon Diamond Version & Pokemon Pearl Version_Pokemon Gym.mid
ambiguous_likely_loop,Pokemon,Nintendo DS,Pokemon Diamond Version & Pokemon Pearl Version,Pokemon League (Day),day,game_midi/Pokemon_Nintendo DS_Pokemon Diamond Version & Pokemon Pearl Version_Pokemon League (Day).mid
ambiguous_likely_loop,Pokemon,Nintendo DS,Pokemon Diamond Version & Pokemon Pearl Version,Pokemon League (Night),night,game_midi/Pokemon_Nintendo DS_Pokemon Diamond Version & Pokemon Pearl Version_Pokemon League (Night).mid
looping_gameplay_bgm,Pokemon,Nintendo DS,Pokemon Diamond Version & Pokemon Pearl Version,Route 201 (Day),route,game_midi/Pokemon_Nintendo DS_Pokemon Diamond Version & Pokemon Pearl Version_Route 201 (Day).mid
looping_gameplay_bgm,Pokemon,Nintendo DS,Pokemon Diamond Version & Pokemon Pearl Version,Route 201 (Night),route,game_midi/Pokemon_Nintendo DS_Pokemon Diamond Version & Pokemon Pearl Version_Route 201 (Night).mid
looping_gameplay_bgm,Pokemon,Nintendo DS,Pokemon Diamond Version & Pokemon Pearl Version,Route 205 (Night),route,game_midi/Pokemon_Nintendo DS_Pokemon Diamond Version & Pokemon Pearl Version_Route 205 (Night).mid
looping_gameplay_bgm,Pokemon,Nintendo DS,Pokemon Diamond Version & Pokemon Pearl Version,Route 206 (Night),route,game_midi/Pokemon_Nintendo DS_Pokemon Diamond Version & Pokemon Pearl Version_Route 206 (Night).mid
looping_gameplay_bgm,Pokemon,Nintendo DS,Pokemon Diamond Version & Pokemon Pearl Version,Route 209 (Day),route,game_midi/Pokemon_Nintendo DS_Pokemon Diamond Version & Pokemon Pearl Version_Route 209 (Day).mid
looping_gameplay_bgm,Pokemon,Nintendo DS,Pokemon Diamond Version & Pokemon Pearl Version,Route 216 (Day),route,game_midi/Pokemon_Nintendo DS_Pokemon Diamond Version & Pokemon Pearl Version_Route 216 (Day).mid
looping_gameplay_bgm,Pokemon,Nintendo DS,Pokemon Diamond Version & Pokemon Pearl Version,Route 225 (Night),route,game_midi/Pokemon_Nintendo DS_Pokemon Diamond Version & Pokemon Pearl Version_Route 225 (Night).mid
looping_gameplay_bgm,Pokemon,Nintendo DS,Pokemon Diamond Version & Pokemon Pearl Version,Route 228 (Night),route,game_midi/Pokemon_Nintendo DS_Pokemon Diamond Version & Pokemon Pearl Version_Route 228 (Night).mid
looping_gameplay_bgm,Pokemon,Nintendo DS,Pokemon Diamond Version & Pokemon Pearl Version,Sandgem Town (Day),town,game_midi/Pokemon_Nintendo DS_Pokemon Diamond Version & Pokemon Pearl Version_Sandgem Town (Day).mid
looping_gameplay_bgm,Pokemon,Nintendo DS,Pokemon Diamond Version & Pokemon Pearl Version,Snowpoint City (Day),city,game_midi/Pokemon_Nintendo DS_Pokemon Diamond Version & Pokemon Pearl Version_Snowpoint City (Day).mid
looping_gameplay_bgm,Pokemon,Nintendo DS,Pokemon Diamond Version & Pokemon Pearl Version,Solaceon Town (Day),town,game_midi/Pokemon_Nintendo DS_Pokemon Diamond Version & Pokemon Pearl Version_Solaceon Town (Day).mid
ambiguous_other,Pokemon,Nintendo DS,Pokemon Diamond Version & Pokemon Pearl Version,Spear Pillar,,game_midi/Pokemon_Nintendo DS_Pokemon Diamond Version & Pokemon Pearl Version_Spear Pillar.mid
ambiguous_other,Pokemon,Nintendo DS,Pokemon Diamond Version & Pokemon Pearl Version,Surf,,game_midi/Pokemon_Nintendo DS_Pokemon Diamond Version & Pokemon Pearl Version_Surf.mid
finite_song_or_cue,Pokemon,Nintendo DS,Pokemon Diamond Version & Pokemon Pearl Version,Team Galactic Appears!,appears,game_midi/Pokemon_Nintendo DS_Pokemon Diamond Version & Pokemon Pearl Version_Team Galactic Appears!.mid
finite_song_or_cue,Pokemon,Nintendo DS,Pokemon Diamond Version & Pokemon Pearl Version,The Legendary Pokemon Appears!,appears,game_midi/Pokemon_Nintendo DS_Pokemon Diamond Version & Pokemon Pearl Version_The Legendary Pokemon Appears!.mid
looping_gameplay_bgm,Pokemon,Nintendo DS,Pokemon Diamond Version & Pokemon Pearl Version,The Pokemon Lab,lab(oratory)?,game_midi/Pokemon_Nintendo DS_Pokemon Diamond Version & Pokemon Pearl Version_The Pokemon Lab.mid
ambiguous_other,Pokemon,Nintendo DS,Pokemon Diamond Version & Pokemon Pearl Version,Trainers Eyes Meet (Ace Trainer),,game_midi/Pokemon_Nintendo DS_Pokemon Diamond Version & Pokemon Pearl Version_Trainers Eyes Meet (Ace Trainer).mid
ambiguous_other,Pokemon,Nintendo DS,Pokemon Diamond Version & Pokemon Pearl Version,Trainers Eyes Meet (Aroma Lady),,game_midi/Pokemon_Nintendo DS_Pokemon Diamond Version & Pokemon Pearl Version_Trainers Eyes Meet (Aroma Lady).mid
ambiguous_other,Pokemon,Nintendo DS,Pokemon Diamond Version & Pokemon Pearl Version,Trainers Eyes Meet (Artist),,game_midi/Pokemon_Nintendo DS_Pokemon Diamond Version & Pokemon Pearl Version_Trainers Eyes Meet (Artist).mid
ambiguous_other,Pokemon,Nintendo DS,Pokemon Diamond Version & Pokemon Pearl Version,Trainers Eyes Meet (Cyclist),,game_midi/Pokemon_Nintendo DS_Pokemon Diamond Version & Pokemon Pearl Version_Trainers Eyes Meet (Cyclist).mid
ambiguous_other,Pokemon,Nintendo DS,Pokemon Diamond Version & Pokemon Pearl Version,Trainers Eyes Meet (Lass),,game_midi/Pokemon_Nintendo DS_Pokemon Diamond Version & Pokemon Pearl Version_Trainers Eyes Meet (Lass).mid
ambiguous_other,Pokemon,Nintendo DS,Pokemon Diamond Version & Pokemon Pearl Version,Trainers Eyes Meet (Sailor),,game_midi/Pokemon_Nintendo DS_Pokemon Diamond Version & Pokemon Pearl Version_Trainers Eyes Meet (Sailor).mid
ambiguous_other,Pokemon,Nintendo DS,Pokemon Diamond Version & Pokemon Pearl Version,Trainers Eyes Meet (Twins),,game_midi/Pokemon_Nintendo DS_Pokemon Diamond Version & Pokemon Pearl Version_Trainers Eyes Meet (Twins).mid
looping_gameplay_bgm,Pokemon,Nintendo DS,Pokemon Diamond Version & Pokemon Pearl Version,Twinleaf Town (Day),town,game_midi/Pokemon_Nintendo DS_Pokemon Diamond Version & Pokemon Pearl Version_Twinleaf Town (Day).mid
ambiguous_likely_loop,Pokemon,Nintendo DS,Pokemon Diamond Version & Pokemon Pearl Version,Valor Lakefront (Day),day,game_midi/Pokemon_Nintendo DS_Pokemon Diamond Version & Pokemon Pearl Version_Valor Lakefront (Day).mid
ambiguous_likely_loop,Pokemon,Nintendo DS,Pokemon Diamond Version & Pokemon Pearl Version,Valor Lakefront (Night),night,game_midi/Pokemon_Nintendo DS_Pokemon Diamond Version & Pokemon Pearl Version_Valor Lakefront (Night).mid
looping_gameplay_bgm,Pokemon,Nintendo DS,Pokemon Diamond Version & Pokemon Pearl Version,Veilstone City (Day),city,game_midi/Pokemon_Nintendo DS_Pokemon Diamond Version & Pokemon Pearl Version_Veilstone City (Day).mid
looping_gameplay_bgm,Pokemon,Nintendo DS,Pokemon Diamond Version & Pokemon Pearl Version,Victory Road,location exception + road,game_midi/Pokemon_Nintendo DS_Pokemon Diamond Version & Pokemon Pearl Version_Victory Road.mid
finite_song_or_cue,Pokemon,Nintendo DS,Pokemon Diamond Version & Pokemon Pearl Version,Victory! (Gym Leader),victory!?,game_midi/Pokemon_Nintendo DS_Pokemon Diamond Version & Pokemon Pearl Version_Victory! (Gym Leader).mid
finite_song_or_cue,Pokemon,Nintendo DS,Pokemon Diamond Version & Pokemon Pearl Version,Victory! (Team Galactic),victory!?,game_midi/Pokemon_Nintendo DS_Pokemon Diamond Version & Pokemon Pearl Version_Victory! (Team Galactic).mid
finite_song_or_cue,Pokemon,Nintendo DS,Pokemon Diamond Version & Pokemon Pearl Version,Victory! (Trainer Battle),victory!?,game_midi/Pokemon_Nintendo DS_Pokemon Diamond Version & Pokemon Pearl Version_Victory! (Trainer Battle).mid
finite_song_or_cue,Pokemon,Nintendo DS,Pokemon Diamond Version & Pokemon Pearl Version,Victory! (Wild Pokemon),victory!?,game_midi/Pokemon_Nintendo DS_Pokemon Diamond Version & Pokemon Pearl Version_Victory! (Wild Pokemon).mid
ambiguous_other,Pokemon,Nintendo DS,Pokemon Diamond Version & Pokemon Pearl Version,Youre a Jackpot Winner!,,game_midi/Pokemon_Nintendo DS_Pokemon Diamond Version & Pokemon Pearl Version_Youre a Jackpot Winner!.mid
ambiguous_other,Pokemon,Nintendo DS,Pokemon Diamond Version & Pokemon Pearl Version,Youre a Winner!,,game_midi/Pokemon_Nintendo DS_Pokemon Diamond Version & Pokemon Pearl Version_Youre a Winner!.mid
ambiguous_other,Pokemon,Nintendo DS,Pokemon HeartGold Version & Pokemon SoulSilver Version,An Adventure Begins!,,game_midi/Pokemon_Nintendo DS_Pokemon HeartGold Version & Pokemon SoulSilver Version_An Adventure Begins!.mid
looping_gameplay_bgm,Pokemon,Nintendo DS,Pokemon HeartGold Version & Pokemon SoulSilver Version,Cerulean City,city,game_midi/Pokemon_Nintendo DS_Pokemon HeartGold Version & Pokemon SoulSilver Version_Cerulean City.mid
looping_gameplay_bgm,Pokemon,Nintendo DS,Pokemon HeartGold Version & Pokemon SoulSilver Version,Cianwood City,city,game_midi/Pokemon_Nintendo DS_Pokemon HeartGold Version & Pokemon SoulSilver Version_Cianwood City.mid
looping_gameplay_bgm,Pokemon,Nintendo DS,Pokemon HeartGold Version & Pokemon SoulSilver Version,Cinnabar Island,island,game_midi/Pokemon_Nintendo DS_Pokemon HeartGold Version & Pokemon SoulSilver Version_Cinnabar Island.mid
looping_gameplay_bgm,Pokemon,Nintendo DS,Pokemon HeartGold Version & Pokemon SoulSilver Version,Goldenrod City,city,game_midi/Pokemon_Nintendo DS_Pokemon HeartGold Version & Pokemon SoulSilver Version_Goldenrod City.mid
ambiguous_other,Pokemon,Nintendo DS,Pokemon HeartGold Version & Pokemon SoulSilver Version,Goldenrod Game Corner,,game_midi/Pokemon_Nintendo DS_Pokemon HeartGold Version & Pokemon SoulSilver Version_Goldenrod Game Corner.mid
looping_gameplay_bgm,Pokemon,Nintendo DS,Pokemon HeartGold Version & Pokemon SoulSilver Version,Lavender Town,town,game_midi/Pokemon_Nintendo DS_Pokemon HeartGold Version & Pokemon SoulSilver Version_Lavender Town.mid
ambiguous_other,Pokemon,Nintendo DS,Pokemon HeartGold Version & Pokemon SoulSilver Version,Lyra,,game_midi/Pokemon_Nintendo DS_Pokemon HeartGold Version & Pokemon SoulSilver Version_Lyra.mid
looping_gameplay_bgm,Pokemon,Nintendo DS,Pokemon HeartGold Version & Pokemon SoulSilver Version,New Bark Town,town,game_midi/Pokemon_Nintendo DS_Pokemon HeartGold Version & Pokemon SoulSilver Version_New Bark Town.mid
ambiguous_other,Pokemon,Nintendo DS,Pokemon HeartGold Version & Pokemon SoulSilver Version,Pokegear Radio Unown,,game_midi/Pokemon_Nintendo DS_Pokemon HeartGold Version & Pokemon SoulSilver Version_Pokegear Radio Unown.mid
ambiguous_other,Pokemon,Nintendo DS,Pokemon HeartGold Version & Pokemon SoulSilver Version,Pokemaniac Encounter,,game_midi/Pokemon_Nintendo DS_Pokemon HeartGold Version & Pokemon SoulSilver Version_Pokemaniac Encounter.mid
looping_gameplay_bgm,Pokemon,Nintendo DS,Pokemon HeartGold Version & Pokemon SoulSilver Version,Pokemon Center,center,game_midi/Pokemon_Nintendo DS_Pokemon HeartGold Version & Pokemon SoulSilver Version_Pokemon Center.mid
ambiguous_other,Pokemon,Nintendo DS,Pokemon HeartGold Version & Pokemon SoulSilver Version,Pokewalker,,game_midi/Pokemon_Nintendo DS_Pokemon HeartGold Version & Pokemon SoulSilver Version_Pokewalker.mid
looping_gameplay_bgm,Pokemon,Nintendo DS,Pokemon HeartGold Version & Pokemon SoulSilver Version,Route 47,route,game_midi/Pokemon_Nintendo DS_Pokemon HeartGold Version & Pokemon SoulSilver Version_Route 47.mid
looping_gameplay_bgm,Pokemon,Nintendo DS,Pokemon HeartGold Version & Pokemon SoulSilver Version,Safari Zone Gate,zone,game_midi/Pokemon_Nintendo DS_Pokemon HeartGold Version & Pokemon SoulSilver Version_Safari Zone Gate.mid
looping_gameplay_bgm,Pokemon,Nintendo DS,Pokemon HeartGold Version & Pokemon SoulSilver Version,Team Rocket HQ,hq,game_midi/Pokemon_Nintendo DS_Pokemon HeartGold Version & Pokemon SoulSilver Version_Team Rocket HQ.mid
ambiguous_other,Pokemon,Nintendo DS,Pokemon HeartGold Version & Pokemon SoulSilver Version,The Pokemon League,,game_midi/Pokemon_Nintendo DS_Pokemon HeartGold Version & Pokemon SoulSilver Version_The Pokemon League.mid
ambiguous_other,Pokemon,Nintendo DS,Pokemon HeartGold Version & Pokemon SoulSilver Version,Title Screen,,game_midi/Pokemon_Nintendo DS_Pokemon HeartGold Version & Pokemon SoulSilver Version_Title Screen.mid
looping_gameplay_bgm,Pokemon,Nintendo DS,Pokemon HeartGold Version & Pokemon SoulSilver Version,Viridian Forest,forest,game_midi/Pokemon_Nintendo DS_Pokemon HeartGold Version & Pokemon SoulSilver Version_Viridian Forest.mid
looping_gameplay_bgm,Pokemon,Nintendo DS,Pokemon Platinum Version,Battle Castle,"attle!?, castle",game_midi/Pokemon_Nintendo DS_Pokemon Platinum Version_Battle Castle.mid
looping_gameplay_bgm,Pokemon,Nintendo DS,Pokemon Platinum Version,Battle! (Giratina),attle!?,game_midi/Pokemon_Nintendo DS_Pokemon Platinum Version_Battle! (Giratina).mid
looping_gameplay_bgm,Pokemon,Nintendo DS,Pokemon Platinum Version,Distortion World,world,game_midi/Pokemon_Nintendo DS_Pokemon Platinum Version_Distortion World.mid
ambiguous_likely_loop,Pokemon,Nintendo DS,Pokemon Platinum Version,Lookers Theme,theme,game_midi/Pokemon_Nintendo DS_Pokemon Platinum Version_Lookers Theme.mid
ambiguous_other,Pokemon,Nintendo DS,Pokemon Platinum Version,Spin Trade,,game_midi/Pokemon_Nintendo DS_Pokemon Platinum Version_Spin Trade.mid
ambiguous_other,Pokemon,Nintendo DS,Pokemon Platinum Version,Villa Music Box Twinleaf Tune,,game_midi/Pokemon_Nintendo DS_Pokemon Platinum Version_Villa Music Box Twinleaf Tune.mid
ambiguous_other,Pokemon,Nintendo DS,Pokemon Platinum Version,Wi-Fi Plaza Mini-Games,,game_midi/Pokemon_Nintendo DS_Pokemon Platinum Version_Wi-Fi Plaza Mini-Games.mid
ambiguous_other,Pokemon,Nintendo DS,Pokemon Platinum Version,Wi-Fi Plaza Parade,,game_midi/Pokemon_Nintendo DS_Pokemon Platinum Version_Wi-Fi Plaza Parade.mid
looping_gameplay_bgm,Pokemon,Nintendo DS,Pokemon Ranger Guardian Signs,Renbow Island,island,game_midi/Pokemon_Nintendo DS_Pokemon Ranger Guardian Signs_Renbow Island.mid
ambiguous_other,Pokemon,Nintendo DS,Pokemon Ranger Shadows of Almia,Caves,,game_midi/Pokemon_Nintendo DS_Pokemon Ranger Shadows of Almia_Caves.mid
ambiguous_other,Pokemon,Nintendo DS,Pokemon Ranger Shadows of Almia,Gems,,game_midi/Pokemon_Nintendo DS_Pokemon Ranger Shadows of Almia_Gems.mid
ambiguous_other,Pokemon,Nintendo DS,Pokemon Ranger Shadows of Almia,Ranger School (Outside),,game_midi/Pokemon_Nintendo DS_Pokemon Ranger Shadows of Almia_Ranger School (Outside).mid
looping_gameplay_bgm,Pokemon,Nintendo DS,Pokemon Ranger Shadows of Almia,Vien Forest,forest,game_midi/Pokemon_Nintendo DS_Pokemon Ranger Shadows of Almia_Vien Forest.mid
looping_gameplay_bgm,Pokemon,Nintendo DS,Pokemon Ranger Shadows of Almia,Wild Pokemon Battle,attle!?,game_midi/Pokemon_Nintendo DS_Pokemon Ranger Shadows of Almia_Wild Pokemon Battle.mid
looping_gameplay_bgm,Pokemon,Nintendo DS,Pokemon Ranger,Deep Lyra Forest,forest,game_midi/Pokemon_Nintendo DS_Pokemon Ranger_Deep Lyra Forest.mid
looping_gameplay_bgm,Pokemon,Nintendo DS,Pokemon Ranger,Dusk Factory,factory,game_midi/Pokemon_Nintendo DS_Pokemon Ranger_Dusk Factory.mid
looping_gameplay_bgm,Pokemon,Nintendo DS,Pokemon Ranger,Entei Battle,attle!?,game_midi/Pokemon_Nintendo DS_Pokemon Ranger_Entei Battle.mid
ambiguous_other,Pokemon,Nintendo DS,Pokemon Ranger,Go-Rock Quads Encounter,,game_midi/Pokemon_Nintendo DS_Pokemon Ranger_Go-Rock Quads Encounter.mid
ambiguous_other,Pokemon,Nintendo DS,Pokemon Ranger,Krokka Tunnel,,game_midi/Pokemon_Nintendo DS_Pokemon Ranger_Krokka Tunnel.mid
ambiguous_other,Pokemon,Nintendo DS,Pokemon Ranger,Mission Complete (Bridge),,game_midi/Pokemon_Nintendo DS_Pokemon Ranger_Mission Complete (Bridge).mid
looping_gameplay_bgm,Pokemon,Nintendo DS,Pokemon Ranger,Panula Cave,cave,game_midi/Pokemon_Nintendo DS_Pokemon Ranger_Panula Cave.mid
looping_gameplay_bgm,Pokemon,Nintendo DS,Pokemon Ranger,Ranger Base,ase,game_midi/Pokemon_Nintendo DS_Pokemon Ranger_Ranger Base.mid
ambiguous_other,Pokemon,Nintendo DS,Pokemon Ranger,Ringtown,,game_midi/Pokemon_Nintendo DS_Pokemon Ranger_Ringtown.mid
ambiguous_other,Pokemon,Nintendo DS,Pokemon Ranger,Summerland,,game_midi/Pokemon_Nintendo DS_Pokemon Ranger_Summerland.mid
ambiguous_other,Pokemon,Nintendo DS,Pokemon Ranger,Trouble,,game_midi/Pokemon_Nintendo DS_Pokemon Ranger_Trouble.mid
ambiguous_other,Pokemon,Nintendo DS,Pokemon Ranger,Wintown,,game_midi/Pokemon_Nintendo DS_Pokemon Ranger_Wintown.mid
ambiguous_other,Pokemon,Nintendo GameCube,Pokemon Channel,Home,,game_midi/Pokemon_Nintendo GameCube_Pokemon Channel_Home.mid
looping_gameplay_bgm,Pokemon,Nintendo GameCube,Pokemon Channel,Pokepad (Pause Menu),"menu, pause",game_midi/Pokemon_Nintendo GameCube_Pokemon Channel_Pokepad (Pause Menu).mid
ambiguous_other,Pokemon,Nintendo GameCube,Pokemon Channel,Smeargles Art Study,,game_midi/Pokemon_Nintendo GameCube_Pokemon Channel_Smeargles Art Study.mid
ambiguous_other,Pokemon,Nintendo GameCube,Pokemon Colosseum,Cipher Syndicate,,game_midi/Pokemon_Nintendo GameCube_Pokemon Colosseum_Cipher Syndicate.mid
looping_gameplay_bgm,Pokemon,Nintendo GameCube,Pokemon Colosseum,Friendly Battle,attle!?,game_midi/Pokemon_Nintendo GameCube_Pokemon Colosseum_Friendly Battle.mid
looping_gameplay_bgm,Pokemon,Nintendo GameCube,Pokemon Colosseum,Main Menu,menu,game_midi/Pokemon_Nintendo GameCube_Pokemon Colosseum_Main Menu.mid
ambiguous_other,Pokemon,Nintendo GameCube,Pokemon Colosseum,Miror Bs Retro Groove,,game_midi/Pokemon_Nintendo GameCube_Pokemon Colosseum_Miror Bs Retro Groove.mid
looping_gameplay_bgm,Pokemon,Nintendo GameCube,Pokemon Colosseum,Mt Battle Rest Room,"attle!?, room",game_midi/Pokemon_Nintendo GameCube_Pokemon Colosseum_Mt Battle Rest Room.mid
looping_gameplay_bgm,Pokemon,Nintendo GameCube,Pokemon Colosseum,Mt Battle,attle!?,game_midi/Pokemon_Nintendo GameCube_Pokemon Colosseum_Mt Battle.mid
looping_gameplay_bgm,Pokemon,Nintendo GameCube,Pokemon Colosseum,Normal Battle,attle!?,game_midi/Pokemon_Nintendo GameCube_Pokemon Colosseum_Normal Battle.mid
ambiguous_other,Pokemon,Nintendo GameCube,Pokemon Colosseum,Outskirt Stand,,game_midi/Pokemon_Nintendo GameCube_Pokemon Colosseum_Outskirt Stand.mid
ambiguous_other,Pokemon,Nintendo GameCube,Pokemon Colosseum,Pyrite Building,,game_midi/Pokemon_Nintendo GameCube_Pokemon Colosseum_Pyrite Building.mid
looping_gameplay_bgm,Pokemon,Nintendo GameCube,Pokemon Colosseum,Pyrite Town,town,game_midi/Pokemon_Nintendo GameCube_Pokemon Colosseum_Pyrite Town.mid
looping_gameplay_bgm,Pokemon,Nintendo GameCube,Pokemon Colosseum,Relic Forest in Danger,forest,game_midi/Pokemon_Nintendo GameCube_Pokemon Colosseum_Relic Forest in Danger.mid
looping_gameplay_bgm,Pokemon,Nintendo GameCube,Pokemon Colosseum,Relic Forest,forest,game_midi/Pokemon_Nintendo GameCube_Pokemon Colosseum_Relic Forest.mid
looping_gameplay_bgm,Pokemon,Nintendo GameCube,Pokemon Colosseum,Semifinal Battle,attle!?,game_midi/Pokemon_Nintendo GameCube_Pokemon Colosseum_Semifinal Battle.mid
ambiguous_other,Pokemon,Nintendo GameCube,Pokemon Colosseum,The Under,,game_midi/Pokemon_Nintendo GameCube_Pokemon Colosseum_The Under.mid
ambiguous_other,Pokemon,Nintendo GameCube,Pokemon Colosseum,Title Screen,,game_midi/Pokemon_Nintendo GameCube_Pokemon Colosseum_Title Screen.mid
ambiguous_likely_loop,Pokemon,Nintendo GameCube,Pokemon XD Gale of Darkness,Cipher Admin Theme,theme,game_midi/Pokemon_Nintendo GameCube_Pokemon XD Gale of Darkness_Cipher Admin Theme.mid
ambiguous_other,Pokemon,Nintendo GameCube,Pokemon XD Gale of Darkness,Jovi is Sad,,game_midi/Pokemon_Nintendo GameCube_Pokemon XD Gale of Darkness_Jovi is Sad.mid
ambiguous_other,Pokemon,Nintendo GameCube,Pokemon XD Gale of Darkness,SS Libra,,game_midi/Pokemon_Nintendo GameCube_Pokemon XD Gale of Darkness_SS Libra.mid
ambiguous_other,Pokemon,Nintendo GameCube,Pokemon XD Gale of Darkness,The Hexagon Brothers,,game_midi/Pokemon_Nintendo GameCube_Pokemon XD Gale of Darkness_The Hexagon Brothers.mid
finite_song_or_cue,Pokemon,Nintendo Switch,"Pokemon Lets Go, Pikachu! & Pokemon Lets Go, Eevee!",Congratulations!,congratulations,"game_midi/Pokemon_Nintendo Switch_Pokemon Lets Go, Pikachu! & Pokemon Lets Go, Eevee!_Congratulations!.mid"
ambiguous_other,Pokemon,Nintendo Switch,"Pokemon Lets Go, Pikachu! & Pokemon Lets Go, Eevee!",Cubones Mother,,"game_midi/Pokemon_Nintendo Switch_Pokemon Lets Go, Pikachu! & Pokemon Lets Go, Eevee!_Cubones Mother.mid"
ambiguous_other,Pokemon,Nintendo Switch,Pokemon Quest,Going on an Expedition,,game_midi/Pokemon_Nintendo Switch_Pokemon Quest_Going on an Expedition.mid
looping_gameplay_bgm,Pokemon,Nintendo Switch,Pokemon Sword & Pokemon Shield,Battle! (Calyrex),attle!?,game_midi/Pokemon_Nintendo Switch_Pokemon Sword & Pokemon Shield_Battle! (Calyrex).mid
ambiguous_other,Pokemon,Nintendo Switch,Pokemon Sword & Pokemon Shield,Once Upon a Time,,game_midi/Pokemon_Nintendo Switch_Pokemon Sword & Pokemon Shield_Once Upon a Time.mid
ambiguous_other,Pokemon,Nintendo Switch,Pokemon Sword & Pokemon Shield,The Isle of Armor,,game_midi/Pokemon_Nintendo Switch_Pokemon Sword & Pokemon Shield_The Isle of Armor.mid
ambiguous_other,Pokemon,Wii U,Pokken Tournament,Synergy Burst,,game_midi/Pokemon_Wii U_Pokken Tournament_Synergy Burst.mid
ambiguous_other,Pokemon,Wii,PokePark Wii Pikachus Adventure,Loading Screen,,game_midi/Pokemon_Wii_PokePark Wii Pikachus Adventure_Loading Screen.mid
ambiguous_other,Pokemon,Wii,PokePark Wii Pikachus Adventure,Meeting Place,,game_midi/Pokemon_Wii_PokePark Wii Pikachus Adventure_Meeting Place.mid
ambiguous_other,Professor Layton,Nintendo 3DS,Professor Layton and the Azran Legacy,The Silver Peaks of Froenborg,,game_midi/Professor Layton_Nintendo 3DS_Professor Layton and the Azran Legacy_The Silver Peaks of Froenborg.mid
ambiguous_other,Professor Layton,Nintendo 3DS,Professor Layton and the Azran Legacy,Warmth and Kindness,,game_midi/Professor Layton_Nintendo 3DS_Professor Layton and the Azran Legacy_Warmth and Kindness.mid
ambiguous_other,Professor Layton,Nintendo 3DS,Professor Layton and the Miracle Mask,A Moment of Calm,,game_midi/Professor Layton_Nintendo 3DS_Professor Layton and the Miracle Mask_A Moment of Calm.mid
looping_gameplay_bgm,Professor Layton,Nintendo 3DS,Professor Layton and the Miracle Mask,Monte dOr City of Miracles,city,game_midi/Professor Layton_Nintendo 3DS_Professor Layton and the Miracle Mask_Monte dOr City of Miracles.mid
ambiguous_other,Professor Layton,Nintendo 3DS,Professor Layton and the Miracle Mask,Norwell,,game_midi/Professor Layton_Nintendo 3DS_Professor Layton and the Miracle Mask_Norwell.mid
looping_gameplay_bgm,Professor Layton,Nintendo 3DS,Professor Layton and the Miracle Mask,The One-Stop Shop,shop,game_midi/Professor Layton_Nintendo 3DS_Professor Layton and the Miracle Mask_The One-Stop Shop.mid
ambiguous_other,Professor Layton,Nintendo 3DS,Professor Layton vs Phoenix Wright Ace Attorney,Labyrinthia,,game_midi/Professor Layton_Nintendo 3DS_Professor Layton vs Phoenix Wright Ace Attorney_Labyrinthia.mid
looping_gameplay_bgm,Professor Layton,Nintendo DS,Professor Layton and the Curious Village,About Town,town,game_midi/Professor Layton_Nintendo DS_Professor Layton and the Curious Village_About Town.mid
ambiguous_other,Professor Layton,Nintendo DS,Professor Layton and the Curious Village,Baron Reinhold,,game_midi/Professor Layton_Nintendo DS_Professor Layton and the Curious Village_Baron Reinhold.mid
ambiguous_other,Professor Layton,Nintendo DS,Professor Layton and the Curious Village,Crumms Cafe,,game_midi/Professor Layton_Nintendo DS_Professor Layton and the Curious Village_Crumms Cafe.mid
looping_gameplay_bgm,Professor Layton,Nintendo DS,Professor Layton and the Curious Village,Deserted Amusement Park,park,game_midi/Professor Layton_Nintendo DS_Professor Layton and the Curious Village_Deserted Amusement Park.mid
ambiguous_other,Professor Layton,Nintendo DS,Professor Layton and the Curious Village,Down the Tubes,,game_midi/Professor Layton_Nintendo DS_Professor Layton and the Curious Village_Down the Tubes.mid
ambiguous_other,Professor Layton,Nintendo DS,Professor Layton and the Curious Village,Memories of St Mystere,,game_midi/Professor Layton_Nintendo DS_Professor Layton and the Curious Village_Memories of St Mystere.mid
ambiguous_likely_loop,Professor Layton,Nintendo DS,Professor Layton and the Curious Village,Professor Laytons Theme,theme,game_midi/Professor Layton_Nintendo DS_Professor Layton and the Curious Village_Professor Laytons Theme.mid
ambiguous_likely_loop,Professor Layton,Nintendo DS,Professor Layton and the Curious Village,Pursuit in the Night,night,game_midi/Professor Layton_Nintendo DS_Professor Layton and the Curious Village_Pursuit in the Night.mid
ambiguous_other,Professor Layton,Nintendo DS,Professor Layton and the Curious Village,Puzzles,,game_midi/Professor Layton_Nintendo DS_Professor Layton and the Curious Village_Puzzles.mid
ambiguous_other,Professor Layton,Nintendo DS,Professor Layton and the Curious Village,Setting Out,,game_midi/Professor Layton_Nintendo DS_Professor Layton and the Curious Village_Setting Out.mid
ambiguous_other,Professor Layton,Nintendo DS,Professor Layton and the Curious Village,St Mystere,,game_midi/Professor Layton_Nintendo DS_Professor Layton and the Curious Village_St Mystere.mid
ambiguous_other,Professor Layton,Nintendo DS,Professor Layton and the Curious Village,The Adventure Begins,,game_midi/Professor Layton_Nintendo DS_Professor Layton and the Curious Village_The Adventure Begins.mid
ambiguous_other,Professor Layton,Nintendo DS,Professor Layton and the Curious Village,The Great Don Paolo,,game_midi/Professor Layton_Nintendo DS_Professor Layton and the Curious Village_The Great Don Paolo.mid
looping_gameplay_bgm,Professor Layton,Nintendo DS,Professor Layton and the Curious Village,The Looming Tower,tower,game_midi/Professor Layton_Nintendo DS_Professor Layton and the Curious Village_The Looming Tower.mid
ambiguous_other,Professor Layton,Nintendo DS,Professor Layton and the Curious Village,The Plot Thickens,,game_midi/Professor Layton_Nintendo DS_Professor Layton and the Curious Village_The Plot Thickens.mid
looping_gameplay_bgm,Professor Layton,Nintendo DS,Professor Layton and the Curious Village,The Village Awakens,village,game_midi/Professor Layton_Nintendo DS_Professor Layton and the Curious Village_The Village Awakens.mid
ambiguous_other,Professor Layton,Nintendo DS,Professor Layton and the Diabolical Box,Folsense,,game_midi/Professor Layton_Nintendo DS_Professor Layton and the Diabolical Box_Folsense.mid
ambiguous_other,Professor Layton,Nintendo DS,Professor Layton and the Diabolical Box,Molentary Express,,game_midi/Professor Layton_Nintendo DS_Professor Layton and the Diabolical Box_Molentary Express.mid
ambiguous_other,Professor Layton,Nintendo DS,Professor Layton and the Last Specter,A Quiet Moment,,game_midi/Professor Layton_Nintendo DS_Professor Layton and the Last Specter_A Quiet Moment.mid
ambiguous_other,Professor Layton,Nintendo DS,Professor Layton and the Last Specter,Misthallerys Many Canals,,game_midi/Professor Layton_Nintendo DS_Professor Layton and the Last Specter_Misthallerys Many Canals.mid
looping_gameplay_bgm,Professor Layton,Nintendo DS,Professor Layton and the Unwound Future,A Quiet Town,town,game_midi/Professor Layton_Nintendo DS_Professor Layton and the Unwound Future_A Quiet Town.mid
ambiguous_other,Professor Layton,Nintendo DS,Professor Layton and the Unwound Future,London Streets,,game_midi/Professor Layton_Nintendo DS_Professor Layton and the Unwound Future_London Streets.mid
ambiguous_other,Professor Layton,Nintendo DS,Professor Layton and the Unwound Future,The Professors Reasonings,,game_midi/Professor Layton_Nintendo DS_Professor Layton and the Unwound Future_The Professors Reasonings.mid
ambiguous_other,Professor Layton,Nintendo DS,Professor Laytons London Life,Title,,game_midi/Professor Layton_Nintendo DS_Professor Laytons London Life_Title.mid
ambiguous_other,Rhythm Heaven,Game Boy Advance,Rhythm Tengoku,Sneaky Spirits,,game_midi/Rhythm Heaven_Game Boy Advance_Rhythm Tengoku_Sneaky Spirits.mid
ambiguous_other,Rhythm Heaven,Nintendo 3DS,Rhythm Heaven Megamix,Catchy Tune,,game_midi/Rhythm Heaven_Nintendo 3DS_Rhythm Heaven Megamix_Catchy Tune.mid
ambiguous_other,Rhythm Heaven,Nintendo 3DS,Rhythm Heaven Megamix,First Contact,,game_midi/Rhythm Heaven_Nintendo 3DS_Rhythm Heaven Megamix_First Contact.mid
ambiguous_other,Rhythm Heaven,Nintendo DS,Rhythm Heaven,Lets Practice!,,game_midi/Rhythm Heaven_Nintendo DS_Rhythm Heaven_Lets Practice!.mid
ambiguous_other,Rhythm Heaven,Nintendo DS,Rhythm Heaven,Munchy Monk 2,,game_midi/Rhythm Heaven_Nintendo DS_Rhythm Heaven_Munchy Monk 2.mid
ambiguous_other,Rhythm Heaven,Nintendo DS,Rhythm Heaven,Munchy Monk,,game_midi/Rhythm Heaven_Nintendo DS_Rhythm Heaven_Munchy Monk.mid
ambiguous_other,Rhythm Heaven,Nintendo DS,Rhythm Heaven,Remix 10,,game_midi/Rhythm Heaven_Nintendo DS_Rhythm Heaven_Remix 10.mid
ambiguous_other,Rhythm Heaven,Nintendo DS,Rhythm Heaven,Rhythm Rally,,game_midi/Rhythm Heaven_Nintendo DS_Rhythm Heaven_Rhythm Rally.mid
ambiguous_other,Rhythm Heaven,Nintendo DS,Rhythm Heaven,Thrilling! Is this Love? (Fan Club),,game_midi/Rhythm Heaven_Nintendo DS_Rhythm Heaven_Thrilling! Is this Love? (Fan Club).mid
ambiguous_other,Rhythm Heaven,Wii,Rhythm Heaven Fever,Hole in One,,game_midi/Rhythm Heaven_Wii_Rhythm Heaven Fever_Hole in One.mid
ambiguous_other,Rhythm Heaven,Wii,Rhythm Heaven Fever,Micro-Row 2,,game_midi/Rhythm Heaven_Wii_Rhythm Heaven Fever_Micro-Row 2.mid
ambiguous_other,Rhythm Heaven,Wii,Rhythm Heaven Fever,Micro-Row,,game_midi/Rhythm Heaven_Wii_Rhythm Heaven Fever_Micro-Row.mid
ambiguous_other,Rhythm Heaven,Wii,Rhythm Heaven Fever,Shrimp Shuffle,,game_midi/Rhythm Heaven_Wii_Rhythm Heaven Fever_Shrimp Shuffle.mid
ambiguous_other,Rhythm Heaven,Wii,Rhythm Heaven Fever,Working Dough,,game_midi/Rhythm Heaven_Wii_Rhythm Heaven Fever_Working Dough.mid
finite_song_or_cue,SaGa,Game Boy,Final Fantasy Legend II,Ending Theme 1,"ending, ending theme",game_midi/SaGa_Game Boy_Final Fantasy Legend II_Ending Theme 1.mid
ambiguous_other,SaGa,Game Boy,Final Fantasy Legend II,Lethal Strike,,game_midi/SaGa_Game Boy_Final Fantasy Legend II_Lethal Strike.mid
ambiguous_other,SaGa,Game Boy,Final Fantasy Legend II,The Tranquil Earth,,game_midi/SaGa_Game Boy_Final Fantasy Legend II_The Tranquil Earth.mid
ambiguous_other,SaGa,Game Boy,The Final Fantasy Legend,Eat the Meat,,game_midi/SaGa_Game Boy_The Final Fantasy Legend_Eat the Meat.mid
looping_gameplay_bgm,SaGa,Game Boy,The Final Fantasy Legend,Fight,fight,game_midi/SaGa_Game Boy_The Final Fantasy Legend_Fight.mid
looping_gameplay_bgm,SaGa,Game Boy,The Final Fantasy Legend,Town,town,game_midi/SaGa_Game Boy_The Final Fantasy Legend_Town.mid
ambiguous_other,SaGa,Game Boy,The Final Fantasy Legend,Wipe Your Tears Away,,game_midi/SaGa_Game Boy_The Final Fantasy Legend_Wipe Your Tears Away.mid
ambiguous_other,SaGa,Super Nintendo Entertainment System,Romancing SaGa,The Conflict,,game_midi/SaGa_Super Nintendo Entertainment System_Romancing SaGa_The Conflict.mid
ambiguous_other,Sonic,Dreamcast,Sonic Adventure 2,Cannons Core Part 3,,game_midi/Sonic_Dreamcast_Sonic Adventure 2_Cannons Core Part 3.mid
ambiguous_other,Sonic,Dreamcast,Sonic Adventure 2,EGGMAN,,game_midi/Sonic_Dreamcast_Sonic Adventure 2_EGGMAN.mid
ambiguous_other,Sonic,Dreamcast,Sonic Adventure 2,In the Groove,,game_midi/Sonic_Dreamcast_Sonic Adventure 2_In the Groove.mid
ambiguous_other,Sonic,Dreamcast,Sonic Adventure 2,Metal Harbor,,game_midi/Sonic_Dreamcast_Sonic Adventure 2_Metal Harbor.mid
ambiguous_other,Sonic,Dreamcast,Sonic Adventure 2,Pumpkin Hill,,game_midi/Sonic_Dreamcast_Sonic Adventure 2_Pumpkin Hill.mid
ambiguous_other,Sonic,Dreamcast,Sonic Adventure 2,Riff A,,game_midi/Sonic_Dreamcast_Sonic Adventure 2_Riff A.mid
ambiguous_other,Sonic,Dreamcast,Sonic Adventure,Windy Hill,,game_midi/Sonic_Dreamcast_Sonic Adventure_Windy Hill.mid
looping_gameplay_bgm,Sonic,Multiplatform,Sonic Chaos,Turquoise Hill Zone,zone,game_midi/Sonic_Multiplatform_Sonic Chaos_Turquoise Hill Zone.mid
looping_gameplay_bgm,Sonic,Multiplatform,Sonic the Hedgehog (Game GearMaster System),Bridge Zone,zone,game_midi/Sonic_Multiplatform_Sonic the Hedgehog (Game GearMaster System)_Bridge Zone.mid
looping_gameplay_bgm,Sonic,PC,Sonic and Knuckles Collection,Launch Base Zone Act 1,"zone, ase",game_midi/Sonic_PC_Sonic and Knuckles Collection_Launch Base Zone Act 1.mid
looping_gameplay_bgm,Sonic,PC,Sonic and Knuckles Collection,Launch Base Zone Act 2,"zone, ase",game_midi/Sonic_PC_Sonic and Knuckles Collection_Launch Base Zone Act 2.mid
ambiguous_other,Sonic,Sega CD,Sonic the Hedgehog CD,Stardust Speedway Bad Future (JP),,game_midi/Sonic_Sega CD_Sonic the Hedgehog CD_Stardust Speedway Bad Future (JP).mid
looping_gameplay_bgm,Sonic,Sega Genesis,Sonic & Knuckles,Act 1 Boss,oss,game_midi/Sonic_Sega Genesis_Sonic & Knuckles_Act 1 Boss.mid
looping_gameplay_bgm,Sonic,Sega Genesis,Sonic & Knuckles,Lava Reef Zone Act 1,zone,game_midi/Sonic_Sega Genesis_Sonic & Knuckles_Lava Reef Zone Act 1.mid
looping_gameplay_bgm,Sonic,Sega Genesis,Sonic & Knuckles,Sandopolis Zone Act 1,zone,game_midi/Sonic_Sega Genesis_Sonic & Knuckles_Sandopolis Zone Act 1.mid
looping_gameplay_bgm,Sonic,Sega Genesis,Sonic & Knuckles,The Doomsday Zone,zone,game_midi/Sonic_Sega Genesis_Sonic & Knuckles_The Doomsday Zone.mid
looping_gameplay_bgm,Sonic,Sega Genesis,Sonic the Hedgehog 2,Aquatic Ruin Zone,zone,game_midi/Sonic_Sega Genesis_Sonic the Hedgehog 2_Aquatic Ruin Zone.mid
looping_gameplay_bgm,Sonic,Sega Genesis,Sonic the Hedgehog 2,Boss Theme,oss,game_midi/Sonic_Sega Genesis_Sonic the Hedgehog 2_Boss Theme.mid
looping_gameplay_bgm,Sonic,Sega Genesis,Sonic the Hedgehog 2,Casino Night Zone,"zone, casino",game_midi/Sonic_Sega Genesis_Sonic the Hedgehog 2_Casino Night Zone.mid
looping_gameplay_bgm,Sonic,Sega Genesis,Sonic the Hedgehog 2,Chemical Plant Zone,zone,game_midi/Sonic_Sega Genesis_Sonic the Hedgehog 2_Chemical Plant Zone.mid
looping_gameplay_bgm,Sonic,Sega Genesis,Sonic the Hedgehog 2,Death Egg Zone,zone,game_midi/Sonic_Sega Genesis_Sonic the Hedgehog 2_Death Egg Zone.mid
looping_gameplay_bgm,Sonic,Sega Genesis,Sonic the Hedgehog 2,Emerald Hill Zone,zone,game_midi/Sonic_Sega Genesis_Sonic the Hedgehog 2_Emerald Hill Zone.mid
looping_gameplay_bgm,Sonic,Sega Genesis,Sonic the Hedgehog 2,Final Boss,oss,game_midi/Sonic_Sega Genesis_Sonic the Hedgehog 2_Final Boss.mid
looping_gameplay_bgm,Sonic,Sega Genesis,Sonic the Hedgehog 2,Hill Top Zone,zone,game_midi/Sonic_Sega Genesis_Sonic the Hedgehog 2_Hill Top Zone.mid
looping_gameplay_bgm,Sonic,Sega Genesis,Sonic the Hedgehog 2,Metropolis Zone,zone,game_midi/Sonic_Sega Genesis_Sonic the Hedgehog 2_Metropolis Zone.mid
looping_gameplay_bgm,Sonic,Sega Genesis,Sonic the Hedgehog 2,Mystic Cave Zone (2 Player),"zone, cave",game_midi/Sonic_Sega Genesis_Sonic the Hedgehog 2_Mystic Cave Zone (2 Player).mid
looping_gameplay_bgm,Sonic,Sega Genesis,Sonic the Hedgehog 2,Mystic Cave Zone,"zone, cave",game_midi/Sonic_Sega Genesis_Sonic the Hedgehog 2_Mystic Cave Zone.mid
looping_gameplay_bgm,Sonic,Sega Genesis,Sonic the Hedgehog 2,Oil Ocean Zone,"zone, ocean",game_midi/Sonic_Sega Genesis_Sonic the Hedgehog 2_Oil Ocean Zone.mid
looping_gameplay_bgm,Sonic,Sega Genesis,Sonic the Hedgehog 2,Sky Chase Zone,zone,game_midi/Sonic_Sega Genesis_Sonic the Hedgehog 2_Sky Chase Zone.mid
looping_gameplay_bgm,Sonic,Sega Genesis,Sonic the Hedgehog 2,Wing Fortress Zone,"zone, fortress",game_midi/Sonic_Sega Genesis_Sonic the Hedgehog 2_Wing Fortress Zone.mid
looping_gameplay_bgm,Sonic,Sega Genesis,Sonic the Hedgehog 3,Boss Battle,"attle!?, oss",game_midi/Sonic_Sega Genesis_Sonic the Hedgehog 3_Boss Battle.mid
looping_gameplay_bgm,Sonic,Sega Genesis,Sonic the Hedgehog 3,Endless Mine,mine,game_midi/Sonic_Sega Genesis_Sonic the Hedgehog 3_Endless Mine.mid
looping_gameplay_bgm,Sonic,Sega Genesis,Sonic the Hedgehog 3,Hydrocity Zone Act 1,zone,game_midi/Sonic_Sega Genesis_Sonic the Hedgehog 3_Hydrocity Zone Act 1.mid
looping_gameplay_bgm,Sonic,Sega Genesis,Sonic the Hedgehog 3,Hydrocity Zone Act 2,zone,game_midi/Sonic_Sega Genesis_Sonic the Hedgehog 3_Hydrocity Zone Act 2.mid
looping_gameplay_bgm,Sonic,Sega Genesis,Sonic the Hedgehog 3,Ice Cap Zone Act 1,zone,game_midi/Sonic_Sega Genesis_Sonic the Hedgehog 3_Ice Cap Zone Act 1.mid
ambiguous_other,Sonic,Sega Genesis,Sonic the Hedgehog Spinball,Toxic Caves,,game_midi/Sonic_Sega Genesis_Sonic the Hedgehog Spinball_Toxic Caves.mid
looping_gameplay_bgm,Sonic,Sega Genesis,Sonic the Hedgehog,Green Hill Zone,zone,game_midi/Sonic_Sega Genesis_Sonic the Hedgehog_Green Hill Zone.mid
ambiguous_likely_loop,Sonic,Sega Genesis,Sonic the Hedgehog,Invincibility Theme,theme,game_midi/Sonic_Sega Genesis_Sonic the Hedgehog_Invincibility Theme.mid
looping_gameplay_bgm,Sonic,Sega Genesis,Sonic the Hedgehog,Labyrinth Zone,zone,game_midi/Sonic_Sega Genesis_Sonic the Hedgehog_Labyrinth Zone.mid
looping_gameplay_bgm,Sonic,Sega Genesis,Sonic the Hedgehog,Scrap Brain Zone,zone,game_midi/Sonic_Sega Genesis_Sonic the Hedgehog_Scrap Brain Zone.mid
looping_gameplay_bgm,Sonic,Sega Genesis,Sonic the Hedgehog,Special Stage,stage,game_midi/Sonic_Sega Genesis_Sonic the Hedgehog_Special Stage.mid
looping_gameplay_bgm,Sonic,Sega Genesis,Sonic the Hedgehog,Spring Yard Zone,zone,game_midi/Sonic_Sega Genesis_Sonic the Hedgehog_Spring Yard Zone.mid
looping_gameplay_bgm,Sonic,Sega Genesis,Sonic the Hedgehog,Star Light Zone,zone,game_midi/Sonic_Sega Genesis_Sonic the Hedgehog_Star Light Zone.mid
ambiguous_other,Sonic,Wii,Sonic and the Secret Rings,High and Broken,,game_midi/Sonic_Wii_Sonic and the Secret Rings_High and Broken.mid
ambiguous_other,Star Fox,GCN,Star Fox Adventures,Dark Ice Mines_0,,game_midi/Star Fox_GCN_Star Fox Adventures_Dark Ice Mines_0.mid
ambiguous_other,Star Fox,Nintendo 64,Star Fox 64,Aquas,,game_midi/Star Fox_Nintendo 64_Star Fox 64_Aquas.mid
ambiguous_likely_loop,Star Fox,Nintendo 64,Star Fox 64,Bills Theme & Katts Theme,theme,game_midi/Star Fox_Nintendo 64_Star Fox 64_Bills Theme & Katts Theme.mid
finite_song_or_cue,Star Fox,Nintendo 64,Star Fox 64,Introduction,introduction,game_midi/Star Fox_Nintendo 64_Star Fox 64_Introduction.mid
looping_gameplay_bgm,Star Fox,Nintendo 64,Star Fox 64,Map,map,game_midi/Star Fox_Nintendo 64_Star Fox 64_Map.mid
ambiguous_other,Star Fox,Nintendo 64,Star Fox 64,Meteo,,game_midi/Star Fox_Nintendo 64_Star Fox 64_Meteo.mid
ambiguous_other,Star Fox,Nintendo 64,Star Fox 64,Sector X,,game_midi/Star Fox_Nintendo 64_Star Fox 64_Sector X.mid
finite_song_or_cue,Star Fox,Nintendo 64,Star Fox 64,Start Demo 1 (Starfox Main Theme),demo,game_midi/Star Fox_Nintendo 64_Star Fox 64_Start Demo 1 (Starfox Main Theme).mid
ambiguous_other,Star Fox,Nintendo 64,Star Fox 64,Starwolf,,game_midi/Star Fox_Nintendo 64_Star Fox 64_Starwolf.mid
ambiguous_likely_loop,Star Fox,Nintendo GameCube,Star Fox Assault,Main Theme,theme,game_midi/Star Fox_Nintendo GameCube_Star Fox Assault_Main Theme.mid
looping_gameplay_bgm,Star Fox,Nintendo GameCube,Star Fox Assault,Sargasso Space Hideout,hideout,game_midi/Star Fox_Nintendo GameCube_Star Fox Assault_Sargasso Space Hideout.mid
ambiguous_other,Star Fox,Nintendo GameCube,Star Fox Assault,Space Battleground,,game_midi/Star Fox_Nintendo GameCube_Star Fox Assault_Space Battleground.mid
ambiguous_other,Star Fox,SNES,Star Fox,Corneria_0,,game_midi/Star Fox_SNES_Star Fox_Corneria_0.mid
ambiguous_other,Star Fox,SNES,Star Fox,Map_0,,game_midi/Star Fox_SNES_Star Fox_Map_0.mid
ambiguous_other,Star Fox,SNES,Star Fox,SpaceArmada_0,,game_midi/Star Fox_SNES_Star Fox_SpaceArmada_0.mid
ambiguous_other,Star Fox,SNES,Star Fox,Stage_Clear_0,,game_midi/Star Fox_SNES_Star Fox_Stage_Clear_0.mid
ambiguous_other,Star Fox,SNES,Star Fox,Venom_0,,game_midi/Star Fox_SNES_Star Fox_Venom_0.mid
finite_song_or_cue,Star Fox,Wii U,Star Fox Zero,Staff Credits 2,credits?,game_midi/Star Fox_Wii U_Star Fox Zero_Staff Credits 2.mid
ambiguous_other,Super Mario,Arcade,Mario Bros,Music from Mario Bros,,game_midi/Super Mario_Arcade_Mario Bros_Music from Mario Bros.mid
looping_gameplay_bgm,Super Mario,Game Boy Advance,Mario & Luigi Superstar Saga,Beanbean Castle,castle,game_midi/Super Mario_Game Boy Advance_Mario & Luigi Superstar Saga_Beanbean Castle.mid
looping_gameplay_bgm,Super Mario,Game Boy Advance,Mario & Luigi Superstar Saga,Boss Theme,oss,game_midi/Super Mario_Game Boy Advance_Mario & Luigi Superstar Saga_Boss Theme.mid
ambiguous_likely_loop,Super Mario,Game Boy Advance,Mario & Luigi Superstar Saga,Cackletta Theme,theme,game_midi/Super Mario_Game Boy Advance_Mario & Luigi Superstar Saga_Cackletta Theme.mid
looping_gameplay_bgm,Super Mario,Game Boy Advance,Mario & Luigi Superstar Saga,Castle Area,"area, castle",game_midi/Super Mario_Game Boy Advance_Mario & Luigi Superstar Saga_Castle Area.mid
looping_gameplay_bgm,Super Mario,Game Boy Advance,Mario & Luigi Superstar Saga,Castle Courtyard,castle,game_midi/Super Mario_Game Boy Advance_Mario & Luigi Superstar Saga_Castle Courtyard.mid
looping_gameplay_bgm,Super Mario,Game Boy Advance,Mario & Luigi Superstar Saga,Chucklehuck Woods,woods,game_midi/Super Mario_Game Boy Advance_Mario & Luigi Superstar Saga_Chucklehuck Woods.mid
ambiguous_other,Super Mario,Game Boy Advance,Mario & Luigi Superstar Saga,Come On!,,game_midi/Super Mario_Game Boy Advance_Mario & Luigi Superstar Saga_Come On!.mid
looping_gameplay_bgm,Super Mario,Game Boy Advance,Mario & Luigi Superstar Saga,Elemental Palace,palace,game_midi/Super Mario_Game Boy Advance_Mario & Luigi Superstar Saga_Elemental Palace.mid
ambiguous_other,Super Mario,Game Boy Advance,Mario & Luigi Superstar Saga,File SelectGame Over,,game_midi/Super Mario_Game Boy Advance_Mario & Luigi Superstar Saga_File SelectGame Over.mid
ambiguous_other,Super Mario,Game Boy Advance,Mario & Luigi Superstar Saga,Final Cackletta,,game_midi/Super Mario_Game Boy Advance_Mario & Luigi Superstar Saga_Final Cackletta.mid
ambiguous_other,Super Mario,Game Boy Advance,Mario & Luigi Superstar Saga,Gwarhar Lagoon,,game_midi/Super Mario_Game Boy Advance_Mario & Luigi Superstar Saga_Gwarhar Lagoon.mid
ambiguous_other,Super Mario,Game Boy Advance,Mario & Luigi Superstar Saga,His Name is Fawful,,game_midi/Super Mario_Game Boy Advance_Mario & Luigi Superstar Saga_His Name is Fawful.mid
looping_gameplay_bgm,Super Mario,Game Boy Advance,Mario & Luigi Superstar Saga,Hoohoo Village,village,game_midi/Super Mario_Game Boy Advance_Mario & Luigi Superstar Saga_Hoohoo Village.mid
ambiguous_other,Super Mario,Game Boy Advance,Mario & Luigi Superstar Saga,Peach Misfortune,,game_midi/Super Mario_Game Boy Advance_Mario & Luigi Superstar Saga_Peach Misfortune.mid
ambiguous_other,Super Mario,Game Boy Advance,Mario & Luigi Superstar Saga,Rookie & Popple,,game_midi/Super Mario_Game Boy Advance_Mario & Luigi Superstar Saga_Rookie & Popple.mid
ambiguous_other,Super Mario,Game Boy Advance,Mario & Luigi Superstar Saga,Seabed,,game_midi/Super Mario_Game Boy Advance_Mario & Luigi Superstar Saga_Seabed.mid
looping_gameplay_bgm,Super Mario,Game Boy Advance,Mario & Luigi Superstar Saga,Teehee Valley,valley,game_midi/Super Mario_Game Boy Advance_Mario & Luigi Superstar Saga_Teehee Valley.mid
ambiguous_likely_loop,Super Mario,Game Boy Advance,Mario & Luigi Superstar Saga,Title Theme,theme,game_midi/Super Mario_Game Boy Advance_Mario & Luigi Superstar Saga_Title Theme.mid
ambiguous_other,Super Mario,Game Boy Advance,Mario Golf Advance Tour,Title,,game_midi/Super Mario_Game Boy Advance_Mario Golf Advance Tour_Title.mid
looping_gameplay_bgm,Super Mario,Game Boy Advance,Super Mario Advance 4 Super Mario Bros 3,World-e,world,game_midi/Super Mario_Game Boy Advance_Super Mario Advance 4 Super Mario Bros 3_World-e.mid
looping_gameplay_bgm,Super Mario,Game Boy Advance,Super Mario Advance,Bonus Stage (Mario Bros Classic),stage,game_midi/Super Mario_Game Boy Advance_Super Mario Advance_Bonus Stage (Mario Bros Classic).mid
looping_gameplay_bgm,Super Mario,Game Boy Advance,Super Mario Advance,Game Select,select,game_midi/Super Mario_Game Boy Advance_Super Mario Advance_Game Select.mid
ambiguous_other,Super Mario,Game Boy Advance,Super Mario Advance,Inside a Jar,,game_midi/Super Mario_Game Boy Advance_Super Mario Advance_Inside a Jar.mid
ambiguous_other,Super Mario,Game Boy Advance,Super Mario Advance,Mario Bros Classic,,game_midi/Super Mario_Game Boy Advance_Super Mario Advance_Mario Bros Classic.mid
ambiguous_other,Super Mario,Game Boy Advance,Super Mario Advance,Yoshi Egg Challenge,,game_midi/Super Mario_Game Boy Advance_Super Mario Advance_Yoshi Egg Challenge.mid
looping_gameplay_bgm,Super Mario,Game Boy Advance,Wario Land 4,Crescent Moon Village,"village, moon",game_midi/Super Mario_Game Boy Advance_Wario Land 4_Crescent Moon Village.mid
looping_gameplay_bgm,Super Mario,Game Boy Advance,Wario Land 4,Hall of Hieroglyphs,hall,game_midi/Super Mario_Game Boy Advance_Wario Land 4_Hall of Hieroglyphs.mid
looping_gameplay_bgm,Super Mario,Game Boy Advance,Wario Land 4,Monsoon Jungle,jungle,game_midi/Super Mario_Game Boy Advance_Wario Land 4_Monsoon Jungle.mid
looping_gameplay_bgm,Super Mario,Game Boy Advance,Wario Land 4,Mystic Lake,lake,game_midi/Super Mario_Game Boy Advance_Wario Land 4_Mystic Lake.mid
ambiguous_other,Super Mario,Game Boy Advance,Wario Land 4,The Big Board,,game_midi/Super Mario_Game Boy Advance_Wario Land 4_The Big Board.mid
looping_gameplay_bgm,Super Mario,Game Boy Advance,Wario Land 4,Toy Block Tower,tower,game_midi/Super Mario_Game Boy Advance_Wario Land 4_Toy Block Tower.mid
ambiguous_other,Super Mario,Game Boy Color,Mario Golf,Bogey,,game_midi/Super Mario_Game Boy Color_Mario Golf_Bogey.mid
ambiguous_other,Super Mario,Game Boy Color,Mario Golf,Caddie Masters Office,,game_midi/Super Mario_Game Boy Color_Mario Golf_Caddie Masters Office.mid
looping_gameplay_bgm,Super Mario,Game Boy Color,Mario Golf,Directors Room,room,game_midi/Super Mario_Game Boy Color_Mario Golf_Directors Room.mid
finite_song_or_cue,Super Mario,Game Boy Color,Mario Golf,Intro,intro,game_midi/Super Mario_Game Boy Color_Mario Golf_Intro.mid
ambiguous_other,Super Mario,Game Boy Color,Mario Golf,Marion Clubhouse,,game_midi/Super Mario_Game Boy Color_Mario Golf_Marion Clubhouse.mid
ambiguous_other,Super Mario,Game Boy Color,Mario Golf,Playing Golf 1,,game_midi/Super Mario_Game Boy Color_Mario Golf_Playing Golf 1.mid
ambiguous_other,Super Mario,Game Boy Color,Mario Golf,Playing Golf 2,,game_midi/Super Mario_Game Boy Color_Mario Golf_Playing Golf 2.mid
ambiguous_other,Super Mario,Game Boy Color,Mario Tennis,Courtyard,,game_midi/Super Mario_Game Boy Color_Mario Tennis_Courtyard.mid
ambiguous_other,Super Mario,Game Boy Color,Mario Tennis,Dormitory,,game_midi/Super Mario_Game Boy Color_Mario Tennis_Dormitory.mid
ambiguous_other,Super Mario,Game Boy Color,Mario Tennis,Junior Class Match,,game_midi/Super Mario_Game Boy Color_Mario Tennis_Junior Class Match.mid
ambiguous_other,Super Mario,Game Boy Color,Wario Land 3,Collossal Hole,,game_midi/Super Mario_Game Boy Color_Wario Land 3_Collossal Hole.mid
looping_gameplay_bgm,Super Mario,Game Boy Color,Wario Land 3,Map Screen (Daytime),map,game_midi/Super Mario_Game Boy Color_Wario Land 3_Map Screen (Daytime).mid
looping_gameplay_bgm,Super Mario,Game Boy Color,Wario Land 3,The Frigid Sea,sea,game_midi/Super Mario_Game Boy Color_Wario Land 3_The Frigid Sea.mid
ambiguous_other,Super Mario,Game Boy Color,Wario Land 3,Tidal Coast,,game_midi/Super Mario_Game Boy Color_Wario Land 3_Tidal Coast.mid
ambiguous_other,Super Mario,Game Boy,Super Mario Land 2 6 Golden Coins,Athletic,,game_midi/Super Mario_Game Boy_Super Mario Land 2 6 Golden Coins_Athletic.mid
looping_gameplay_bgm,Super Mario,Game Boy,Super Mario Land 2 6 Golden Coins,Boss Battle,"attle!?, oss",game_midi/Super Mario_Game Boy_Super Mario Land 2 6 Golden Coins_Boss Battle.mid
looping_gameplay_bgm,Super Mario,Game Boy,Super Mario Land 2 6 Golden Coins,File Select,select,game_midi/Super Mario_Game Boy_Super Mario Land 2 6 Golden Coins_File Select.mid
ambiguous_other,Super Mario,Game Boy,Super Mario Land 2 6 Golden Coins,Graveyard,,game_midi/Super Mario_Game Boy_Super Mario Land 2 6 Golden Coins_Graveyard.mid
looping_gameplay_bgm,Super Mario,Game Boy,Super Mario Land 2 6 Golden Coins,Haunted House,house,game_midi/Super Mario_Game Boy_Super Mario Land 2 6 Golden Coins_Haunted House.mid
looping_gameplay_bgm,Super Mario,Game Boy,Super Mario Land 2 6 Golden Coins,Overworld Map,"overworld, map",game_midi/Super Mario_Game Boy_Super Mario Land 2 6 Golden Coins_Overworld Map.mid
ambiguous_other,Super Mario,Game Boy,Super Mario Land 2 6 Golden Coins,Seashore,,game_midi/Super Mario_Game Boy_Super Mario Land 2 6 Golden Coins_Seashore.mid
finite_song_or_cue,Super Mario,Game Boy,Super Mario Land 2 6 Golden Coins,Staff Roll,staff roll,game_midi/Super Mario_Game Boy_Super Mario Land 2 6 Golden Coins_Staff Roll.mid
ambiguous_other,Super Mario,Game Boy,Super Mario Land 2 6 Golden Coins,Star Maze,,game_midi/Super Mario_Game Boy_Super Mario Land 2 6 Golden Coins_Star Maze.mid
looping_gameplay_bgm,Super Mario,Game Boy,Super Mario Land 2 6 Golden Coins,The Castle Gates,castle,game_midi/Super Mario_Game Boy_Super Mario Land 2 6 Golden Coins_The Castle Gates.mid
looping_gameplay_bgm,Super Mario,Game Boy,Super Mario Land 2 6 Golden Coins,The Moon,moon,game_midi/Super Mario_Game Boy_Super Mario Land 2 6 Golden Coins_The Moon.mid
ambiguous_other,Super Mario,Game Boy,Super Mario Land 2 6 Golden Coins,Treetop,,game_midi/Super Mario_Game Boy_Super Mario Land 2 6 Golden Coins_Treetop.mid
looping_gameplay_bgm,Super Mario,Game Boy,Super Mario Land 2 6 Golden Coins,Warios Castle,castle,game_midi/Super Mario_Game Boy_Super Mario Land 2 6 Golden Coins_Warios Castle.mid
looping_gameplay_bgm,Super Mario,Game Boy,Super Mario Land 2 6 Golden Coins,Zone Medley,zone,game_midi/Super Mario_Game Boy_Super Mario Land 2 6 Golden Coins_Zone Medley.mid
ambiguous_other,Super Mario,Game Boy,Super Mario Land,Birabuto Kingdom,,game_midi/Super Mario_Game Boy_Super Mario Land_Birabuto Kingdom.mid
ambiguous_other,Super Mario,Game Boy,Super Mario Land,Chai Kingdom,,game_midi/Super Mario_Game Boy_Super Mario Land_Chai Kingdom.mid
ambiguous_other,Super Mario,Game Boy,Super Mario Land,Easton Kingdom,,game_midi/Super Mario_Game Boy_Super Mario Land_Easton Kingdom.mid
finite_song_or_cue,Super Mario,Game Boy,Super Mario Land,Ending,ending,game_midi/Super Mario_Game Boy_Super Mario Land_Ending.mid
ambiguous_other,Super Mario,Game Boy,Super Mario Land,"Marine Pop, Sky Pop!",,"game_midi/Super Mario_Game Boy_Super Mario Land_Marine Pop, Sky Pop!.mid"
ambiguous_other,Super Mario,Game Boy,Super Mario Land,Muda Kingdom,,game_midi/Super Mario_Game Boy_Super Mario Land_Muda Kingdom.mid
ambiguous_other,Super Mario,Game Boy,Super Mario Land,Short Themes & Sound Effects,,game_midi/Super Mario_Game Boy_Super Mario Land_Short Themes & Sound Effects.mid
looping_gameplay_bgm,Super Mario,Game Boy,Wario Land II,Anyone for B-ball? - Boss Theme,oss,game_midi/Super Mario_Game Boy_Wario Land II_Anyone for B-ball? - Boss Theme.mid
ambiguous_other,Super Mario,Game Boy,Wario Land II,Bouncy Wario,,game_midi/Super Mario_Game Boy_Wario Land II_Bouncy Wario.mid
ambiguous_other,Super Mario,Game Boy,Wario Land II,The Journey Home,,game_midi/Super Mario_Game Boy_Wario Land II_The Journey Home.mid
looping_gameplay_bgm,Super Mario,Game Boy,Wario Land Super Mario Land 3,Kitchen Island,island,game_midi/Super Mario_Game Boy_Wario Land Super Mario Land 3_Kitchen Island.mid
looping_gameplay_bgm,Super Mario,Game Boy,Wario Land Super Mario Land 3,Stage Theme I,stage,game_midi/Super Mario_Game Boy_Wario Land Super Mario Land 3_Stage Theme I.mid
ambiguous_other,Super Mario,Multiplatform,Yoshis Cookie,1P Music Type C,,game_midi/Super Mario_Multiplatform_Yoshis Cookie_1P Music Type C.mid
ambiguous_other,Super Mario,Multiplatform,Yoshis Cookie,2P Music Type C,,game_midi/Super Mario_Multiplatform_Yoshis Cookie_2P Music Type C.mid
ambiguous_other,Super Mario,Multiplatform,Yoshis Cookie,Music A,,game_midi/Super Mario_Multiplatform_Yoshis Cookie_Music A.mid
ambiguous_other,Super Mario,Multiplatform,Yoshis Cookie,Music B,,game_midi/Super Mario_Multiplatform_Yoshis Cookie_Music B.mid
ambiguous_other,Super Mario,Multiplatform,Yoshis Cookie,Title Screen,,game_midi/Super Mario_Multiplatform_Yoshis Cookie_Title Screen.mid
looping_gameplay_bgm,Super Mario,Multiplatform,Yoshis Cookie,Versus Mode,versus,game_midi/Super Mario_Multiplatform_Yoshis Cookie_Versus Mode.mid
looping_gameplay_bgm,Super Mario,Multiplatform,Yoshis Cookie,Versus Music C,versus,game_midi/Super Mario_Multiplatform_Yoshis Cookie_Versus Music C.mid
ambiguous_other,Super Mario,N64,Super Mario 64,Cool Cool Mountain_0,,game_midi/Super Mario_N64_Super Mario 64_Cool Cool Mountain_0.mid
ambiguous_other,Super Mario,N64,Super Mario 64,Dire Dire Docks_0,,game_midi/Super Mario_N64_Super Mario 64_Dire Dire Docks_0.mid
ambiguous_other,Super Mario,N64,Super Mario 64,Final Bowser_0,,game_midi/Super Mario_N64_Super Mario 64_Final Bowser_0.mid
ambiguous_other,Super Mario,N64,Super Mario 64,Haunted Merry Go Round_0,,game_midi/Super Mario_N64_Super Mario 64_Haunted Merry Go Round_0.mid
ambiguous_other,Super Mario,N64,Super Mario 64,Koopas Theme_0,,game_midi/Super Mario_N64_Super Mario 64_Koopas Theme_0.mid
ambiguous_other,Super Mario,N64,Super Mario 64,Princess Secret Slide_0,,game_midi/Super Mario_N64_Super Mario 64_Princess Secret Slide_0.mid
looping_gameplay_bgm,Super Mario,N64,Super Mario 64,Select a File_0,select,game_midi/Super Mario_N64_Super Mario 64_Select a File_0.mid
ambiguous_other,Super Mario,NES,Super Mario Bros,Main Theme_0,,game_midi/Super Mario_NES_Super Mario Bros_Main Theme_0.mid
ambiguous_other,Super Mario,NES,Super Mario Bros,Underwater_0,,game_midi/Super Mario_NES_Super Mario Bros_Underwater_0.mid
ambiguous_other,Super Mario,NES,Super Mario Bros,Underworld_0,,game_midi/Super Mario_NES_Super Mario Bros_Underworld_0.mid
ambiguous_other,Super Mario,Nintendo 3DS,Luigis Mansion Dark Moon,Catching Ghosts 3,,game_midi/Super Mario_Nintendo 3DS_Luigis Mansion Dark Moon_Catching Ghosts 3.mid
ambiguous_other,Super Mario,Nintendo 3DS,Luigis Mansion Dark Moon,Ghostly Piano,,game_midi/Super Mario_Nintendo 3DS_Luigis Mansion Dark Moon_Ghostly Piano.mid
ambiguous_other,Super Mario,Nintendo 3DS,Luigis Mansion Dark Moon,Gloomy Manor,,game_midi/Super Mario_Nintendo 3DS_Luigis Mansion Dark Moon_Gloomy Manor.mid
ambiguous_other,Super Mario,Nintendo 3DS,Luigis Mansion Dark Moon,Scarescraper,,game_midi/Super Mario_Nintendo 3DS_Luigis Mansion Dark Moon_Scarescraper.mid
looping_gameplay_bgm,Super Mario,Nintendo 3DS,Luigis Mansion Dark Moon,Secret Mine,mine,game_midi/Super Mario_Nintendo 3DS_Luigis Mansion Dark Moon_Secret Mine.mid
ambiguous_other,Super Mario,Nintendo 3DS,Luigis Mansion Dark Moon,Sticky Situation,,game_midi/Super Mario_Nintendo 3DS_Luigis Mansion Dark Moon_Sticky Situation.mid
ambiguous_likely_loop,Super Mario,Nintendo 3DS,Luigis Mansion Dark Moon,Title Theme,theme,game_midi/Super Mario_Nintendo 3DS_Luigis Mansion Dark Moon_Title Theme.mid
looping_gameplay_bgm,Super Mario,Nintendo 3DS,Mario & Luigi Dream Team,Breezy Mushrise Park,park,game_midi/Super Mario_Nintendo 3DS_Mario & Luigi Dream Team_Breezy Mushrise Park.mid
ambiguous_other,Super Mario,Nintendo 3DS,Mario & Luigi Dream Team,Dreamy Mushrise Winds,,game_midi/Super Mario_Nintendo 3DS_Mario & Luigi Dream Team_Dreamy Mushrise Winds.mid
ambiguous_other,Super Mario,Nintendo 3DS,Mario & Luigi Dream Team,The Law of Pajamaja,,game_midi/Super Mario_Nintendo 3DS_Mario & Luigi Dream Team_The Law of Pajamaja.mid
ambiguous_other,Super Mario,Nintendo 3DS,Mario & Luigi Paper Jam,Mario Craft Rhythm,,game_midi/Super Mario_Nintendo 3DS_Mario & Luigi Paper Jam_Mario Craft Rhythm.mid
ambiguous_other,Super Mario,Nintendo 3DS,Mario & Luigi Paper Jam,On the March,,game_midi/Super Mario_Nintendo 3DS_Mario & Luigi Paper Jam_On the March.mid
ambiguous_other,Super Mario,Nintendo 3DS,Mario & Luigi Superstar Saga + Bowsers Minions,"Everyone, Attack!",,"game_midi/Super Mario_Nintendo 3DS_Mario & Luigi Superstar Saga + Bowsers Minions_Everyone, Attack!.mid"
looping_gameplay_bgm,Super Mario,Nintendo 3DS,Super Mario 3D Land,Castle,castle,game_midi/Super Mario_Nintendo 3DS_Super Mario 3D Land_Castle.mid
looping_gameplay_bgm,Super Mario,Nintendo 3DS,Super Mario 3D Land,Clock Tower (Main Theme),tower,game_midi/Super Mario_Nintendo 3DS_Super Mario 3D Land_Clock Tower (Main Theme).mid
looping_gameplay_bgm,Super Mario,Nintendo 3DS,Super Mario 3D Land,Jazzy Overworld,overworld,game_midi/Super Mario_Nintendo 3DS_Super Mario 3D Land_Jazzy Overworld.mid
ambiguous_likely_loop,Super Mario,Nintendo 3DS,Super Mario 3D Land,Main Theme,theme,game_midi/Super Mario_Nintendo 3DS_Super Mario 3D Land_Main Theme.mid
looping_gameplay_bgm,Super Mario,Nintendo 3DS,Super Mario 3D Land,Overworld,overworld,game_midi/Super Mario_Nintendo 3DS_Super Mario 3D Land_Overworld.mid
ambiguous_other,Super Mario,Nintendo 3DS,Super Mario 3D Land,Retro Mario,,game_midi/Super Mario_Nintendo 3DS_Super Mario 3D Land_Retro Mario.mid
looping_gameplay_bgm,Super Mario,Nintendo 3DS,Super Mario 3D Land,Snow Mountain,mountain,game_midi/Super Mario_Nintendo 3DS_Super Mario 3D Land_Snow Mountain.mid
looping_gameplay_bgm,Super Mario,Nintendo 3DS,Super Mario 3D Land,Special World 1,world,game_midi/Super Mario_Nintendo 3DS_Super Mario 3D Land_Special World 1.mid
looping_gameplay_bgm,Super Mario,Nintendo 3DS,Super Mario 3D Land,Special World 2,world,game_midi/Super Mario_Nintendo 3DS_Super Mario 3D Land_Special World 2.mid
looping_gameplay_bgm,Super Mario,Nintendo 3DS,Super Mario 3D Land,Special World 3,world,game_midi/Super Mario_Nintendo 3DS_Super Mario 3D Land_Special World 3.mid
looping_gameplay_bgm,Super Mario,Nintendo 3DS,Super Mario 3D Land,Special World 4,world,game_midi/Super Mario_Nintendo 3DS_Super Mario 3D Land_Special World 4.mid
looping_gameplay_bgm,Super Mario,Nintendo 3DS,Super Mario 3D Land,Special World 5,world,game_midi/Super Mario_Nintendo 3DS_Super Mario 3D Land_Special World 5.mid
looping_gameplay_bgm,Super Mario,Nintendo 3DS,Super Mario 3D Land,Special World 6,world,game_midi/Super Mario_Nintendo 3DS_Super Mario 3D Land_Special World 6.mid
looping_gameplay_bgm,Super Mario,Nintendo 3DS,Super Mario 3D Land,Special World 7,world,game_midi/Super Mario_Nintendo 3DS_Super Mario 3D Land_Special World 7.mid
looping_gameplay_bgm,Super Mario,Nintendo 3DS,Super Mario 3D Land,Special World 8,world,game_midi/Super Mario_Nintendo 3DS_Super Mario 3D Land_Special World 8.mid
finite_song_or_cue,Super Mario,Nintendo 3DS,Super Mario 3D Land,Staff Roll (Main Theme),staff roll,game_midi/Super Mario_Nintendo 3DS_Super Mario 3D Land_Staff Roll (Main Theme).mid
looping_gameplay_bgm,Super Mario,Nintendo 3DS,Super Mario 3D Land,World 1,world,game_midi/Super Mario_Nintendo 3DS_Super Mario 3D Land_World 1.mid
looping_gameplay_bgm,Super Mario,Nintendo 3DS,Super Mario 3D Land,World 2,world,game_midi/Super Mario_Nintendo 3DS_Super Mario 3D Land_World 2.mid
looping_gameplay_bgm,Super Mario,Nintendo 3DS,Super Mario 3D Land,World 3,world,game_midi/Super Mario_Nintendo 3DS_Super Mario 3D Land_World 3.mid
looping_gameplay_bgm,Super Mario,Nintendo 3DS,Super Mario 3D Land,World 4,world,game_midi/Super Mario_Nintendo 3DS_Super Mario 3D Land_World 4.mid
looping_gameplay_bgm,Super Mario,Nintendo 3DS,Super Mario 3D Land,World 5,world,game_midi/Super Mario_Nintendo 3DS_Super Mario 3D Land_World 5.mid
looping_gameplay_bgm,Super Mario,Nintendo 3DS,Super Mario 3D Land,World 6,world,game_midi/Super Mario_Nintendo 3DS_Super Mario 3D Land_World 6.mid
looping_gameplay_bgm,Super Mario,Nintendo 3DS,Super Mario 3D Land,World 7,world,game_midi/Super Mario_Nintendo 3DS_Super Mario 3D Land_World 7.mid
looping_gameplay_bgm,Super Mario,Nintendo 3DS,Super Mario 3D Land,World 8 (Part 2),world,game_midi/Super Mario_Nintendo 3DS_Super Mario 3D Land_World 8 (Part 2).mid
looping_gameplay_bgm,Super Mario,Nintendo 3DS,Super Mario 3D Land,World 8,world,game_midi/Super Mario_Nintendo 3DS_Super Mario 3D Land_World 8.mid
finite_song_or_cue,Super Mario,Nintendo 3DS,Yoshis New Island,Staff Credits,credits?,game_midi/Super Mario_Nintendo 3DS_Yoshis New Island_Staff Credits.mid
ambiguous_other,Super Mario,Nintendo 3DS,Yoshis New Island,The Yoshi Clan,,game_midi/Super Mario_Nintendo 3DS_Yoshis New Island_The Yoshi Clan.mid
ambiguous_other,Super Mario,Nintendo 64,Mario Tennis,DKs Court,,game_midi/Super Mario_Nintendo 64_Mario Tennis_DKs Court.mid
ambiguous_other,Super Mario,Nintendo 64,Mario Tennis,Yoshis and Baby Marios Court,,game_midi/Super Mario_Nintendo 64_Mario Tennis_Yoshis and Baby Marios Court.mid
finite_song_or_cue,Super Mario,Nintendo 64,Yoshis Story,Baby Bowsers Lullaby,lullaby,game_midi/Super Mario_Nintendo 64_Yoshis Story_Baby Bowsers Lullaby.mid
looping_gameplay_bgm,Super Mario,Nintendo 64,Yoshis Story,Boss Fight,"oss, fight",game_midi/Super Mario_Nintendo 64_Yoshis Story_Boss Fight.mid
finite_song_or_cue,Super Mario,Nintendo 64,Yoshis Story,Ending Story,ending,game_midi/Super Mario_Nintendo 64_Yoshis Story_Ending Story.mid
ambiguous_other,Super Mario,Nintendo 64,Yoshis Story,Games of Happiness,,game_midi/Super Mario_Nintendo 64_Yoshis Story_Games of Happiness.mid
ambiguous_other,Super Mario,Nintendo 64,Yoshis Story,Hard Times,,game_midi/Super Mario_Nintendo 64_Yoshis Story_Hard Times.mid
ambiguous_other,Super Mario,Nintendo 64,Yoshis Story,Love is in the Air,,game_midi/Super Mario_Nintendo 64_Yoshis Story_Love is in the Air.mid
looping_gameplay_bgm,Super Mario,Nintendo 64,Yoshis Story,On the Beach,each,game_midi/Super Mario_Nintendo 64_Yoshis Story_On the Beach.mid
ambiguous_other,Super Mario,Nintendo 64,Yoshis Story,Page Themes,,game_midi/Super Mario_Nintendo 64_Yoshis Story_Page Themes.mid
looping_gameplay_bgm,Super Mario,Nintendo 64,Yoshis Story,Tall Tower,tower,game_midi/Super Mario_Nintendo 64_Yoshis Story_Tall Tower.mid
ambiguous_other,Super Mario,Nintendo 64,Yoshis Story,Yoshis Song,,game_midi/Super Mario_Nintendo 64_Yoshis Story_Yoshis Song.mid
ambiguous_other,Super Mario,Nintendo 64,Yoshis Story,Yoshis Story,,game_midi/Super Mario_Nintendo 64_Yoshis Story_Yoshis Story.mid
ambiguous_other,Super Mario,Nintendo 64,Yoshis Story,Yoshis in the Wind,,game_midi/Super Mario_Nintendo 64_Yoshis Story_Yoshis in the Wind.mid
looping_gameplay_bgm,Super Mario,Nintendo DS,Mario & Luigi Bowsers Inside Story,Bumpsy Plains,plains,game_midi/Super Mario_Nintendo DS_Mario & Luigi Bowsers Inside Story_Bumpsy Plains.mid
ambiguous_other,Super Mario,Nintendo DS,Mario & Luigi Bowsers Inside Story,Cavi Cape,,game_midi/Super Mario_Nintendo DS_Mario & Luigi Bowsers Inside Story_Cavi Cape.mid
ambiguous_other,Super Mario,Nintendo DS,Mario & Luigi Bowsers Inside Story,Clash of the Titans,,game_midi/Super Mario_Nintendo DS_Mario & Luigi Bowsers Inside Story_Clash of the Titans.mid
ambiguous_other,Super Mario,Nintendo DS,Mario & Luigi Bowsers Inside Story,Dimble Wood (Inside Bowser),,game_midi/Super Mario_Nintendo DS_Mario & Luigi Bowsers Inside Story_Dimble Wood (Inside Bowser).mid
ambiguous_other,Super Mario,Nintendo DS,Mario & Luigi Bowsers Inside Story,Dimble Wood,,game_midi/Super Mario_Nintendo DS_Mario & Luigi Bowsers Inside Story_Dimble Wood.mid
looping_gameplay_bgm,Super Mario,Nintendo DS,Mario & Luigi Bowsers Inside Story,Fawful Castle,castle,game_midi/Super Mario_Nintendo DS_Mario & Luigi Bowsers Inside Story_Fawful Castle.mid
ambiguous_other,Super Mario,Nintendo DS,Mario & Luigi Bowsers Inside Story,Its Showtime!,,game_midi/Super Mario_Nintendo DS_Mario & Luigi Bowsers Inside Story_Its Showtime!.mid
ambiguous_other,Super Mario,Nintendo DS,Mario & Luigi Bowsers Inside Story,Lets-a-go!,,game_midi/Super Mario_Nintendo DS_Mario & Luigi Bowsers Inside Story_Lets-a-go!.mid
ambiguous_likely_loop,Super Mario,Nintendo DS,Mario & Luigi Bowsers Inside Story,Main Theme,theme,game_midi/Super Mario_Nintendo DS_Mario & Luigi Bowsers Inside Story_Main Theme.mid
finite_song_or_cue,Super Mario,Nintendo DS,Mario & Luigi Bowsers Inside Story,The Grand Finale,finale,game_midi/Super Mario_Nintendo DS_Mario & Luigi Bowsers Inside Story_The Grand Finale.mid
looping_gameplay_bgm,Super Mario,Nintendo DS,Mario & Luigi Bowsers Inside Story,Toad Town,town,game_midi/Super Mario_Nintendo DS_Mario & Luigi Bowsers Inside Story_Toad Town.mid
looping_gameplay_bgm,Super Mario,Nintendo DS,Mario & Luigi Partners in Time,Boss Battle,"attle!?, oss",game_midi/Super Mario_Nintendo DS_Mario & Luigi Partners in Time_Boss Battle.mid
looping_gameplay_bgm,Super Mario,Nintendo DS,Mario & Luigi Partners in Time,Elder Princess Shroob Battle,attle!?,game_midi/Super Mario_Nintendo DS_Mario & Luigi Partners in Time_Elder Princess Shroob Battle.mid
looping_gameplay_bgm,Super Mario,Nintendo DS,Mario & Luigi Partners in Time,Gritzy Desert,desert,game_midi/Super Mario_Nintendo DS_Mario & Luigi Partners in Time_Gritzy Desert.mid
looping_gameplay_bgm,Super Mario,Nintendo DS,Mario & Luigi Partners in Time,Hollijolli Village,village,game_midi/Super Mario_Nintendo DS_Mario & Luigi Partners in Time_Hollijolli Village.mid
looping_gameplay_bgm,Super Mario,Nintendo DS,Mario & Luigi Partners in Time,Princess Shroob Battle,attle!?,game_midi/Super Mario_Nintendo DS_Mario & Luigi Partners in Time_Princess Shroob Battle.mid
ambiguous_other,Super Mario,Nintendo DS,Mario & Luigi Partners in Time,The Koopaseum,,game_midi/Super Mario_Nintendo DS_Mario & Luigi Partners in Time_The Koopaseum.mid
ambiguous_other,Super Mario,Nintendo DS,Mario & Luigi Partners in Time,Thwomp Volcano,,game_midi/Super Mario_Nintendo DS_Mario & Luigi Partners in Time_Thwomp Volcano.mid
looping_gameplay_bgm,Super Mario,Nintendo DS,Mario & Luigi Partners in Time,Toad Town,town,game_midi/Super Mario_Nintendo DS_Mario & Luigi Partners in Time_Toad Town.mid
looping_gameplay_bgm,Super Mario,Nintendo DS,Mario & Luigi Partners in Time,Vim Factory,factory,game_midi/Super Mario_Nintendo DS_Mario & Luigi Partners in Time_Vim Factory.mid
ambiguous_other,Super Mario,Nintendo DS,Mario & Luigi Partners in Time,Yoobs Belly,,game_midi/Super Mario_Nintendo DS_Mario & Luigi Partners in Time_Yoobs Belly.mid
looping_gameplay_bgm,Super Mario,Nintendo DS,Mario & Luigi Partners in Time,Yoshi Mountain,mountain,game_midi/Super Mario_Nintendo DS_Mario & Luigi Partners in Time_Yoshi Mountain.mid
ambiguous_other,Super Mario,Nintendo DS,New Super Mario Bros,Athletic,,game_midi/Super Mario_Nintendo DS_New Super Mario Bros_Athletic.mid
looping_gameplay_bgm,Super Mario,Nintendo DS,New Super Mario Bros,Bowser Jr Battle,attle!?,game_midi/Super Mario_Nintendo DS_New Super Mario Bros_Bowser Jr Battle.mid
looping_gameplay_bgm,Super Mario,Nintendo DS,New Super Mario Bros,Castle,castle,game_midi/Super Mario_Nintendo DS_New Super Mario Bros_Castle.mid
ambiguous_other,Super Mario,Nintendo DS,New Super Mario Bros,Mega Mushroom,,game_midi/Super Mario_Nintendo DS_New Super Mario Bros_Mega Mushroom.mid
looping_gameplay_bgm,Super Mario,Nintendo DS,New Super Mario Bros,Overworld (Vs Mode),"overworld, vs",game_midi/Super Mario_Nintendo DS_New Super Mario Bros_Overworld (Vs Mode).mid
looping_gameplay_bgm,Super Mario,Nintendo DS,New Super Mario Bros,Overworld,overworld,game_midi/Super Mario_Nintendo DS_New Super Mario Bros_Overworld.mid
ambiguous_other,Super Mario,Nintendo DS,New Super Mario Bros,Title Screen,,game_midi/Super Mario_Nintendo DS_New Super Mario Bros_Title Screen.mid
looping_gameplay_bgm,Super Mario,Nintendo DS,New Super Mario Bros,Toad House,house,game_midi/Super Mario_Nintendo DS_New Super Mario Bros_Toad House.mid
ambiguous_other,Super Mario,Nintendo DS,New Super Mario Bros,Underground,,game_midi/Super Mario_Nintendo DS_New Super Mario Bros_Underground.mid
looping_gameplay_bgm,Super Mario,Nintendo DS,New Super Mario Bros,World 3 (The Beach),"world, each",game_midi/Super Mario_Nintendo DS_New Super Mario Bros_World 3 (The Beach).mid
looping_gameplay_bgm,Super Mario,Nintendo DS,Super Mario 64 DS,Luigis Casino,casino,game_midi/Super Mario_Nintendo DS_Super Mario 64 DS_Luigis Casino.mid
looping_gameplay_bgm,Super Mario,Nintendo DS,Super Mario 64 DS,Rec Room,room,game_midi/Super Mario_Nintendo DS_Super Mario 64 DS_Rec Room.mid
ambiguous_other,Super Mario,Nintendo DS,Super Mario 64 DS,Sort or Splode,,game_midi/Super Mario_Nintendo DS_Super Mario 64 DS_Sort or Splode.mid
ambiguous_other,Super Mario,Nintendo DS,Super Princess Peach,A Glossary of Foes,,game_midi/Super Mario_Nintendo DS_Super Princess Peach_A Glossary of Foes.mid
ambiguous_other,Super Mario,Nintendo DS,Super Princess Peach,Gleam Glacier 1,,game_midi/Super Mario_Nintendo DS_Super Princess Peach_Gleam Glacier 1.mid
ambiguous_other,Super Mario,Nintendo DS,Wario Master of Disguise,Treasure Binder,,game_midi/Super Mario_Nintendo DS_Wario Master of Disguise_Treasure Binder.mid
looping_gameplay_bgm,Super Mario,Nintendo DS,Wario Master of Disguise,VS Head Honcho Carpaccio,vs,game_midi/Super Mario_Nintendo DS_Wario Master of Disguise_VS Head Honcho Carpaccio.mid
ambiguous_other,Super Mario,Nintendo DS,WarioWare DIY,Graphics Editor,,game_midi/Super Mario_Nintendo DS_WarioWare DIY_Graphics Editor.mid
ambiguous_other,Super Mario,Nintendo DS,WarioWare Touched!,Ashleys Song,,game_midi/Super Mario_Nintendo DS_WarioWare Touched!_Ashleys Song.mid
ambiguous_other,Super Mario,Nintendo DS,Yoshi Touch & Go,Title Screen,,game_midi/Super Mario_Nintendo DS_Yoshi Touch & Go_Title Screen.mid
looping_gameplay_bgm,Super Mario,Nintendo DS,Yoshis Island DS,Castle & Fortress,"castle, fortress",game_midi/Super Mario_Nintendo DS_Yoshis Island DS_Castle & Fortress.mid
ambiguous_other,Super Mario,Nintendo DS,Yoshis Island DS,Wildlands,,game_midi/Super Mario_Nintendo DS_Yoshis Island DS_Wildlands.mid
ambiguous_other,Super Mario,Nintendo Entertainment System,Dr Mario,Chill,,game_midi/Super Mario_Nintendo Entertainment System_Dr Mario_Chill.mid
ambiguous_other,Super Mario,Nintendo Entertainment System,Dr Mario,Fever,,game_midi/Super Mario_Nintendo Entertainment System_Dr Mario_Fever.mid
ambiguous_other,Super Mario,Nintendo Entertainment System,Dr Mario,Title Screen,,game_midi/Super Mario_Nintendo Entertainment System_Dr Mario_Title Screen.mid
finite_song_or_cue,Super Mario,Nintendo Entertainment System,Dr Mario,Versus Victory,victory!?,game_midi/Super Mario_Nintendo Entertainment System_Dr Mario_Versus Victory.mid
looping_gameplay_bgm,Super Mario,Nintendo Entertainment System,Super Mario Bros 2,Battle with Wart,attle!?,game_midi/Super Mario_Nintendo Entertainment System_Super Mario Bros 2_Battle with Wart.mid
looping_gameplay_bgm,Super Mario,Nintendo Entertainment System,Super Mario Bros 2,Boss,oss,game_midi/Super Mario_Nintendo Entertainment System_Super Mario Bros 2_Boss.mid
finite_song_or_cue,Super Mario,Nintendo Entertainment System,Super Mario Bros 2,Ending,ending,game_midi/Super Mario_Nintendo Entertainment System_Super Mario Bros 2_Ending.mid
ambiguous_other,Super Mario,Nintendo Entertainment System,Super Mario Bros 2,Fanfares,,game_midi/Super Mario_Nintendo Entertainment System_Super Mario Bros 2_Fanfares.mid
ambiguous_likely_loop,Super Mario,Nintendo Entertainment System,Super Mario Bros 2,Ground Theme,theme,game_midi/Super Mario_Nintendo Entertainment System_Super Mario Bros 2_Ground Theme.mid
looping_gameplay_bgm,Super Mario,Nintendo Entertainment System,Super Mario Bros 2,Player Select,select,game_midi/Super Mario_Nintendo Entertainment System_Super Mario Bros 2_Player Select.mid
ambiguous_likely_loop,Super Mario,Nintendo Entertainment System,Super Mario Bros 2,Title Theme,theme,game_midi/Super Mario_Nintendo Entertainment System_Super Mario Bros 2_Title Theme.mid
ambiguous_likely_loop,Super Mario,Nintendo Entertainment System,Super Mario Bros 2,Underground Theme,theme,game_midi/Super Mario_Nintendo Entertainment System_Super Mario Bros 2_Underground Theme.mid
looping_gameplay_bgm,Super Mario,Nintendo Entertainment System,Super Mario Bros 3,Airship Theme,airship,game_midi/Super Mario_Nintendo Entertainment System_Super Mario Bros 3_Airship Theme.mid
ambiguous_likely_loop,Super Mario,Nintendo Entertainment System,Super Mario Bros 3,Athletic Theme,theme,game_midi/Super Mario_Nintendo Entertainment System_Super Mario Bros 3_Athletic Theme.mid
looping_gameplay_bgm,Super Mario,Nintendo Entertainment System,Super Mario Bros 3,Boss Battle,"attle!?, oss",game_midi/Super Mario_Nintendo Entertainment System_Super Mario Bros 3_Boss Battle.mid
looping_gameplay_bgm,Super Mario,Nintendo Entertainment System,Super Mario Bros 3,Bowser Battle,attle!?,game_midi/Super Mario_Nintendo Entertainment System_Super Mario Bros 3_Bowser Battle.mid
ambiguous_other,Super Mario,Nintendo Entertainment System,Super Mario Bros 3,Coin Heaven,,game_midi/Super Mario_Nintendo Entertainment System_Super Mario Bros 3_Coin Heaven.mid
finite_song_or_cue,Super Mario,Nintendo Entertainment System,Super Mario Bros 3,Ending,ending,game_midi/Super Mario_Nintendo Entertainment System_Super Mario Bros 3_Ending.mid
looping_gameplay_bgm,Super Mario,Nintendo Entertainment System,Super Mario Bros 3,Fortress Theme,fortress,game_midi/Super Mario_Nintendo Entertainment System_Super Mario Bros 3_Fortress Theme.mid
ambiguous_likely_loop,Super Mario,Nintendo Entertainment System,Super Mario Bros 3,Ground Theme,theme,game_midi/Super Mario_Nintendo Entertainment System_Super Mario Bros 3_Ground Theme.mid
ambiguous_other,Super Mario,Nintendo Entertainment System,Super Mario Bros 3,Hammer Bros,,game_midi/Super Mario_Nintendo Entertainment System_Super Mario Bros 3_Hammer Bros.mid
ambiguous_other,Super Mario,Nintendo Entertainment System,Super Mario Bros 3,Miscellaneous Short Themes,,game_midi/Super Mario_Nintendo Entertainment System_Super Mario Bros 3_Miscellaneous Short Themes.mid
ambiguous_other,Super Mario,Nintendo Entertainment System,Super Mario Bros 3,Music Box,,game_midi/Super Mario_Nintendo Entertainment System_Super Mario Bros 3_Music Box.mid
looping_gameplay_bgm,Super Mario,Nintendo Entertainment System,Super Mario Bros 3,Toad House,house,game_midi/Super Mario_Nintendo Entertainment System_Super Mario Bros 3_Toad House.mid
ambiguous_likely_loop,Super Mario,Nintendo Entertainment System,Super Mario Bros 3,Underground Theme,theme,game_midi/Super Mario_Nintendo Entertainment System_Super Mario Bros 3_Underground Theme.mid
ambiguous_likely_loop,Super Mario,Nintendo Entertainment System,Super Mario Bros 3,Underwater Theme,theme,game_midi/Super Mario_Nintendo Entertainment System_Super Mario Bros 3_Underwater Theme.mid
looping_gameplay_bgm,Super Mario,Nintendo Entertainment System,Super Mario Bros 3,World 1 (Grass Land),"world, land",game_midi/Super Mario_Nintendo Entertainment System_Super Mario Bros 3_World 1 (Grass Land).mid
looping_gameplay_bgm,Super Mario,Nintendo Entertainment System,Super Mario Bros 3,World 2 (Desert Land),"world, desert, land",game_midi/Super Mario_Nintendo Entertainment System_Super Mario Bros 3_World 2 (Desert Land).mid
looping_gameplay_bgm,Super Mario,Nintendo Entertainment System,Super Mario Bros 3,World 3 (Water Land),"world, land",game_midi/Super Mario_Nintendo Entertainment System_Super Mario Bros 3_World 3 (Water Land).mid
looping_gameplay_bgm,Super Mario,Nintendo Entertainment System,Super Mario Bros 3,World 4 (Giant Land),"world, land",game_midi/Super Mario_Nintendo Entertainment System_Super Mario Bros 3_World 4 (Giant Land).mid
looping_gameplay_bgm,Super Mario,Nintendo Entertainment System,Super Mario Bros 3,World 7 (Pipe Land),"world, land",game_midi/Super Mario_Nintendo Entertainment System_Super Mario Bros 3_World 7 (Pipe Land).mid
looping_gameplay_bgm,Super Mario,Nintendo Entertainment System,Super Mario Bros 3,World 8 (Dark Land),"world, land",game_midi/Super Mario_Nintendo Entertainment System_Super Mario Bros 3_World 8 (Dark Land).mid
finite_song_or_cue,Super Mario,Nintendo Entertainment System,Super Mario Bros The Lost Levels,Ending,ending,game_midi/Super Mario_Nintendo Entertainment System_Super Mario Bros The Lost Levels_Ending.mid
ambiguous_other,Super Mario,Nintendo Entertainment System,Warios Woods,Story Mode - Birdo,,game_midi/Super Mario_Nintendo Entertainment System_Warios Woods_Story Mode - Birdo.mid
ambiguous_likely_loop,Super Mario,Nintendo Entertainment System,Warios Woods,Title Theme,theme,game_midi/Super Mario_Nintendo Entertainment System_Warios Woods_Title Theme.mid
ambiguous_other,Super Mario,Nintendo Entertainment System,Wrecking Crew,Power-Up,,game_midi/Super Mario_Nintendo Entertainment System_Wrecking Crew_Power-Up.mid
looping_gameplay_bgm,Super Mario,Nintendo Entertainment System,Wrecking Crew,Stage Theme,stage,game_midi/Super Mario_Nintendo Entertainment System_Wrecking Crew_Stage Theme.mid
looping_gameplay_bgm,Super Mario,Nintendo GameCube,Luigis Mansion,Bogmire Battle,attle!?,game_midi/Super Mario_Nintendo GameCube_Luigis Mansion_Bogmire Battle.mid
finite_song_or_cue,Super Mario,Nintendo GameCube,Luigis Mansion,Boss Room After Victory,"victory!?, after victory",game_midi/Super Mario_Nintendo GameCube_Luigis Mansion_Boss Room After Victory.mid
finite_song_or_cue,Super Mario,Nintendo GameCube,Luigis Mansion,Credits,credits?,game_midi/Super Mario_Nintendo GameCube_Luigis Mansion_Credits.mid
ambiguous_other,Super Mario,Nintendo GameCube,Luigis Mansion,Dancing Shy Guy Ghosts,,game_midi/Super Mario_Nintendo GameCube_Luigis Mansion_Dancing Shy Guy Ghosts.mid
ambiguous_other,Super Mario,Nintendo GameCube,Luigis Mansion,Game Boy Horror,,game_midi/Super Mario_Nintendo GameCube_Luigis Mansion_Game Boy Horror.mid
ambiguous_likely_loop,Super Mario,Nintendo GameCube,Luigis Mansion,Main Theme,theme,game_midi/Super Mario_Nintendo GameCube_Luigis Mansion_Main Theme.mid
ambiguous_likely_loop,Super Mario,Nintendo GameCube,Luigis Mansion,Melody Pianissima Collection,melody,game_midi/Super Mario_Nintendo GameCube_Luigis Mansion_Melody Pianissima Collection.mid
ambiguous_other,Super Mario,Nintendo GameCube,Luigis Mansion,Outside,,game_midi/Super Mario_Nintendo GameCube_Luigis Mansion_Outside.mid
ambiguous_other,Super Mario,Nintendo GameCube,Luigis Mansion,Playing Mini-Games With Ghosts,,game_midi/Super Mario_Nintendo GameCube_Luigis Mansion_Playing Mini-Games With Ghosts.mid
looping_gameplay_bgm,Super Mario,Nintendo GameCube,Luigis Mansion,Professor E Gadds Laboratory,lab(oratory)?,game_midi/Super Mario_Nintendo GameCube_Luigis Mansion_Professor E Gadds Laboratory.mid
finite_song_or_cue,Super Mario,Nintendo GameCube,Luigis Mansion,Stage Clear,stage clear,game_midi/Super Mario_Nintendo GameCube_Luigis Mansion_Stage Clear.mid
ambiguous_other,Super Mario,Nintendo GameCube,Luigis Mansion,Talking with Ghosts,,game_midi/Super Mario_Nintendo GameCube_Luigis Mansion_Talking with Ghosts.mid
ambiguous_likely_loop,Super Mario,Nintendo GameCube,Luigis Mansion,Toads Theme,theme,game_midi/Super Mario_Nintendo GameCube_Luigis Mansion_Toads Theme.mid
ambiguous_other,Super Mario,Nintendo GameCube,Mario Power Tennis,Mario Classic Court Exhibition,,game_midi/Super Mario_Nintendo GameCube_Mario Power Tennis_Mario Classic Court Exhibition.mid
looping_gameplay_bgm,Super Mario,Nintendo GameCube,Mario Power Tennis,Menu,menu,game_midi/Super Mario_Nintendo GameCube_Mario Power Tennis_Menu.mid
ambiguous_other,Super Mario,Nintendo GameCube,Super Mario Sunshine,Bianco Hills,,game_midi/Super Mario_Nintendo GameCube_Super Mario Sunshine_Bianco Hills.mid
looping_gameplay_bgm,Super Mario,Nintendo GameCube,Super Mario Sunshine,Boss Battle,"attle!?, oss",game_midi/Super Mario_Nintendo GameCube_Super Mario Sunshine_Boss Battle.mid
ambiguous_other,Super Mario,Nintendo GameCube,Super Mario Sunshine,Delfino Airstrip,,game_midi/Super Mario_Nintendo GameCube_Super Mario Sunshine_Delfino Airstrip.mid
ambiguous_other,Super Mario,Nintendo GameCube,Super Mario Sunshine,Delfino Plaza,,game_midi/Super Mario_Nintendo GameCube_Super Mario Sunshine_Delfino Plaza.mid
finite_song_or_cue,Super Mario,Nintendo GameCube,Super Mario Sunshine,Event & Goal,event,game_midi/Super Mario_Nintendo GameCube_Super Mario Sunshine_Event & Goal.mid
ambiguous_other,Super Mario,Nintendo GameCube,Super Mario Sunshine,FLUDD,,game_midi/Super Mario_Nintendo GameCube_Super Mario Sunshine_FLUDD.mid
looping_gameplay_bgm,Super Mario,Nintendo GameCube,Super Mario Sunshine,Gelato Beach,each,game_midi/Super Mario_Nintendo GameCube_Super Mario Sunshine_Gelato Beach.mid
looping_gameplay_bgm,Super Mario,Nintendo GameCube,Super Mario Sunshine,Pinna Park,park,game_midi/Super Mario_Nintendo GameCube_Super Mario Sunshine_Pinna Park.mid
ambiguous_other,Super Mario,Nintendo GameCube,Super Mario Sunshine,Ricco Harbor,,game_midi/Super Mario_Nintendo GameCube_Super Mario Sunshine_Ricco Harbor.mid
ambiguous_other,Super Mario,Nintendo GameCube,Super Mario Sunshine,Sand Bird,,game_midi/Super Mario_Nintendo GameCube_Super Mario Sunshine_Sand Bird.mid
looping_gameplay_bgm,Super Mario,Nintendo GameCube,Super Mario Sunshine,Secret Course,course,game_midi/Super Mario_Nintendo GameCube_Super Mario Sunshine_Secret Course.mid
looping_gameplay_bgm,Super Mario,Nintendo GameCube,Super Mario Sunshine,Sludge Plant Battle,attle!?,game_midi/Super Mario_Nintendo GameCube_Super Mario Sunshine_Sludge Plant Battle.mid
ambiguous_other,Super Mario,Nintendo GameCube,Super Mario Sunshine,The Manta Storm,,game_midi/Super Mario_Nintendo GameCube_Super Mario Sunshine_The Manta Storm.mid
ambiguous_other,Super Mario,Nintendo GameCube,Wario World,Kobito (Unused),,game_midi/Super Mario_Nintendo GameCube_Wario World_Kobito (Unused).mid
ambiguous_other,Super Mario,Nintendo GameCube,Wario World,Thrillsville,,game_midi/Super Mario_Nintendo GameCube_Wario World_Thrillsville.mid
ambiguous_other,Super Mario,Nintendo Switch,Luigis Mansion 3,B2 Boilerworks,,game_midi/Super Mario_Nintendo Switch_Luigis Mansion 3_B2 Boilerworks.mid
ambiguous_likely_loop,Super Mario,Nintendo Switch,Luigis Mansion 3,Main Theme,theme,game_midi/Super Mario_Nintendo Switch_Luigis Mansion 3_Main Theme.mid
looping_gameplay_bgm,Super Mario,Nintendo Switch,Super Mario 3D World + Bowsers Fury,Crisp Climb Castle,castle,game_midi/Super Mario_Nintendo Switch_Super Mario 3D World + Bowsers Fury_Crisp Climb Castle.mid
looping_gameplay_bgm,Super Mario,Nintendo Switch,Super Mario Maker 2,Castle (Super Mario World) (Night),"world, castle",game_midi/Super Mario_Nintendo Switch_Super Mario Maker 2_Castle (Super Mario World) (Night).mid
looping_gameplay_bgm,Super Mario,Nintendo Switch,Super Mario Maker 2,Desert (Super Mario World),"world, desert",game_midi/Super Mario_Nintendo Switch_Super Mario Maker 2_Desert (Super Mario World).mid
ambiguous_other,Super Mario,Nintendo Switch,Super Mario Odyssey,Climactic Duel!,,game_midi/Super Mario_Nintendo Switch_Super Mario Odyssey_Climactic Duel!.mid
ambiguous_other,Super Mario,Nintendo Switch,Super Mario Odyssey,Forgotten Isle,,game_midi/Super Mario_Nintendo Switch_Super Mario Odyssey_Forgotten Isle.mid
looping_gameplay_bgm,Super Mario,Nintendo Switch,Super Mario Odyssey,New Donk City,city,game_midi/Super Mario_Nintendo Switch_Super Mario Odyssey_New Donk City.mid
ambiguous_other,Super Mario,Nintendo Switch,Super Mario Odyssey,Peronza Plaza,,game_midi/Super Mario_Nintendo Switch_Super Mario Odyssey_Peronza Plaza.mid
looping_gameplay_bgm,Super Mario,Nintendo Switch,Super Mario Odyssey,Shiveria Town,town,game_midi/Super Mario_Nintendo Switch_Super Mario Odyssey_Shiveria Town.mid
looping_gameplay_bgm,Super Mario,Nintendo Switch,Super Mario Odyssey,Tostarena Ruins,ruins,game_midi/Super Mario_Nintendo Switch_Super Mario Odyssey_Tostarena Ruins.mid
ambiguous_likely_loop,Super Mario,Nintendo Switch,Yoshis Crafted World,Main Theme,theme,game_midi/Super Mario_Nintendo Switch_Yoshis Crafted World_Main Theme.mid
ambiguous_other,Super Mario,Philips CD-i,Hotel Mario,Main MenuMap,,game_midi/Super Mario_Philips CD-i_Hotel Mario_Main MenuMap.mid
ambiguous_other,Super Mario,SNES,Super Mario World,Castle_0,,game_midi/Super Mario_SNES_Super Mario World_Castle_0.mid
finite_song_or_cue,Super Mario,SNES,Super Mario World,Ending Theme_0,ending,game_midi/Super Mario_SNES_Super Mario World_Ending Theme_0.mid
looping_gameplay_bgm,Super Mario,SNES,Super Mario World,Forest of Illusion_0,forest,game_midi/Super Mario_SNES_Super Mario World_Forest of Illusion_0.mid
looping_gameplay_bgm,Super Mario,SNES,Super Mario World,Overworld 2_0,overworld,game_midi/Super Mario_SNES_Super Mario World_Overworld 2_0.mid
ambiguous_other,Super Mario,SNES,Super Mario World,Overworld_0,,game_midi/Super Mario_SNES_Super Mario World_Overworld_0.mid
ambiguous_other,Super Mario,SNES,Super Mario World,Title Screen_0,,game_midi/Super Mario_SNES_Super Mario World_Title Screen_0.mid
looping_gameplay_bgm,Super Mario,Super Nintendo Entertainment System,Mario & Wario,Level 4 Ice Cave,"level, cave",game_midi/Super Mario_Super Nintendo Entertainment System_Mario & Wario_Level 4 Ice Cave.mid
ambiguous_other,Super Mario,Super Nintendo Entertainment System,Mario Paint,Creative Exercise,,game_midi/Super Mario_Super Nintendo Entertainment System_Mario Paint_Creative Exercise.mid
ambiguous_likely_loop,Super Mario,Super Nintendo Entertainment System,Mario Paint,Title Theme,theme,game_midi/Super Mario_Super Nintendo Entertainment System_Mario Paint_Title Theme.mid
looping_gameplay_bgm,Super Mario,Super Nintendo Entertainment System,Super Mario All-Stars,SMB1 Bowser Battle,attle!?,game_midi/Super Mario_Super Nintendo Entertainment System_Super Mario All-Stars_SMB1 Bowser Battle.mid
ambiguous_other,Super Mario,Super Nintendo Entertainment System,Super Mario RPG Legend of the Seven Stars,Barrel Volcano,,game_midi/Super Mario_Super Nintendo Entertainment System_Super Mario RPG Legend of the Seven Stars_Barrel Volcano.mid
finite_song_or_cue,Super Mario,Super Nintendo Entertainment System,Super Mario RPG Legend of the Seven Stars,Battle Victory,victory!?,game_midi/Super Mario_Super Nintendo Entertainment System_Super Mario RPG Legend of the Seven Stars_Battle Victory.mid
looping_gameplay_bgm,Super Mario,Super Nintendo Entertainment System,Super Mario RPG Legend of the Seven Stars,Bean Valley,valley,game_midi/Super Mario_Super Nintendo Entertainment System_Super Mario RPG Legend of the Seven Stars_Bean Valley.mid
ambiguous_other,Super Mario,Super Nintendo Entertainment System,Super Mario RPG Legend of the Seven Stars,Beware the Forests Mushrooms,,game_midi/Super Mario_Super Nintendo Entertainment System_Super Mario RPG Legend of the Seven Stars_Beware the Forests Mushrooms.mid
ambiguous_other,Super Mario,Super Nintendo Entertainment System,Super Mario RPG Legend of the Seven Stars,Bowser Music,,game_midi/Super Mario_Super Nintendo Entertainment System_Super Mario RPG Legend of the Seven Stars_Bowser Music.mid
ambiguous_other,Super Mario,Super Nintendo Entertainment System,Super Mario RPG Legend of the Seven Stars,Chasing the Axem Rangers,,game_midi/Super Mario_Super Nintendo Entertainment System_Super Mario RPG Legend of the Seven Stars_Chasing the Axem Rangers.mid
ambiguous_other,Super Mario,Super Nintendo Entertainment System,Super Mario RPG Legend of the Seven Stars,Conversation With Culex,,game_midi/Super Mario_Super Nintendo Entertainment System_Super Mario RPG Legend of the Seven Stars_Conversation With Culex.mid
finite_song_or_cue,Super Mario,Super Nintendo Entertainment System,Super Mario RPG Legend of the Seven Stars,Culex Victory,victory!?,game_midi/Super Mario_Super Nintendo Entertainment System_Super Mario RPG Legend of the Seven Stars_Culex Victory.mid
ambiguous_other,Super Mario,Super Nintendo Entertainment System,Super Mario RPG Legend of the Seven Stars,Dodos Coming!!,,game_midi/Super Mario_Super Nintendo Entertainment System_Super Mario RPG Legend of the Seven Stars_Dodos Coming!!.mid
looping_gameplay_bgm,Super Mario,Super Nintendo Entertainment System,Super Mario RPG Legend of the Seven Stars,Fight Against Monsters,fight,game_midi/Super Mario_Super Nintendo Entertainment System_Super Mario RPG Legend of the Seven Stars_Fight Against Monsters.mid
looping_gameplay_bgm,Super Mario,Super Nintendo Entertainment System,Super Mario RPG Legend of the Seven Stars,"Fight Against Smithy, Who Likes Transforming",fight,"game_midi/Super Mario_Super Nintendo Entertainment System_Super Mario RPG Legend of the Seven Stars_Fight Against Smithy, Who Likes Transforming.mid"
looping_gameplay_bgm,Super Mario,Super Nintendo Entertainment System,Super Mario RPG Legend of the Seven Stars,Fight Against an Armed Boss,"oss, fight",game_midi/Super Mario_Super Nintendo Entertainment System_Super Mario RPG Legend of the Seven Stars_Fight Against an Armed Boss.mid
ambiguous_other,Super Mario,Super Nintendo Entertainment System,Super Mario RPG Legend of the Seven Stars,Geno Awakens,,game_midi/Super Mario_Super Nintendo Entertainment System_Super Mario RPG Legend of the Seven Stars_Geno Awakens.mid
looping_gameplay_bgm,Super Mario,Super Nintendo Entertainment System,Super Mario RPG Legend of the Seven Stars,Grate Guys Casino,casino,game_midi/Super Mario_Super Nintendo Entertainment System_Super Mario RPG Legend of the Seven Stars_Grate Guys Casino.mid
ambiguous_other,Super Mario,Super Nintendo Entertainment System,Super Mario RPG Legend of the Seven Stars,"Hello, Happy Kingdom",,"game_midi/Super Mario_Super Nintendo Entertainment System_Super Mario RPG Legend of the Seven Stars_Hello, Happy Kingdom.mid"
ambiguous_other,Super Mario,Super Nintendo Entertainment System,Super Mario RPG Legend of the Seven Stars,Heres Some Weapons!,,game_midi/Super Mario_Super Nintendo Entertainment System_Super Mario RPG Legend of the Seven Stars_Heres Some Weapons!.mid
looping_gameplay_bgm,Super Mario,Super Nintendo Entertainment System,Super Mario RPG Legend of the Seven Stars,Hinopios Shop,shop,game_midi/Super Mario_Super Nintendo Entertainment System_Super Mario RPG Legend of the Seven Stars_Hinopios Shop.mid
looping_gameplay_bgm,Super Mario,Super Nintendo Entertainment System,Super Mario RPG Legend of the Seven Stars,Koopa Castle (Both Times),castle,game_midi/Super Mario_Super Nintendo Entertainment System_Super Mario RPG Legend of the Seven Stars_Koopa Castle (Both Times).mid
looping_gameplay_bgm,Super Mario,Super Nintendo Entertainment System,Super Mario RPG Legend of the Seven Stars,Lets Go Down the Wine River,river,game_midi/Super Mario_Super Nintendo Entertainment System_Super Mario RPG Legend of the Seven Stars_Lets Go Down the Wine River.mid
ambiguous_other,Super Mario,Super Nintendo Entertainment System,Super Mario RPG Legend of the Seven Stars,"Lets Play, Geno!",,"game_midi/Super Mario_Super Nintendo Entertainment System_Super Mario RPG Legend of the Seven Stars_Lets Play, Geno!.mid"
looping_gameplay_bgm,Super Mario,Super Nintendo Entertainment System,Super Mario RPG Legend of the Seven Stars,Lets Race,race,game_midi/Super Mario_Super Nintendo Entertainment System_Super Mario RPG Legend of the Seven Stars_Lets Race.mid
ambiguous_other,Super Mario,Super Nintendo Entertainment System,Super Mario RPG Legend of the Seven Stars,Lets Try,,game_midi/Super Mario_Super Nintendo Entertainment System_Super Mario RPG Legend of the Seven Stars_Lets Try.mid
finite_song_or_cue,Super Mario,Super Nintendo Entertainment System,Super Mario RPG Legend of the Seven Stars,Logo Intro,intro,game_midi/Super Mario_Super Nintendo Entertainment System_Super Mario RPG Legend of the Seven Stars_Logo Intro.mid
ambiguous_other,Super Mario,Super Nintendo Entertainment System,Super Mario RPG Legend of the Seven Stars,Marrymore,,game_midi/Super Mario_Super Nintendo Entertainment System_Super Mario RPG Legend of the Seven Stars_Marrymore.mid
looping_gameplay_bgm,Super Mario,Super Nintendo Entertainment System,Super Mario RPG Legend of the Seven Stars,Moleville Mountain Ride,mountain,game_midi/Super Mario_Super Nintendo Entertainment System_Super Mario RPG Legend of the Seven Stars_Moleville Mountain Ride.mid
ambiguous_other,Super Mario,Super Nintendo Entertainment System,Super Mario RPG Legend of the Seven Stars,Moleville,,game_midi/Super Mario_Super Nintendo Entertainment System_Super Mario RPG Legend of the Seven Stars_Moleville.mid
looping_gameplay_bgm,Super Mario,Super Nintendo Entertainment System,Super Mario RPG Legend of the Seven Stars,Nimbus Land,land,game_midi/Super Mario_Super Nintendo Entertainment System_Super Mario RPG Legend of the Seven Stars_Nimbus Land.mid
finite_song_or_cue,Super Mario,Super Nintendo Entertainment System,Super Mario RPG Legend of the Seven Stars,Opening,opening,game_midi/Super Mario_Super Nintendo Entertainment System_Super Mario RPG Legend of the Seven Stars_Opening.mid
ambiguous_other,Super Mario,Super Nintendo Entertainment System,Super Mario RPG Legend of the Seven Stars,Pipe Vault,,game_midi/Super Mario_Super Nintendo Entertainment System_Super Mario RPG Legend of the Seven Stars_Pipe Vault.mid
ambiguous_other,Super Mario,Super Nintendo Entertainment System,Super Mario RPG Legend of the Seven Stars,Sad Song,,game_midi/Super Mario_Super Nintendo Entertainment System_Super Mario RPG Legend of the Seven Stars_Sad Song.mid
looping_gameplay_bgm,Super Mario,Super Nintendo Entertainment System,Super Mario RPG Legend of the Seven Stars,Smithy Battle 1,attle!?,game_midi/Super Mario_Super Nintendo Entertainment System_Super Mario RPG Legend of the Seven Stars_Smithy Battle 1.mid
ambiguous_other,Super Mario,Super Nintendo Entertainment System,Super Mario RPG Legend of the Seven Stars,Starhill,,game_midi/Super Mario_Super Nintendo Entertainment System_Super Mario RPG Legend of the Seven Stars_Starhill.mid
looping_gameplay_bgm,Super Mario,Super Nintendo Entertainment System,Super Mario RPG Legend of the Seven Stars,Sunken Ship,ship,game_midi/Super Mario_Super Nintendo Entertainment System_Super Mario RPG Legend of the Seven Stars_Sunken Ship.mid
looping_gameplay_bgm,Super Mario,Super Nintendo Entertainment System,Super Mario RPG Legend of the Seven Stars,Super Pipe House,house,game_midi/Super Mario_Super Nintendo Entertainment System_Super Mario RPG Legend of the Seven Stars_Super Pipe House.mid
ambiguous_other,Super Mario,Super Nintendo Entertainment System,Super Mario RPG Legend of the Seven Stars,Tadpole Pond,,game_midi/Super Mario_Super Nintendo Entertainment System_Super Mario RPG Legend of the Seven Stars_Tadpole Pond.mid
finite_song_or_cue,Super Mario,Super Nintendo Entertainment System,Super Mario RPG Legend of the Seven Stars,The End!,the end,game_midi/Super Mario_Super Nintendo Entertainment System_Super Mario RPG Legend of the Seven Stars_The End!.mid
looping_gameplay_bgm,Super Mario,Super Nintendo Entertainment System,Super Mario RPG Legend of the Seven Stars,The Road is Full of Dangers,road,game_midi/Super Mario_Super Nintendo Entertainment System_Super Mario RPG Legend of the Seven Stars_The Road is Full of Dangers.mid
ambiguous_other,Super Mario,Super Nintendo Entertainment System,Super Mario RPG Legend of the Seven Stars,Toadofsky,,game_midi/Super Mario_Super Nintendo Entertainment System_Super Mario RPG Legend of the Seven Stars_Toadofsky.mid
looping_gameplay_bgm,Super Mario,Super Nintendo Entertainment System,Super Mario RPG Legend of the Seven Stars,Weapons Factory,factory,game_midi/Super Mario_Super Nintendo Entertainment System_Super Mario RPG Legend of the Seven Stars_Weapons Factory.mid
looping_gameplay_bgm,Super Mario,Super Nintendo Entertainment System,Super Mario RPG Legend of the Seven Stars,Welcome to Booster Tower,tower,game_midi/Super Mario_Super Nintendo Entertainment System_Super Mario RPG Legend of the Seven Stars_Welcome to Booster Tower.mid
ambiguous_other,Super Mario,Super Nintendo Entertainment System,Super Mario RPG Legend of the Seven Stars,Where Am I Going?,,game_midi/Super Mario_Super Nintendo Entertainment System_Super Mario RPG Legend of the Seven Stars_Where Am I Going?.mid
ambiguous_other,Super Mario,Super Nintendo Entertainment System,Super Mario World 2 Yoshis Island,Athletic,,game_midi/Super Mario_Super Nintendo Entertainment System_Super Mario World 2 Yoshis Island_Athletic.mid
ambiguous_other,Super Mario,Super Nintendo Entertainment System,Super Mario World 2 Yoshis Island,Baby Bowser,,game_midi/Super Mario_Super Nintendo Entertainment System_Super Mario World 2 Yoshis Island_Baby Bowser.mid
looping_gameplay_bgm,Super Mario,Super Nintendo Entertainment System,Super Mario World 2 Yoshis Island,Big Boss,oss,game_midi/Super Mario_Super Nintendo Entertainment System_Super Mario World 2 Yoshis Island_Big Boss.mid
ambiguous_other,Super Mario,Super Nintendo Entertainment System,Super Mario World 2 Yoshis Island,Bonus Game,,game_midi/Super Mario_Super Nintendo Entertainment System_Super Mario World 2 Yoshis Island_Bonus Game.mid
looping_gameplay_bgm,Super Mario,Super Nintendo Entertainment System,Super Mario World 2 Yoshis Island,Castle & Fortress,"castle, fortress",game_midi/Super Mario_Super Nintendo Entertainment System_Super Mario World 2 Yoshis Island_Castle & Fortress.mid
finite_song_or_cue,Super Mario,Super Nintendo Entertainment System,Super Mario World 2 Yoshis Island,Ending,ending,game_midi/Super Mario_Super Nintendo Entertainment System_Super Mario World 2 Yoshis Island_Ending.mid
looping_gameplay_bgm,Super Mario,Super Nintendo Entertainment System,Super Mario World 2 Yoshis Island,Flower Garden,garden,game_midi/Super Mario_Super Nintendo Entertainment System_Super Mario World 2 Yoshis Island_Flower Garden.mid
ambiguous_other,Super Mario,Super Nintendo Entertainment System,Super Mario World 2 Yoshis Island,Goal & Score,,game_midi/Super Mario_Super Nintendo Entertainment System_Super Mario World 2 Yoshis Island_Goal & Score.mid
ambiguous_likely_loop,Super Mario,Super Nintendo Entertainment System,Super Mario World 2 Yoshis Island,Kameks Theme,theme,game_midi/Super Mario_Super Nintendo Entertainment System_Super Mario World 2 Yoshis Island_Kameks Theme.mid
looping_gameplay_bgm,Super Mario,Super Nintendo Entertainment System,Super Mario World 2 Yoshis Island,Mini Boss,oss,game_midi/Super Mario_Super Nintendo Entertainment System_Super Mario World 2 Yoshis Island_Mini Boss.mid
looping_gameplay_bgm,Super Mario,Super Nintendo Entertainment System,Super Mario World 2 Yoshis Island,Overworld,overworld,game_midi/Super Mario_Super Nintendo Entertainment System_Super Mario World 2 Yoshis Island_Overworld.mid
ambiguous_other,Super Mario,Super Nintendo Entertainment System,Super Mario World 2 Yoshis Island,Powerful Infant,,game_midi/Super Mario_Super Nintendo Entertainment System_Super Mario World 2 Yoshis Island_Powerful Infant.mid
looping_gameplay_bgm,Super Mario,Super Nintendo Entertainment System,Super Mario World 2 Yoshis Island,Room Before Boss,"oss, room",game_midi/Super Mario_Super Nintendo Entertainment System_Super Mario World 2 Yoshis Island_Room Before Boss.mid
ambiguous_other,Super Mario,Super Nintendo Entertainment System,Super Mario World 2 Yoshis Island,Story Music Box,,game_midi/Super Mario_Super Nintendo Entertainment System_Super Mario World 2 Yoshis Island_Story Music Box.mid
looping_gameplay_bgm,Super Mario,Super Nintendo Entertainment System,Super Mario World 2 Yoshis Island,Training Course,"course, training",game_midi/Super Mario_Super Nintendo Entertainment System_Super Mario World 2 Yoshis Island_Training Course.mid
ambiguous_other,Super Mario,Super Nintendo Entertainment System,Super Mario World 2 Yoshis Island,Underground BGM,,game_midi/Super Mario_Super Nintendo Entertainment System_Super Mario World 2 Yoshis Island_Underground BGM.mid
looping_gameplay_bgm,Super Mario,Super Nintendo Entertainment System,Super Mario World 2 Yoshis Island,World Map,"world, map",game_midi/Super Mario_Super Nintendo Entertainment System_Super Mario World 2 Yoshis Island_World Map.mid
finite_song_or_cue,Super Mario,Super Nintendo Entertainment System,Super Mario World 2 Yoshis Island,Yoshi Start Demo,demo,game_midi/Super Mario_Super Nintendo Entertainment System_Super Mario World 2 Yoshis Island_Yoshi Start Demo.mid
looping_gameplay_bgm,Super Mario,Super Nintendo Entertainment System,Super Mario World 2 Yoshis Island,Yoshis Island,island,game_midi/Super Mario_Super Nintendo Entertainment System_Super Mario World 2 Yoshis Island_Yoshis Island.mid
looping_gameplay_bgm,Super Mario,Super Nintendo Entertainment System,Warios Woods,Versus,versus,game_midi/Super Mario_Super Nintendo Entertainment System_Warios Woods_Versus.mid
looping_gameplay_bgm,Super Mario,Super Nintendo Entertainment System,Yoshis Safari,Map,map,game_midi/Super Mario_Super Nintendo Entertainment System_Yoshis Safari_Map.mid
ambiguous_other,Super Mario,Virtual Boy,Marios Tennis,Doubles Game 1,,game_midi/Super Mario_Virtual Boy_Marios Tennis_Doubles Game 1.mid
ambiguous_other,Super Mario,Wii U,Captain Toad Treasure Tracker,Retro Ramp-Up,,game_midi/Super Mario_Wii U_Captain Toad Treasure Tracker_Retro Ramp-Up.mid
looping_gameplay_bgm,Super Mario,Wii U,New Super Mario Bros U,Acorn Plains,plains,game_midi/Super Mario_Wii U_New Super Mario Bros U_Acorn Plains.mid
ambiguous_other,Super Mario,Wii U,New Super Mario Bros U,Meringue Clouds,,game_midi/Super Mario_Wii U_New Super Mario Bros U_Meringue Clouds.mid
looping_gameplay_bgm,Super Mario,Wii U,New Super Mario Bros U,Overworld Theme,overworld,game_midi/Super Mario_Wii U_New Super Mario Bros U_Overworld Theme.mid
ambiguous_other,Super Mario,Wii U,Super Mario 3D World,Captain Toad Goes Forth,,game_midi/Super Mario_Wii U_Super Mario 3D World_Captain Toad Goes Forth.mid
ambiguous_other,Super Mario,Wii U,Super Mario 3D World,Captain Toad Plays Peek-a-Boo,,game_midi/Super Mario_Wii U_Super Mario 3D World_Captain Toad Plays Peek-a-Boo.mid
finite_song_or_cue,Super Mario,Wii U,Super Mario 3D World,Captain Toads Fiery Finale,finale,game_midi/Super Mario_Wii U_Super Mario 3D World_Captain Toads Fiery Finale.mid
ambiguous_other,Super Mario,Wii U,Super Mario 3D World,Chain-Link Charge,,game_midi/Super Mario_Wii U_Super Mario 3D World_Chain-Link Charge.mid
ambiguous_other,Super Mario,Wii U,Super Mario 3D World,Final Curtain for Meowser,,game_midi/Super Mario_Wii U_Super Mario 3D World_Final Curtain for Meowser.mid
ambiguous_other,Super Mario,Wii U,Super Mario 3D World,Footlight Lane,,game_midi/Super Mario_Wii U_Super Mario 3D World_Footlight Lane.mid
ambiguous_other,Super Mario,Wii U,Super Mario 3D World,Getting Ready,,game_midi/Super Mario_Wii U_Super Mario 3D World_Getting Ready.mid
finite_song_or_cue,Super Mario,Wii U,Super Mario 3D World,Grand Finale,finale,game_midi/Super Mario_Wii U_Super Mario 3D World_Grand Finale.mid
looping_gameplay_bgm,Super Mario,Wii U,Super Mario 3D World,Shifty Boo Mansion,mansion,game_midi/Super Mario_Wii U_Super Mario 3D World_Shifty Boo Mansion.mid
ambiguous_other,Super Mario,Wii U,Super Mario 3D World,Sprixie Kingdom,,game_midi/Super Mario_Wii U_Super Mario 3D World_Sprixie Kingdom.mid
ambiguous_other,Super Mario,Wii U,Super Mario 3D World,Super Bell Hill,,game_midi/Super Mario_Wii U_Super Mario 3D World_Super Bell Hill.mid
ambiguous_other,Super Mario,Wii U,Super Mario 3D World,Switch Scramble Circus,,game_midi/Super Mario_Wii U_Super Mario 3D World_Switch Scramble Circus.mid
ambiguous_other,Super Mario,Wii U,Super Mario 3D World,Title Screen,,game_midi/Super Mario_Wii U_Super Mario 3D World_Title Screen.mid
looping_gameplay_bgm,Super Mario,Wii U,Super Mario 3D World,World 1,world,game_midi/Super Mario_Wii U_Super Mario 3D World_World 1.mid
looping_gameplay_bgm,Super Mario,Wii U,Super Mario 3D World,World Star,world,game_midi/Super Mario_Wii U_Super Mario 3D World_World Star.mid
looping_gameplay_bgm,Super Mario,Wii U,Super Mario Maker,Airship (Super Mario Bros),airship,game_midi/Super Mario_Wii U_Super Mario Maker_Airship (Super Mario Bros).mid
looping_gameplay_bgm,Super Mario,Wii U,Super Mario Maker,Ghost House (Super Mario Bros 3),house,game_midi/Super Mario_Wii U_Super Mario Maker_Ghost House (Super Mario Bros 3).mid
looping_gameplay_bgm,Super Mario,Wii U,Super Mario Maker,Ghost House (Super Mario Bros),house,game_midi/Super Mario_Wii U_Super Mario Maker_Ghost House (Super Mario Bros).mid
ambiguous_other,Super Mario,Wii U,Yoshis Woolly World,Yoshi and Cookies,,game_midi/Super Mario_Wii U_Yoshis Woolly World_Yoshi and Cookies.mid
looping_gameplay_bgm,Super Mario,Wii,New Super Mario Bros Wii,Castle,castle,game_midi/Super Mario_Wii_New Super Mario Bros Wii_Castle.mid
looping_gameplay_bgm,Super Mario,Wii,New Super Mario Bros Wii,Desert Theme,desert,game_midi/Super Mario_Wii_New Super Mario Bros Wii_Desert Theme.mid
looping_gameplay_bgm,Super Mario,Wii,New Super Mario Bros Wii,Ghost House,house,game_midi/Super Mario_Wii_New Super Mario Bros Wii_Ghost House.mid
ambiguous_other,Super Mario,Wii,New Super Mario Bros Wii,Underwater,,game_midi/Super Mario_Wii_New Super Mario Bros Wii_Underwater.mid
looping_gameplay_bgm,Super Mario,Wii,New Super Mario Bros Wii,Volcanic Overworld Theme,overworld,game_midi/Super Mario_Wii_New Super Mario Bros Wii_Volcanic Overworld Theme.mid
ambiguous_likely_loop,Super Mario,Wii,New Super Mario Bros Wii,Volcanic Underground Theme,theme,game_midi/Super Mario_Wii_New Super Mario Bros Wii_Volcanic Underground Theme.mid
looping_gameplay_bgm,Super Mario,Wii,New Super Mario Bros Wii,World 1 Grass Land,"world, land",game_midi/Super Mario_Wii_New Super Mario Bros Wii_World 1 Grass Land.mid
looping_gameplay_bgm,Super Mario,Wii,New Super Mario Bros Wii,World 3 Ice Land,"world, land",game_midi/Super Mario_Wii_New Super Mario Bros Wii_World 3 Ice Land.mid
looping_gameplay_bgm,Super Mario,Wii,New Super Mario Bros Wii,World 4 Water Land,"world, land",game_midi/Super Mario_Wii_New Super Mario Bros Wii_World 4 Water Land.mid
looping_gameplay_bgm,Super Mario,Wii,New Super Mario Bros Wii,World 6 Cliff Land,"world, land",game_midi/Super Mario_Wii_New Super Mario Bros Wii_World 6 Cliff Land.mid
ambiguous_other,Super Mario,Wii,Super Mario Galaxy 2,Beta Song 3,,game_midi/Super Mario_Wii_Super Mario Galaxy 2_Beta Song 3.mid
ambiguous_other,Super Mario,Wii,Super Mario Galaxy 2,Bowser Jrs Fiery Flotilla,,game_midi/Super Mario_Wii_Super Mario Galaxy 2_Bowser Jrs Fiery Flotilla.mid
looping_gameplay_bgm,Super Mario,Wii,Super Mario Galaxy 2,Bowsers Galaxy Generator,galaxy,game_midi/Super Mario_Wii_Super Mario Galaxy 2_Bowsers Galaxy Generator.mid
looping_gameplay_bgm,Super Mario,Wii,Super Mario Galaxy 2,Chompworks Galaxy,galaxy,game_midi/Super Mario_Wii_Super Mario Galaxy 2_Chompworks Galaxy.mid
looping_gameplay_bgm,Super Mario,Wii,Super Mario Galaxy 2,Cosmic Cove Galaxy,galaxy,game_midi/Super Mario_Wii_Super Mario Galaxy 2_Cosmic Cove Galaxy.mid
finite_song_or_cue,Super Mario,Wii,Super Mario Galaxy 2,Ending,ending,game_midi/Super Mario_Wii_Super Mario Galaxy 2_Ending.mid
ambiguous_other,Super Mario,Wii,Super Mario Galaxy 2,Fateful Decision,,game_midi/Super Mario_Wii_Super Mario Galaxy 2_Fateful Decision.mid
looping_gameplay_bgm,Super Mario,Wii,Super Mario Galaxy 2,Fluffy Bluff Galaxy,galaxy,game_midi/Super Mario_Wii_Super Mario Galaxy 2_Fluffy Bluff Galaxy.mid
ambiguous_other,Super Mario,Wii,Super Mario Galaxy 2,Green Star,,game_midi/Super Mario_Wii_Super Mario Galaxy 2_Green Star.mid
looping_gameplay_bgm,Super Mario,Wii,Super Mario Galaxy 2,Hightail Falls Galaxy,galaxy,game_midi/Super Mario_Wii_Super Mario Galaxy 2_Hightail Falls Galaxy.mid
looping_gameplay_bgm,Super Mario,Wii,Super Mario Galaxy 2,Melty Monster Galaxy,galaxy,game_midi/Super Mario_Wii_Super Mario Galaxy 2_Melty Monster Galaxy.mid
looping_gameplay_bgm,Super Mario,Wii,Super Mario Galaxy 2,Pipe Room,room,game_midi/Super Mario_Wii_Super Mario Galaxy 2_Pipe Room.mid
finite_song_or_cue,Super Mario,Wii,Super Mario Galaxy 2,Prologue,prologue,game_midi/Super Mario_Wii_Super Mario Galaxy 2_Prologue.mid
looping_gameplay_bgm,Super Mario,Wii,Super Mario Galaxy 2,Puzzle Plank Galaxy,galaxy,game_midi/Super Mario_Wii_Super Mario Galaxy 2_Puzzle Plank Galaxy.mid
looping_gameplay_bgm,Super Mario,Wii,Super Mario Galaxy 2,Rightside Down Galaxy,galaxy,game_midi/Super Mario_Wii_Super Mario Galaxy 2_Rightside Down Galaxy.mid
looping_gameplay_bgm,Super Mario,Wii,Super Mario Galaxy 2,Sky Station,station,game_midi/Super Mario_Wii_Super Mario Galaxy 2_Sky Station.mid
looping_gameplay_bgm,Super Mario,Wii,Super Mario Galaxy 2,Slipsand Galaxy,galaxy,game_midi/Super Mario_Wii_Super Mario Galaxy 2_Slipsand Galaxy.mid
looping_gameplay_bgm,Super Mario,Wii,Super Mario Galaxy 2,Space Storm Galaxy,galaxy,game_midi/Super Mario_Wii_Super Mario Galaxy 2_Space Storm Galaxy.mid
looping_gameplay_bgm,Super Mario,Wii,Super Mario Galaxy 2,Spin-Dig Galaxy,galaxy,game_midi/Super Mario_Wii_Super Mario Galaxy 2_Spin-Dig Galaxy.mid
ambiguous_other,Super Mario,Wii,Super Mario Galaxy 2,Starship Mario 1,,game_midi/Super Mario_Wii_Super Mario Galaxy 2_Starship Mario 1.mid
looping_gameplay_bgm,Super Mario,Wii,Super Mario Galaxy 2,Sweet Mystery Galaxy,galaxy,game_midi/Super Mario_Wii_Super Mario Galaxy 2_Sweet Mystery Galaxy.mid
ambiguous_likely_loop,Super Mario,Wii,Super Mario Galaxy 2,Trailer Theme,theme,game_midi/Super Mario_Wii_Super Mario Galaxy 2_Trailer Theme.mid
looping_gameplay_bgm,Super Mario,Wii,Super Mario Galaxy 2,World 2,world,game_midi/Super Mario_Wii_Super Mario Galaxy 2_World 2.mid
looping_gameplay_bgm,Super Mario,Wii,Super Mario Galaxy 2,World 3,world,game_midi/Super Mario_Wii_Super Mario Galaxy 2_World 3.mid
looping_gameplay_bgm,Super Mario,Wii,Super Mario Galaxy 2,World 4,world,game_midi/Super Mario_Wii_Super Mario Galaxy 2_World 4.mid
looping_gameplay_bgm,Super Mario,Wii,Super Mario Galaxy 2,World S,world,game_midi/Super Mario_Wii_Super Mario Galaxy 2_World S.mid
looping_gameplay_bgm,Super Mario,Wii,Super Mario Galaxy 2,Yoshi Star Galaxy,galaxy,game_midi/Super Mario_Wii_Super Mario Galaxy 2_Yoshi Star Galaxy.mid
ambiguous_other,Super Mario,Wii,Super Mario Galaxy,A Tense Moment,,game_midi/Super Mario_Wii_Super Mario Galaxy_A Tense Moment.mid
looping_gameplay_bgm,Super Mario,Wii,Super Mario Galaxy,Battlerock Galaxy,galaxy,game_midi/Super Mario_Wii_Super Mario Galaxy_Battlerock Galaxy.mid
looping_gameplay_bgm,Super Mario,Wii,Super Mario Galaxy,Beach Bowl Galaxy,"each, galaxy",game_midi/Super Mario_Wii_Super Mario Galaxy_Beach Bowl Galaxy.mid
ambiguous_other,Super Mario,Wii,Super Mario Galaxy,Birth,,game_midi/Super Mario_Wii_Super Mario Galaxy_Birth.mid
ambiguous_other,Super Mario,Wii,Super Mario Galaxy,Bouldergeist,,game_midi/Super Mario_Wii_Super Mario Galaxy_Bouldergeist.mid
looping_gameplay_bgm,Super Mario,Wii,Super Mario Galaxy,Buoy Base Galaxy - Undersea,"ase, galaxy",game_midi/Super Mario_Wii_Super Mario Galaxy_Buoy Base Galaxy - Undersea.mid
looping_gameplay_bgm,Super Mario,Wii,Super Mario Galaxy,Buoy Base Galaxy,"ase, galaxy",game_midi/Super Mario_Wii_Super Mario Galaxy_Buoy Base Galaxy.mid
ambiguous_other,Super Mario,Wii,Super Mario Galaxy,Chase the Bunnies!,,game_midi/Super Mario_Wii_Super Mario Galaxy_Chase the Bunnies!.mid
looping_gameplay_bgm,Super Mario,Wii,Super Mario Galaxy,Drip Drop Galaxy,galaxy,game_midi/Super Mario_Wii_Super Mario Galaxy_Drip Drop Galaxy.mid
looping_gameplay_bgm,Super Mario,Wii,Super Mario Galaxy,Egg Planet,planet,game_midi/Super Mario_Wii_Super Mario Galaxy_Egg Planet.mid
ambiguous_other,Super Mario,Wii,Super Mario Galaxy,Family,,game_midi/Super Mario_Wii_Super Mario Galaxy_Family.mid
looping_gameplay_bgm,Super Mario,Wii,Super Mario Galaxy,File Select,select,game_midi/Super Mario_Wii_Super Mario Galaxy_File Select.mid
looping_gameplay_bgm,Super Mario,Wii,Super Mario Galaxy,Final Battle with Bowser,attle!?,game_midi/Super Mario_Wii_Super Mario Galaxy_Final Battle with Bowser.mid
ambiguous_other,Super Mario,Wii,Super Mario Galaxy,Flying Mario,,game_midi/Super Mario_Wii_Super Mario Galaxy_Flying Mario.mid
looping_gameplay_bgm,Super Mario,Wii,Super Mario Galaxy,Gateway Galaxy,galaxy,game_midi/Super Mario_Wii_Super Mario Galaxy_Gateway Galaxy.mid
looping_gameplay_bgm,Super Mario,Wii,Super Mario Galaxy,Gusty Garden Galaxy,"garden, galaxy",game_midi/Super Mario_Wii_Super Mario Galaxy_Gusty Garden Galaxy.mid
looping_gameplay_bgm,Super Mario,Wii,Super Mario Galaxy,Ice Mountain,mountain,game_midi/Super Mario_Wii_Super Mario Galaxy_Ice Mountain.mid
looping_gameplay_bgm,Super Mario,Wii,Super Mario Galaxy,Into the Galaxy,galaxy,game_midi/Super Mario_Wii_Super Mario Galaxy_Into the Galaxy.mid
ambiguous_other,Super Mario,Wii,Super Mario Galaxy,Lava Path,,game_midi/Super Mario_Wii_Super Mario Galaxy_Lava Path.mid
ambiguous_other,Super Mario,Wii,Super Mario Galaxy,Library,,game_midi/Super Mario_Wii_Super Mario Galaxy_Library.mid
ambiguous_other,Super Mario,Wii,Super Mario Galaxy,Mecha-Bowser,,game_midi/Super Mario_Wii_Super Mario Galaxy_Mecha-Bowser.mid
looping_gameplay_bgm,Super Mario,Wii,Super Mario Galaxy,Melty Molten Galaxy (Hell Prominence),galaxy,game_midi/Super Mario_Wii_Super Mario Galaxy_Melty Molten Galaxy (Hell Prominence).mid
ambiguous_other,Super Mario,Wii,Super Mario Galaxy,Observatory Dome,,game_midi/Super Mario_Wii_Super Mario Galaxy_Observatory Dome.mid
ambiguous_other,Super Mario,Wii,Super Mario Galaxy,Overture,,game_midi/Super Mario_Wii_Super Mario Galaxy_Overture.mid
finite_song_or_cue,Super Mario,Wii,Super Mario Galaxy,Prologue,prologue,game_midi/Super Mario_Wii_Super Mario Galaxy_Prologue.mid
ambiguous_other,Super Mario,Wii,Super Mario Galaxy,Purple Comet,,game_midi/Super Mario_Wii_Super Mario Galaxy_Purple Comet.mid
ambiguous_likely_loop,Super Mario,Wii,Super Mario Galaxy,Rainbow Star Theme,theme,game_midi/Super Mario_Wii_Super Mario Galaxy_Rainbow Star Theme.mid
ambiguous_likely_loop,Super Mario,Wii,Super Mario Galaxy,Retro Theme 2,theme,game_midi/Super Mario_Wii_Super Mario Galaxy_Retro Theme 2.mid
ambiguous_other,Super Mario,Wii,Super Mario Galaxy,"Rosalinas Comet Observatory 1, 2 & 3",,"game_midi/Super Mario_Wii_Super Mario Galaxy_Rosalinas Comet Observatory 1, 2 & 3.mid"
looping_gameplay_bgm,Super Mario,Wii,Super Mario Galaxy,Space Junk Galaxy,galaxy,game_midi/Super Mario_Wii_Super Mario Galaxy_Space Junk Galaxy.mid
ambiguous_other,Super Mario,Wii,Super Mario Galaxy,Speedy Comet,,game_midi/Super Mario_Wii_Super Mario Galaxy_Speedy Comet.mid
ambiguous_other,Super Mario,Wii,Super Mario Galaxy,Starbit Festival,,game_midi/Super Mario_Wii_Super Mario Galaxy_Starbit Festival.mid
looping_gameplay_bgm,Super Mario,Wii,Super Mario Galaxy,Super Mario 2007 (Toy Time Galaxy),galaxy,game_midi/Super Mario_Wii_Super Mario Galaxy_Super Mario 2007 (Toy Time Galaxy).mid
ambiguous_other,Super Mario,Wii,Super Mario Galaxy,The Gate,,game_midi/Super Mario_Wii_Super Mario Galaxy_The Gate.mid
ambiguous_other,Super Mario,Wii,Super Mario Galaxy,The Girls Sadness,,game_midi/Super Mario_Wii_Super Mario Galaxy_The Girls Sadness.mid
ambiguous_other,Super Mario,Wii,Super Mario Galaxy,The Toad Brigade,,game_midi/Super Mario_Wii_Super Mario Galaxy_The Toad Brigade.mid
ambiguous_other,Super Mario,Wii,Super Mario Galaxy,Waltz of the Boos,,game_midi/Super Mario_Wii_Super Mario Galaxy_Waltz of the Boos.mid
looping_gameplay_bgm,Super Mario,Wii,Wario Land Shake It!,Just Plains,plains,game_midi/Super Mario_Wii_Wario Land Shake It!_Just Plains.mid
ambiguous_other,Super Mario,Wii,Wario Land Shake It!,Large Fry Cook-Off,,game_midi/Super Mario_Wii_Wario Land Shake It!_Large Fry Cook-Off.mid
looping_gameplay_bgm,Super Mario,Wii,Wario Land Shake It!,Ropey Jungle,jungle,game_midi/Super Mario_Wii_Wario Land Shake It!_Ropey Jungle.mid
ambiguous_other,Super Mario,Wii,Wario Land Shake It!,Title,,game_midi/Super Mario_Wii_Wario Land Shake It!_Title.mid
looping_gameplay_bgm,Super Mario,Wii,WarioWare Smooth Moves,Tower Tennis Terror,tower,game_midi/Super Mario_Wii_WarioWare Smooth Moves_Tower Tennis Terror.mid
ambiguous_other,Super Mario,Wii,WarioWare Smooth Moves,Wario Dance Company,,game_midi/Super Mario_Wii_WarioWare Smooth Moves_Wario Dance Company.mid
finite_song_or_cue,Super Smash Bros,Multiplatform,Super Smash Bros for Nintendo 3DS and Wii U,Classic Final Results,results?,game_midi/Super Smash Bros_Multiplatform_Super Smash Bros for Nintendo 3DS and Wii U_Classic Final Results.mid
ambiguous_other,Super Smash Bros,Multiplatform,Super Smash Bros for Nintendo 3DS and Wii U,Famicom Medley,,game_midi/Super Smash Bros_Multiplatform_Super Smash Bros for Nintendo 3DS and Wii U_Famicom Medley.mid
ambiguous_other,Super Smash Bros,Multiplatform,Super Smash Bros for Nintendo 3DS and Wii U,MagicantEight Melodies,,game_midi/Super Smash Bros_Multiplatform_Super Smash Bros for Nintendo 3DS and Wii U_MagicantEight Melodies.mid
ambiguous_other,Super Smash Bros,Multiplatform,Super Smash Bros for Nintendo 3DS and Wii U,Namco Arcade 80s Retro Medley 1,,game_midi/Super Smash Bros_Multiplatform_Super Smash Bros for Nintendo 3DS and Wii U_Namco Arcade 80s Retro Medley 1.mid
looping_gameplay_bgm,Super Smash Bros,Multiplatform,Super Smash Bros for Nintendo 3DS and Wii U,Rainbow Road Series Medley,road,game_midi/Super Smash Bros_Multiplatform_Super Smash Bros for Nintendo 3DS and Wii U_Rainbow Road Series Medley.mid
ambiguous_other,Super Smash Bros,Nintendo 64,Super Smash Bros,All Clear,,game_midi/Super Smash Bros_Nintendo 64_Super Smash Bros_All Clear.mid
looping_gameplay_bgm,Super Smash Bros,Nintendo 64,Super Smash Bros,Character Select,select,game_midi/Super Smash Bros_Nintendo 64_Super Smash Bros_Character Select.mid
looping_gameplay_bgm,Super Smash Bros,Nintendo 64,Super Smash Bros,Dream Land,land,game_midi/Super Smash Bros_Nintendo 64_Super Smash Bros_Dream Land.mid
ambiguous_other,Super Smash Bros,Nintendo 64,Super Smash Bros,Fighting Polygon Team,,game_midi/Super Smash Bros_Nintendo 64_Super Smash Bros_Fighting Polygon Team.mid
looping_gameplay_bgm,Super Smash Bros,Nintendo 64,Super Smash Bros,Hyrule Castle,castle,game_midi/Super Smash Bros_Nintendo 64_Super Smash Bros_Hyrule Castle.mid
looping_gameplay_bgm,Super Smash Bros,Nintendo 64,Super Smash Bros,Peachs Castle,castle,game_midi/Super Smash Bros_Nintendo 64_Super Smash Bros_Peachs Castle.mid
looping_gameplay_bgm,Super Smash Bros,Nintendo 64,Super Smash Bros,Saffron City,city,game_midi/Super Smash Bros_Nintendo 64_Super Smash Bros_Saffron City.mid
looping_gameplay_bgm,Super Smash Bros,Nintendo GameCube,Super Smash Bros Melee,All-Star Rest Area,area,game_midi/Super Smash Bros_Nintendo GameCube_Super Smash Bros Melee_All-Star Rest Area.mid
ambiguous_other,Super Smash Bros,Nintendo GameCube,Super Smash Bros Melee,Big Blue,,game_midi/Super Smash Bros_Nintendo GameCube_Super Smash Bros Melee_Big Blue.mid
ambiguous_other,Super Smash Bros,Nintendo GameCube,Super Smash Bros Melee,Brinstar,,game_midi/Super Smash Bros_Nintendo GameCube_Super Smash Bros Melee_Brinstar.mid
ambiguous_other,Super Smash Bros,Nintendo GameCube,Super Smash Bros Melee,Corneria,,game_midi/Super Smash Bros_Nintendo GameCube_Super Smash Bros Melee_Corneria.mid
ambiguous_other,Super Smash Bros,Nintendo GameCube,Super Smash Bros Melee,Dr Mario,,game_midi/Super Smash Bros_Nintendo GameCube_Super Smash Bros Melee_Dr Mario.mid
ambiguous_other,Super Smash Bros,Nintendo GameCube,Super Smash Bros Melee,Final Destination,,game_midi/Super Smash Bros_Nintendo GameCube_Super Smash Bros Melee_Final Destination.mid
ambiguous_other,Super Smash Bros,Nintendo GameCube,Super Smash Bros Melee,Fire Emblem,,game_midi/Super Smash Bros_Nintendo GameCube_Super Smash Bros Melee_Fire Emblem.mid
looping_gameplay_bgm,Super Smash Bros,Nintendo GameCube,Super Smash Bros Melee,Flat Zone,zone,game_midi/Super Smash Bros_Nintendo GameCube_Super Smash Bros Melee_Flat Zone.mid
ambiguous_other,Super Smash Bros,Nintendo GameCube,Super Smash Bros Melee,Fountain of Dreams,,game_midi/Super Smash Bros_Nintendo GameCube_Super Smash Bros Melee_Fountain of Dreams.mid
looping_gameplay_bgm,Super Smash Bros,Nintendo GameCube,Super Smash Bros Melee,Icicle Mountain,mountain,game_midi/Super Smash Bros_Nintendo GameCube_Super Smash Bros Melee_Icicle Mountain.mid
looping_gameplay_bgm,Super Smash Bros,Nintendo GameCube,Super Smash Bros Melee,Menu 1,menu,game_midi/Super Smash Bros_Nintendo GameCube_Super Smash Bros Melee_Menu 1.mid
ambiguous_other,Super Smash Bros,Nintendo GameCube,Super Smash Bros Melee,Mother,,game_midi/Super Smash Bros_Nintendo GameCube_Super Smash Bros Melee_Mother.mid
ambiguous_other,Super Smash Bros,Nintendo GameCube,Super Smash Bros Melee,Multi-Man Melee 2,,game_midi/Super Smash Bros_Nintendo GameCube_Super Smash Bros Melee_Multi-Man Melee 2.mid
finite_song_or_cue,Super Smash Bros,Nintendo GameCube,Super Smash Bros Melee,Opening,opening,game_midi/Super Smash Bros_Nintendo GameCube_Super Smash Bros Melee_Opening.mid
ambiguous_other,Super Smash Bros,Nintendo GameCube,Super Smash Bros Melee,Targets!,,game_midi/Super Smash Bros_Nintendo GameCube_Super Smash Bros Melee_Targets!.mid
looping_gameplay_bgm,Super Smash Bros,Nintendo GameCube,Super Smash Bros Melee,Temple,temple,game_midi/Super Smash Bros_Nintendo GameCube_Super Smash Bros Melee_Temple.mid
ambiguous_other,Super Smash Bros,Nintendo GameCube,Super Smash Bros Melee,Tournament 1,,game_midi/Super Smash Bros_Nintendo GameCube_Super Smash Bros Melee_Tournament 1.mid
looping_gameplay_bgm,Super Smash Bros,Nintendo GameCube,Super Smash Bros Melee,Yoshis Island,island,game_midi/Super Smash Bros_Nintendo GameCube_Super Smash Bros Melee_Yoshis Island.mid
finite_song_or_cue,Super Smash Bros,Nintendo Switch,Super Smash Bros Ultimate,Classic Mode Defeat,defeat(ed)?,game_midi/Super Smash Bros_Nintendo Switch_Super Smash Bros Ultimate_Classic Mode Defeat.mid
ambiguous_other,Super Smash Bros,Nintendo Switch,Super Smash Bros Ultimate,Final Destination,,game_midi/Super Smash Bros_Nintendo Switch_Super Smash Bros Ultimate_Final Destination.mid
ambiguous_other,Super Smash Bros,Nintendo Switch,Super Smash Bros Ultimate,MEGALOVANIA,,game_midi/Super Smash Bros_Nintendo Switch_Super Smash Bros Ultimate_MEGALOVANIA.mid
ambiguous_likely_loop,Super Smash Bros,Nintendo Switch,Super Smash Bros Ultimate,Main Theme Piano Solo,theme,game_midi/Super Smash Bros_Nintendo Switch_Super Smash Bros Ultimate_Main Theme Piano Solo.mid
ambiguous_other,Super Smash Bros,Nintendo Switch,Super Smash Bros Ultimate,Spectate,,game_midi/Super Smash Bros_Nintendo Switch_Super Smash Bros Ultimate_Spectate.mid
ambiguous_other,Super Smash Bros,Nintendo Switch,Super Smash Bros Ultimate,Stormy Saxophone 2 - KOF 96,,game_midi/Super Smash Bros_Nintendo Switch_Super Smash Bros Ultimate_Stormy Saxophone 2 - KOF 96.mid
finite_song_or_cue,Super Smash Bros,Nintendo Switch,Super Smash Bros Ultimate,The Light Realm Prologue,prologue,game_midi/Super Smash Bros_Nintendo Switch_Super Smash Bros Ultimate_The Light Realm Prologue.mid
looping_gameplay_bgm,Super Smash Bros,Wii,Super Smash Bros Brawl,Boss Theme Medley,oss,game_midi/Super Smash Bros_Wii_Super Smash Bros Brawl_Boss Theme Medley.mid
ambiguous_other,Super Smash Bros,Wii,Super Smash Bros Brawl,Bramble Blast,,game_midi/Super Smash Bros_Wii_Super Smash Bros Brawl_Bramble Blast.mid
finite_song_or_cue,Super Smash Bros,Wii,Super Smash Bros Brawl,Classic Mode Results Screen (Master Hand),results?,game_midi/Super Smash Bros_Wii_Super Smash Bros Brawl_Classic Mode Results Screen (Master Hand).mid
ambiguous_other,Super Smash Bros,Wii,Super Smash Bros Brawl,Coin Launcher,,game_midi/Super Smash Bros_Wii_Super Smash Bros Brawl_Coin Launcher.mid
looping_gameplay_bgm,Super Smash Bros,Wii,Super Smash Bros Brawl,DialgaPalkia Battle at Spear Pillar!,attle!?,game_midi/Super Smash Bros_Wii_Super Smash Bros Brawl_DialgaPalkia Battle at Spear Pillar!.mid
ambiguous_other,Super Smash Bros,Wii,Super Smash Bros Brawl,Famicom Medley,,game_midi/Super Smash Bros_Wii_Super Smash Bros Brawl_Famicom Medley.mid
ambiguous_other,Super Smash Bros,Wii,Super Smash Bros Brawl,Final Destination,,game_midi/Super Smash Bros_Wii_Super Smash Bros Brawl_Final Destination.mid
ambiguous_likely_loop,Super Smash Bros,Wii,Super Smash Bros Brawl,Fire Emblem Theme,theme,game_midi/Super Smash Bros_Wii_Super Smash Bros Brawl_Fire Emblem Theme.mid
looping_gameplay_bgm,Super Smash Bros,Wii,Super Smash Bros Brawl,Gritzy Desert,desert,game_midi/Super Smash Bros_Wii_Super Smash Bros Brawl_Gritzy Desert.mid
ambiguous_likely_loop,Super Smash Bros,Wii,Super Smash Bros Brawl,Ground Theme (Super Mario Bros),theme,game_midi/Super Smash Bros_Wii_Super Smash Bros Brawl_Ground Theme (Super Mario Bros).mid
ambiguous_likely_loop,Super Smash Bros,Wii,Super Smash Bros Brawl,King Dededes Theme,theme,game_midi/Super Smash Bros_Wii_Super Smash Bros Brawl_King Dededes Theme.mid
looping_gameplay_bgm,Super Smash Bros,Wii,Super Smash Bros Brawl,Mario Circuit,circuit,game_midi/Super Smash Bros_Wii_Super Smash Bros Brawl_Mario Circuit.mid
ambiguous_other,Super Smash Bros,Wii,Super Smash Bros Brawl,Ocarina of Time Medley,,game_midi/Super Smash Bros_Wii_Super Smash Bros Brawl_Ocarina of Time Medley.mid
looping_gameplay_bgm,Super Smash Bros,Wii,Super Smash Bros Brawl,Online Practice Stage,stage,game_midi/Super Smash Bros_Wii_Super Smash Bros Brawl_Online Practice Stage.mid
ambiguous_other,Super Smash Bros,Wii,Super Smash Bros Brawl,Sticker Album Album Chronicle,,game_midi/Super Smash Bros_Wii_Super Smash Bros Brawl_Sticker Album Album Chronicle.mid
looping_gameplay_bgm,Super Smash Bros,Wii,Super Smash Bros Brawl,Subspace Emissary - Overworld,overworld,game_midi/Super Smash Bros_Wii_Super Smash Bros Brawl_Subspace Emissary - Overworld.mid
ambiguous_likely_loop,Super Smash Bros,Wii,Super Smash Bros Brawl,Super Smash Bros Brawl Main Theme,theme,game_midi/Super Smash Bros_Wii_Super Smash Bros Brawl_Super Smash Bros Brawl Main Theme.mid
ambiguous_other,Super Smash Bros,Wii,Super Smash Bros Brawl,Target Smash!!,,game_midi/Super Smash Bros_Wii_Super Smash Bros Brawl_Target Smash!!.mid
looping_gameplay_bgm,Super Smash Bros,Wii,Super Smash Bros Brawl,The Legend of Zelda Dark World,world,game_midi/Super Smash Bros_Wii_Super Smash Bros Brawl_The Legend of Zelda Dark World.mid
ambiguous_other,Super Smash Bros,Wii,Super Smash Bros Brawl,The Roost,,game_midi/Super Smash Bros_Wii_Super Smash Bros Brawl_The Roost.mid
ambiguous_other,Super Smash Bros,Wii,Super Smash Bros Brawl,Trophy Gallery,,game_midi/Super Smash Bros_Wii_Super Smash Bros Brawl_Trophy Gallery.mid
ambiguous_other,Tales,Nintendo GameCube,Tales of Symphonia,A Wood Carving Star,,game_midi/Tales_Nintendo GameCube_Tales of Symphonia_A Wood Carving Star.mid
looping_gameplay_bgm,Tales,Nintendo GameCube,Tales of Symphonia,Far From Our World,world,game_midi/Tales_Nintendo GameCube_Tales of Symphonia_Far From Our World.mid
ambiguous_other,Tales,Nintendo GameCube,Tales of Symphonia,Fatalize,,game_midi/Tales_Nintendo GameCube_Tales of Symphonia_Fatalize.mid
ambiguous_other,Tales,Nintendo GameCube,Tales of Symphonia,Fighting of the Spirit,,game_midi/Tales_Nintendo GameCube_Tales of Symphonia_Fighting of the Spirit.mid
ambiguous_other,Tales,Nintendo GameCube,Tales of Symphonia,Final Destination,,game_midi/Tales_Nintendo GameCube_Tales of Symphonia_Final Destination.mid
ambiguous_other,Tales,Nintendo GameCube,Tales of Symphonia,Full force,,game_midi/Tales_Nintendo GameCube_Tales of Symphonia_Full force.mid
ambiguous_other,Tales,Nintendo GameCube,Tales of Symphonia,Hidden Sorrow,,game_midi/Tales_Nintendo GameCube_Tales of Symphonia_Hidden Sorrow.mid
looping_gameplay_bgm,Tales,Nintendo GameCube,Tales of Symphonia,House of Salvation,house,game_midi/Tales_Nintendo GameCube_Tales of Symphonia_House of Salvation.mid
ambiguous_other,Tales,Nintendo GameCube,Tales of Symphonia,Keen-Edged Blade,,game_midi/Tales_Nintendo GameCube_Tales of Symphonia_Keen-Edged Blade.mid
ambiguous_likely_loop,Tales,Nintendo GameCube,Tales of Symphonia,Kratos Theme,theme,game_midi/Tales_Nintendo GameCube_Tales of Symphonia_Kratos Theme.mid
looping_gameplay_bgm,Tales,Nintendo GameCube,Tales of Symphonia,Last Battle (Will),attle!?,game_midi/Tales_Nintendo GameCube_Tales of Symphonia_Last Battle (Will).mid
ambiguous_likely_loop,Tales,Nintendo GameCube,Tales of Symphonia,Lloyds Theme,theme,game_midi/Tales_Nintendo GameCube_Tales of Symphonia_Lloyds Theme.mid
ambiguous_likely_loop,Tales,Nintendo GameCube,Tales of Symphonia,On the Hill This Night,night,game_midi/Tales_Nintendo GameCube_Tales of Symphonia_On the Hill This Night.mid
ambiguous_likely_loop,Tales,Nintendo GameCube,Tales of Symphonia,Preseas Theme,theme,game_midi/Tales_Nintendo GameCube_Tales of Symphonia_Preseas Theme.mid
ambiguous_other,Tales,Nintendo GameCube,Tales of Symphonia,Shining Dew,,game_midi/Tales_Nintendo GameCube_Tales of Symphonia_Shining Dew.mid
ambiguous_other,Tales,Nintendo GameCube,Tales of Symphonia,Sylvarant,,game_midi/Tales_Nintendo GameCube_Tales of Symphonia_Sylvarant.mid
finite_song_or_cue,Tales,Nintendo GameCube,Tales of Symphonia,The End of a Thought,the end,game_midi/Tales_Nintendo GameCube_Tales of Symphonia_The End of a Thought.mid
ambiguous_other,Tales,PlayStation 2,Tales of the Abyss,Confrontation,,game_midi/Tales_PlayStation 2_Tales of the Abyss_Confrontation.mid
looping_gameplay_bgm,Tales,PlayStation 2,Tales of the Abyss,Natures Dungeon,dungeon,game_midi/Tales_PlayStation 2_Tales of the Abyss_Natures Dungeon.mid
looping_gameplay_bgm,Tales,PlayStation 2,Tales of the Abyss,Wyon Mirrored Cave,cave,game_midi/Tales_PlayStation 2_Tales of the Abyss_Wyon Mirrored Cave.mid
ambiguous_other,Tales,PlayStation 2,Tales of the Abyss,abyss,,game_midi/Tales_PlayStation 2_Tales of the Abyss_abyss.mid
ambiguous_other,Tales,Super Nintendo Entertainment System,Tales of Phantasia,Fighting of the Spirit,,game_midi/Tales_Super Nintendo Entertainment System_Tales of Phantasia_Fighting of the Spirit.mid
ambiguous_other,Tales,Super Nintendo Entertainment System,Tales of Phantasia,Sakuraba Solo,,game_midi/Tales_Super Nintendo Entertainment System_Tales of Phantasia_Sakuraba Solo.mid
ambiguous_other,Tales,Xbox 360,Tales of Vesperia,Evening Requiem,,game_midi/Tales_Xbox 360_Tales of Vesperia_Evening Requiem.mid
ambiguous_other,The Legend of Zelda,Game Boy Advance,The Legend of Zelda Four Swords,Chambers of Insight,,game_midi/The Legend of Zelda_Game Boy Advance_The Legend of Zelda Four Swords_Chambers of Insight.mid
ambiguous_likely_loop,The Legend of Zelda,Game Boy Advance,The Legend of Zelda The Minish Cap,Adventurers Spring,spring,game_midi/The Legend of Zelda_Game Boy Advance_The Legend of Zelda The Minish Cap_Adventurers Spring.mid
ambiguous_other,The Legend of Zelda,Game Boy Advance,The Legend of Zelda The Minish Cap,Cloud Tops,,game_midi/The Legend of Zelda_Game Boy Advance_The Legend of Zelda The Minish Cap_Cloud Tops.mid
looping_gameplay_bgm,The Legend of Zelda,Game Boy Advance,The Legend of Zelda The Minish Cap,Dark Hyrule Castle,castle,game_midi/The Legend of Zelda_Game Boy Advance_The Legend of Zelda The Minish Cap_Dark Hyrule Castle.mid
finite_song_or_cue,The Legend of Zelda,Game Boy Advance,The Legend of Zelda The Minish Cap,Ezlo Appears,appears,game_midi/The Legend of Zelda_Game Boy Advance_The Legend of Zelda The Minish Cap_Ezlo Appears.mid
ambiguous_other,The Legend of Zelda,Game Boy Advance,The Legend of Zelda The Minish Cap,Flashback,,game_midi/The Legend of Zelda_Game Boy Advance_The Legend of Zelda The Minish Cap_Flashback.mid
finite_song_or_cue,The Legend of Zelda,Game Boy Advance,The Legend of Zelda The Minish Cap,Game Over,game over,game_midi/The Legend of Zelda_Game Boy Advance_The Legend of Zelda The Minish Cap_Game Over.mid
looping_gameplay_bgm,The Legend of Zelda,Game Boy Advance,The Legend of Zelda The Minish Cap,House,house,game_midi/The Legend of Zelda_Game Boy Advance_The Legend of Zelda The Minish Cap_House.mid
looping_gameplay_bgm,The Legend of Zelda,Game Boy Advance,The Legend of Zelda The Minish Cap,Hyrule Castle,castle,game_midi/The Legend of Zelda_Game Boy Advance_The Legend of Zelda The Minish Cap_Hyrule Castle.mid
ambiguous_other,The Legend of Zelda,Game Boy Advance,The Legend of Zelda The Minish Cap,Into the Skies,,game_midi/The Legend of Zelda_Game Boy Advance_The Legend of Zelda The Minish Cap_Into the Skies.mid
looping_gameplay_bgm,The Legend of Zelda,Game Boy Advance,The Legend of Zelda The Minish Cap,Minigame,minigame,game_midi/The Legend of Zelda_Game Boy Advance_The Legend of Zelda The Minish Cap_Minigame.mid
looping_gameplay_bgm,The Legend of Zelda,Game Boy Advance,The Legend of Zelda The Minish Cap,Minish Village,village,game_midi/The Legend of Zelda_Game Boy Advance_The Legend of Zelda The Minish Cap_Minish Village.mid
looping_gameplay_bgm,The Legend of Zelda,Game Boy Advance,The Legend of Zelda The Minish Cap,Minish Woods,woods,game_midi/The Legend of Zelda_Game Boy Advance_The Legend of Zelda The Minish Cap_Minish Woods.mid
ambiguous_other,The Legend of Zelda,Game Boy Advance,The Legend of Zelda The Minish Cap,Mt Crenel,,game_midi/The Legend of Zelda_Game Boy Advance_The Legend of Zelda The Minish Cap_Mt Crenel.mid
looping_gameplay_bgm,The Legend of Zelda,Game Boy Advance,The Legend of Zelda The Minish Cap,Palace of Winds,palace,game_midi/The Legend of Zelda_Game Boy Advance_The Legend of Zelda The Minish Cap_Palace of Winds.mid
ambiguous_other,The Legend of Zelda,Game Boy Advance,The Legend of Zelda The Minish Cap,Peace Returns,,game_midi/The Legend of Zelda_Game Boy Advance_The Legend of Zelda The Minish Cap_Peace Returns.mid
ambiguous_other,The Legend of Zelda,Game Boy Advance,The Legend of Zelda The Minish Cap,Picori Festival,,game_midi/The Legend of Zelda_Game Boy Advance_The Legend of Zelda The Minish Cap_Picori Festival.mid
ambiguous_other,The Legend of Zelda,Game Boy Advance,The Legend of Zelda The Minish Cap,Princess Zelda,,game_midi/The Legend of Zelda_Game Boy Advance_The Legend of Zelda The Minish Cap_Princess Zelda.mid
ambiguous_other,The Legend of Zelda,Game Boy Advance,The Legend of Zelda The Minish Cap,Quest Begins,,game_midi/The Legend of Zelda_Game Boy Advance_The Legend of Zelda The Minish Cap_Quest Begins.mid
ambiguous_other,The Legend of Zelda,Game Boy Advance,The Legend of Zelda The Minish Cap,Rainy Mt Crenel,,game_midi/The Legend of Zelda_Game Boy Advance_The Legend of Zelda The Minish Cap_Rainy Mt Crenel.mid
ambiguous_other,The Legend of Zelda,Game Boy Advance,The Legend of Zelda The Minish Cap,Story,,game_midi/The Legend of Zelda_Game Boy Advance_The Legend of Zelda The Minish Cap_Story.mid
ambiguous_other,The Legend of Zelda,Game Boy Advance,The Legend of Zelda The Minish Cap,Syrup the Witch,,game_midi/The Legend of Zelda_Game Boy Advance_The Legend of Zelda The Minish Cap_Syrup the Witch.mid
looping_gameplay_bgm,The Legend of Zelda,Game Boy Advance,The Legend of Zelda The Minish Cap,Temple of Droplets,temple,game_midi/The Legend of Zelda_Game Boy Advance_The Legend of Zelda The Minish Cap_Temple of Droplets.mid
ambiguous_other,The Legend of Zelda,Game Boy Color,The Legend of Zelda Oracle of Ages & The Legend of Zelda Oracle of Seasons,A Date with Rosa,,game_midi/The Legend of Zelda_Game Boy Color_The Legend of Zelda Oracle of Ages & The Legend of Zelda Oracle of Seasons_A Date with Rosa.mid
looping_gameplay_bgm,The Legend of Zelda,Game Boy Color,The Legend of Zelda Oracle of Ages & The Legend of Zelda Oracle of Seasons,Boss Battle!,"attle!?, oss",game_midi/The Legend of Zelda_Game Boy Color_The Legend of Zelda Oracle of Ages & The Legend of Zelda Oracle of Seasons_Boss Battle!.mid
ambiguous_other,The Legend of Zelda,Game Boy Color,The Legend of Zelda Oracle of Ages & The Legend of Zelda Oracle of Seasons,Dins Dance,,game_midi/The Legend of Zelda_Game Boy Color_The Legend of Zelda Oracle of Ages & The Legend of Zelda Oracle of Seasons_Dins Dance.mid
ambiguous_other,The Legend of Zelda,Game Boy Color,The Legend of Zelda Oracle of Ages & The Legend of Zelda Oracle of Seasons,Explorers Crypt,,game_midi/The Legend of Zelda_Game Boy Color_The Legend of Zelda Oracle of Ages & The Legend of Zelda Oracle of Seasons_Explorers Crypt.mid
ambiguous_other,The Legend of Zelda,Game Boy Color,The Legend of Zelda Oracle of Ages & The Legend of Zelda Oracle of Seasons,Fairys Fountain and Impas Odd Arrival,,game_midi/The Legend of Zelda_Game Boy Color_The Legend of Zelda Oracle of Ages & The Legend of Zelda Oracle of Seasons_Fairys Fountain and Impas Odd Arrival.mid
ambiguous_other,The Legend of Zelda,Game Boy Color,The Legend of Zelda Oracle of Ages & The Legend of Zelda Oracle of Seasons,Fairys Fountain,,game_midi/The Legend of Zelda_Game Boy Color_The Legend of Zelda Oracle of Ages & The Legend of Zelda Oracle of Seasons_Fairys Fountain.mid
ambiguous_other,The Legend of Zelda,Game Boy Color,The Legend of Zelda Oracle of Ages & The Legend of Zelda Oracle of Seasons,"Ganon, King of Evil",,"game_midi/The Legend of Zelda_Game Boy Color_The Legend of Zelda Oracle of Ages & The Legend of Zelda Oracle of Seasons_Ganon, King of Evil.mid"
looping_gameplay_bgm,The Legend of Zelda,Game Boy Color,The Legend of Zelda Oracle of Ages & The Legend of Zelda Oracle of Seasons,Heros Cave,cave,game_midi/The Legend of Zelda_Game Boy Color_The Legend of Zelda Oracle of Ages & The Legend of Zelda Oracle of Seasons_Heros Cave.mid
looping_gameplay_bgm,The Legend of Zelda,Game Boy Color,The Legend of Zelda Oracle of Ages & The Legend of Zelda Oracle of Seasons,Horon Village,village,game_midi/The Legend of Zelda_Game Boy Color_The Legend of Zelda Oracle of Ages & The Legend of Zelda Oracle of Seasons_Horon Village.mid
looping_gameplay_bgm,The Legend of Zelda,Game Boy Color,The Legend of Zelda Oracle of Ages & The Legend of Zelda Oracle of Seasons,House,house,game_midi/The Legend of Zelda_Game Boy Color_The Legend of Zelda Oracle of Ages & The Legend of Zelda Oracle of Seasons_House.mid
ambiguous_other,The Legend of Zelda,Game Boy Color,The Legend of Zelda Oracle of Ages & The Legend of Zelda Oracle of Seasons,Jabu Jabus Belly,,game_midi/The Legend of Zelda_Game Boy Color_The Legend of Zelda Oracle of Ages & The Legend of Zelda Oracle of Seasons_Jabu Jabus Belly.mid
looping_gameplay_bgm,The Legend of Zelda,Game Boy Color,The Legend of Zelda Oracle of Ages & The Legend of Zelda Oracle of Seasons,Level 1 (Gnarled Root Dungeon),"level, dungeon",game_midi/The Legend of Zelda_Game Boy Color_The Legend of Zelda Oracle of Ages & The Legend of Zelda Oracle of Seasons_Level 1 (Gnarled Root Dungeon).mid
looping_gameplay_bgm,The Legend of Zelda,Game Boy Color,The Legend of Zelda Oracle of Ages & The Legend of Zelda Oracle of Seasons,Level 2 (Wing Dungeon),"level, dungeon",game_midi/The Legend of Zelda_Game Boy Color_The Legend of Zelda Oracle of Ages & The Legend of Zelda Oracle of Seasons_Level 2 (Wing Dungeon).mid
looping_gameplay_bgm,The Legend of Zelda,Game Boy Color,The Legend of Zelda Oracle of Ages & The Legend of Zelda Oracle of Seasons,Level 4 (Dancing Dragon Dungeon),"level, dungeon",game_midi/The Legend of Zelda_Game Boy Color_The Legend of Zelda Oracle of Ages & The Legend of Zelda Oracle of Seasons_Level 4 (Dancing Dragon Dungeon).mid
looping_gameplay_bgm,The Legend of Zelda,Game Boy Color,The Legend of Zelda Oracle of Ages & The Legend of Zelda Oracle of Seasons,Level 6 (Ancient Ruins),"level, ruins",game_midi/The Legend of Zelda_Game Boy Color_The Legend of Zelda Oracle of Ages & The Legend of Zelda Oracle of Seasons_Level 6 (Ancient Ruins).mid
looping_gameplay_bgm,The Legend of Zelda,Game Boy Color,The Legend of Zelda Oracle of Ages & The Legend of Zelda Oracle of Seasons,Lynna City,city,game_midi/The Legend of Zelda_Game Boy Color_The Legend of Zelda Oracle of Ages & The Legend of Zelda Oracle of Seasons_Lynna City.mid
ambiguous_other,The Legend of Zelda,Game Boy Color,The Legend of Zelda Oracle of Ages & The Legend of Zelda Oracle of Seasons,Maku Path,,game_midi/The Legend of Zelda_Game Boy Color_The Legend of Zelda Oracle of Ages & The Legend of Zelda Oracle of Seasons_Maku Path.mid
ambiguous_other,The Legend of Zelda,Game Boy Color,The Legend of Zelda Oracle of Ages & The Legend of Zelda Oracle of Seasons,Nayrus Song,,game_midi/The Legend of Zelda_Game Boy Color_The Legend of Zelda Oracle of Ages & The Legend of Zelda Oracle of Seasons_Nayrus Song.mid
ambiguous_other,The Legend of Zelda,Game Boy Color,The Legend of Zelda Oracle of Ages & The Legend of Zelda Oracle of Seasons,Poison Moths Lair,,game_midi/The Legend of Zelda_Game Boy Color_The Legend of Zelda Oracle of Ages & The Legend of Zelda Oracle of Seasons_Poison Moths Lair.mid
ambiguous_likely_loop,The Legend of Zelda,Game Boy Color,The Legend of Zelda Oracle of Ages & The Legend of Zelda Oracle of Seasons,Ralphs Theme,theme,game_midi/The Legend of Zelda_Game Boy Color_The Legend of Zelda Oracle of Ages & The Legend of Zelda Oracle of Seasons_Ralphs Theme.mid
ambiguous_other,The Legend of Zelda,Game Boy Color,The Legend of Zelda Oracle of Ages & The Legend of Zelda Oracle of Seasons,Sadness,,game_midi/The Legend of Zelda_Game Boy Color_The Legend of Zelda Oracle of Ages & The Legend of Zelda Oracle of Seasons_Sadness.mid
looping_gameplay_bgm,The Legend of Zelda,Game Boy Color,The Legend of Zelda Oracle of Ages & The Legend of Zelda Oracle of Seasons,Samasa Desert,desert,game_midi/The Legend of Zelda_Game Boy Color_The Legend of Zelda Oracle of Ages & The Legend of Zelda Oracle of Seasons_Samasa Desert.mid
looping_gameplay_bgm,The Legend of Zelda,Game Boy Color,The Legend of Zelda Oracle of Ages & The Legend of Zelda Oracle of Seasons,Sea of No ReturnSkull Pirate Departure,sea,game_midi/The Legend of Zelda_Game Boy Color_The Legend of Zelda Oracle of Ages & The Legend of Zelda Oracle of Seasons_Sea of No ReturnSkull Pirate Departure.mid
ambiguous_other,The Legend of Zelda,Game Boy Color,The Legend of Zelda Oracle of Ages & The Legend of Zelda Oracle of Seasons,Secrets of the Oracles,,game_midi/The Legend of Zelda_Game Boy Color_The Legend of Zelda Oracle of Ages & The Legend of Zelda Oracle of Seasons_Secrets of the Oracles.mid
looping_gameplay_bgm,The Legend of Zelda,Game Boy Color,The Legend of Zelda Oracle of Ages & The Legend of Zelda Oracle of Seasons,Skull Dungeon,dungeon,game_midi/The Legend of Zelda_Game Boy Color_The Legend of Zelda Oracle of Ages & The Legend of Zelda Oracle of Seasons_Skull Dungeon.mid
ambiguous_other,The Legend of Zelda,Game Boy Color,The Legend of Zelda Oracle of Ages & The Legend of Zelda Oracle of Seasons,Skull Pirates,,game_midi/The Legend of Zelda_Game Boy Color_The Legend of Zelda Oracle of Ages & The Legend of Zelda Oracle of Seasons_Skull Pirates.mid
ambiguous_other,The Legend of Zelda,Game Boy Color,The Legend of Zelda Oracle of Ages & The Legend of Zelda Oracle of Seasons,Snakes Remains,,game_midi/The Legend of Zelda_Game Boy Color_The Legend of Zelda Oracle of Ages & The Legend of Zelda Oracle of Seasons_Snakes Remains.mid
ambiguous_other,The Legend of Zelda,Game Boy Color,The Legend of Zelda Oracle of Ages & The Legend of Zelda Oracle of Seasons,Subrosia Dance,,game_midi/The Legend of Zelda_Game Boy Color_The Legend of Zelda Oracle of Ages & The Legend of Zelda Oracle of Seasons_Subrosia Dance.mid
ambiguous_other,The Legend of Zelda,Game Boy Color,The Legend of Zelda Oracle of Ages & The Legend of Zelda Oracle of Seasons,Subrosia,,game_midi/The Legend of Zelda_Game Boy Color_The Legend of Zelda Oracle of Ages & The Legend of Zelda Oracle of Seasons_Subrosia.mid
ambiguous_other,The Legend of Zelda,Game Boy Color,The Legend of Zelda Oracle of Ages & The Legend of Zelda Oracle of Seasons,Subrosian Market,,game_midi/The Legend of Zelda_Game Boy Color_The Legend of Zelda Oracle of Ages & The Legend of Zelda Oracle of Seasons_Subrosian Market.mid
looping_gameplay_bgm,The Legend of Zelda,Game Boy Color,The Legend of Zelda Oracle of Ages & The Legend of Zelda Oracle of Seasons,Sunken City,city,game_midi/The Legend of Zelda_Game Boy Color_The Legend of Zelda Oracle of Ages & The Legend of Zelda Oracle of Seasons_Sunken City.mid
ambiguous_other,The Legend of Zelda,Game Boy Color,The Legend of Zelda Oracle of Ages & The Legend of Zelda Oracle of Seasons,Sword and Shield Maze,,game_midi/The Legend of Zelda_Game Boy Color_The Legend of Zelda Oracle of Ages & The Legend of Zelda Oracle of Seasons_Sword and Shield Maze.mid
looping_gameplay_bgm,The Legend of Zelda,Game Boy Color,The Legend of Zelda Oracle of Ages & The Legend of Zelda Oracle of Seasons,Tarm RuinsLost Woods,woods,game_midi/The Legend of Zelda_Game Boy Color_The Legend of Zelda Oracle of Ages & The Legend of Zelda Oracle of Seasons_Tarm RuinsLost Woods.mid
looping_gameplay_bgm,The Legend of Zelda,Game Boy Color,The Legend of Zelda Oracle of Ages & The Legend of Zelda Oracle of Seasons,Temple of Seasons,temple,game_midi/The Legend of Zelda_Game Boy Color_The Legend of Zelda Oracle of Ages & The Legend of Zelda Oracle of Seasons_Temple of Seasons.mid
ambiguous_other,The Legend of Zelda,Game Boy Color,The Legend of Zelda Oracle of Ages & The Legend of Zelda Oracle of Seasons,Two Quests of the Triforce,,game_midi/The Legend of Zelda_Game Boy Color_The Legend of Zelda Oracle of Ages & The Legend of Zelda Oracle of Seasons_Two Quests of the Triforce.mid
looping_gameplay_bgm,The Legend of Zelda,Game Boy Color,The Legend of Zelda Oracle of Ages & The Legend of Zelda Oracle of Seasons,Under the Sea,sea,game_midi/The Legend of Zelda_Game Boy Color_The Legend of Zelda Oracle of Ages & The Legend of Zelda Oracle of Seasons_Under the Sea.mid
looping_gameplay_bgm,The Legend of Zelda,Game Boy Color,The Legend of Zelda Oracle of Ages & The Legend of Zelda Oracle of Seasons,Unicorns Cave,cave,game_midi/The Legend of Zelda_Game Boy Color_The Legend of Zelda Oracle of Ages & The Legend of Zelda Oracle of Seasons_Unicorns Cave.mid
ambiguous_other,The Legend of Zelda,Game Boy Color,The Legend of Zelda Oracle of Ages & The Legend of Zelda Oracle of Seasons,Zelda Awakens,,game_midi/The Legend of Zelda_Game Boy Color_The Legend of Zelda Oracle of Ages & The Legend of Zelda Oracle of Seasons_Zelda Awakens.mid
looping_gameplay_bgm,The Legend of Zelda,Game Boy,The Legend of Zelda Links Awakening,Animal Village,village,game_midi/The Legend of Zelda_Game Boy_The Legend of Zelda Links Awakening_Animal Village.mid
finite_song_or_cue,The Legend of Zelda,Game Boy,The Legend of Zelda Links Awakening,Ballad of the Wind Fish,allad,game_midi/The Legend of Zelda_Game Boy_The Legend of Zelda Links Awakening_Ballad of the Wind Fish.mid
looping_gameplay_bgm,The Legend of Zelda,Game Boy,The Legend of Zelda Links Awakening,Boss Battle,"attle!?, oss",game_midi/The Legend of Zelda_Game Boy_The Legend of Zelda Links Awakening_Boss Battle.mid
finite_song_or_cue,The Legend of Zelda,Game Boy,The Legend of Zelda Links Awakening,Credits,credits?,game_midi/The Legend of Zelda_Game Boy_The Legend of Zelda Links Awakening_Credits.mid
looping_gameplay_bgm,The Legend of Zelda,Game Boy,The Legend of Zelda Links Awakening,Eagles Tower,tower,game_midi/The Legend of Zelda_Game Boy_The Legend of Zelda Links Awakening_Eagles Tower.mid
looping_gameplay_bgm,The Legend of Zelda,Game Boy,The Legend of Zelda Links Awakening,Face Shrine,shrine,game_midi/The Legend of Zelda_Game Boy_The Legend of Zelda Links Awakening_Face Shrine.mid
ambiguous_other,The Legend of Zelda,Game Boy,The Legend of Zelda Links Awakening,Fishing Under the Bridge,,game_midi/The Legend of Zelda_Game Boy_The Legend of Zelda Links Awakening_Fishing Under the Bridge.mid
finite_song_or_cue,The Legend of Zelda,Game Boy,The Legend of Zelda Links Awakening,Game Over,game over,game_midi/The Legend of Zelda_Game Boy_The Legend of Zelda Links Awakening_Game Over.mid
ambiguous_other,The Legend of Zelda,Game Boy,The Legend of Zelda Links Awakening,Inside the Houses,,game_midi/The Legend of Zelda_Game Boy_The Legend of Zelda Links Awakening_Inside the Houses.mid
ambiguous_other,The Legend of Zelda,Game Boy,The Legend of Zelda Links Awakening,Key Cavern,,game_midi/The Legend of Zelda_Game Boy_The Legend of Zelda Links Awakening_Key Cavern.mid
looping_gameplay_bgm,The Legend of Zelda,Game Boy,The Legend of Zelda Links Awakening,Level 2 - Bottle Grotto,level,game_midi/The Legend of Zelda_Game Boy_The Legend of Zelda Links Awakening_Level 2 - Bottle Grotto.mid
looping_gameplay_bgm,The Legend of Zelda,Game Boy,The Legend of Zelda Links Awakening,Level 4 - Anglers Tunnel,level,game_midi/The Legend of Zelda_Game Boy_The Legend of Zelda Links Awakening_Level 4 - Anglers Tunnel.mid
looping_gameplay_bgm,The Legend of Zelda,Game Boy,The Legend of Zelda Links Awakening,Level 5 - Catfishs Maw,level,game_midi/The Legend of Zelda_Game Boy_The Legend of Zelda Links Awakening_Level 5 - Catfishs Maw.mid
ambiguous_other,The Legend of Zelda,Game Boy,The Legend of Zelda Links Awakening,Link Awakens,,game_midi/The Legend of Zelda_Game Boy_The Legend of Zelda Links Awakening_Link Awakens.mid
looping_gameplay_bgm,The Legend of Zelda,Game Boy,The Legend of Zelda Links Awakening,Mabe Village,village,game_midi/The Legend of Zelda_Game Boy_The Legend of Zelda Links Awakening_Mabe Village.mid
looping_gameplay_bgm,The Legend of Zelda,Game Boy,The Legend of Zelda Links Awakening,Miniboss Battle,attle!?,game_midi/The Legend of Zelda_Game Boy_The Legend of Zelda Links Awakening_Miniboss Battle.mid
looping_gameplay_bgm,The Legend of Zelda,Game Boy,The Legend of Zelda Links Awakening,Mr Writes House,house,game_midi/The Legend of Zelda_Game Boy_The Legend of Zelda Links Awakening_Mr Writes House.mid
looping_gameplay_bgm,The Legend of Zelda,Game Boy,The Legend of Zelda Links Awakening,Mysterious Woods,woods,game_midi/The Legend of Zelda_Game Boy_The Legend of Zelda Links Awakening_Mysterious Woods.mid
finite_song_or_cue,The Legend of Zelda,Game Boy,The Legend of Zelda Links Awakening,Opening,opening,game_midi/The Legend of Zelda_Game Boy_The Legend of Zelda Links Awakening_Opening.mid
looping_gameplay_bgm,The Legend of Zelda,Game Boy,The Legend of Zelda Links Awakening,Overworld,overworld,game_midi/The Legend of Zelda_Game Boy_The Legend of Zelda Links Awakening_Overworld.mid
ambiguous_other,The Legend of Zelda,Game Boy,The Legend of Zelda Links Awakening,Richards Villa,,game_midi/The Legend of Zelda_Game Boy_The Legend of Zelda Links Awakening_Richards Villa.mid
looping_gameplay_bgm,The Legend of Zelda,Game Boy,The Legend of Zelda Links Awakening,Shop,shop,game_midi/The Legend of Zelda_Game Boy_The Legend of Zelda Links Awakening_Shop.mid
looping_gameplay_bgm,The Legend of Zelda,Game Boy,The Legend of Zelda Links Awakening,Southern Face Shrine,shrine,game_midi/The Legend of Zelda_Game Boy_The Legend of Zelda Links Awakening_Southern Face Shrine.mid
ambiguous_other,The Legend of Zelda,Game Boy,The Legend of Zelda Links Awakening,Sword Search,,game_midi/The Legend of Zelda_Game Boy_The Legend of Zelda Links Awakening_Sword Search.mid
looping_gameplay_bgm,The Legend of Zelda,Game Boy,The Legend of Zelda Links Awakening,Tail Cave,cave,game_midi/The Legend of Zelda_Game Boy_The Legend of Zelda Links Awakening_Tail Cave.mid
ambiguous_other,The Legend of Zelda,Game Boy,The Legend of Zelda Links Awakening,Tal Tal Heights,,game_midi/The Legend of Zelda_Game Boy_The Legend of Zelda Links Awakening_Tal Tal Heights.mid
looping_gameplay_bgm,The Legend of Zelda,Game Boy,The Legend of Zelda Links Awakening,The Ghosts House,house,game_midi/The Legend of Zelda_Game Boy_The Legend of Zelda Links Awakening_The Ghosts House.mid
ambiguous_other,The Legend of Zelda,Game Boy,The Legend of Zelda Links Awakening,The Moblins Took Bow-Wow!,,game_midi/The Legend of Zelda_Game Boy_The Legend of Zelda Links Awakening_The Moblins Took Bow-Wow!.mid
ambiguous_other,The Legend of Zelda,Game Boy,The Legend of Zelda Links Awakening,Trendy Game!,,game_midi/The Legend of Zelda_Game Boy_The Legend of Zelda Links Awakening_Trendy Game!.mid
ambiguous_other,The Legend of Zelda,Game Boy,The Legend of Zelda Links Awakening,Turtle Rock,,game_midi/The Legend of Zelda_Game Boy_The Legend of Zelda Links Awakening_Turtle Rock.mid
looping_gameplay_bgm,The Legend of Zelda,Multiplatform,The Legend of Zelda Breath of the Wild,Battle (Field),"field, attle!?",game_midi/The Legend of Zelda_Multiplatform_The Legend of Zelda Breath of the Wild_Battle (Field).mid
looping_gameplay_bgm,The Legend of Zelda,Multiplatform,The Legend of Zelda Breath of the Wild,Cave,cave,game_midi/The Legend of Zelda_Multiplatform_The Legend of Zelda Breath of the Wild_Cave.mid
finite_song_or_cue,The Legend of Zelda,Multiplatform,The Legend of Zelda Breath of the Wild,Credits (Staff Roll),"credits?, staff roll",game_midi/The Legend of Zelda_Multiplatform_The Legend of Zelda Breath of the Wild_Credits (Staff Roll).mid
ambiguous_likely_loop,The Legend of Zelda,Multiplatform,The Legend of Zelda Breath of the Wild,Daruks Theme,theme,game_midi/The Legend of Zelda_Multiplatform_The Legend of Zelda Breath of the Wild_Daruks Theme.mid
finite_song_or_cue,The Legend of Zelda,Multiplatform,The Legend of Zelda Breath of the Wild,Epilogue,epilogue,game_midi/The Legend of Zelda_Multiplatform_The Legend of Zelda Breath of the Wild_Epilogue.mid
looping_gameplay_bgm,The Legend of Zelda,Multiplatform,The Legend of Zelda Breath of the Wild,Field (Day),field,game_midi/The Legend of Zelda_Multiplatform_The Legend of Zelda Breath of the Wild_Field (Day).mid
looping_gameplay_bgm,The Legend of Zelda,Multiplatform,The Legend of Zelda Breath of the Wild,Field (Night),field,game_midi/The Legend of Zelda_Multiplatform_The Legend of Zelda Breath of the Wild_Field (Night).mid
ambiguous_other,The Legend of Zelda,Multiplatform,The Legend of Zelda Breath of the Wild,Flight Range,,game_midi/The Legend of Zelda_Multiplatform_The Legend of Zelda Breath of the Wild_Flight Range.mid
looping_gameplay_bgm,The Legend of Zelda,Multiplatform,The Legend of Zelda Breath of the Wild,Gerudo Town (Day),town,game_midi/The Legend of Zelda_Multiplatform_The Legend of Zelda Breath of the Wild_Gerudo Town (Day).mid
looping_gameplay_bgm,The Legend of Zelda,Multiplatform,The Legend of Zelda Breath of the Wild,Goron City (Day),city,game_midi/The Legend of Zelda_Multiplatform_The Legend of Zelda Breath of the Wild_Goron City (Day).mid
looping_gameplay_bgm,The Legend of Zelda,Multiplatform,The Legend of Zelda Breath of the Wild,Goron City (Night),city,game_midi/The Legend of Zelda_Multiplatform_The Legend of Zelda Breath of the Wild_Goron City (Night).mid
ambiguous_other,The Legend of Zelda,Multiplatform,The Legend of Zelda Breath of the Wild,Great Fairy Fountain,,game_midi/The Legend of Zelda_Multiplatform_The Legend of Zelda Breath of the Wild_Great Fairy Fountain.mid
looping_gameplay_bgm,The Legend of Zelda,Multiplatform,The Legend of Zelda Breath of the Wild,Guardian Battle,attle!?,game_midi/The Legend of Zelda_Multiplatform_The Legend of Zelda Breath of the Wild_Guardian Battle.mid
looping_gameplay_bgm,The Legend of Zelda,Multiplatform,The Legend of Zelda Breath of the Wild,Hateno Village (Day),village,game_midi/The Legend of Zelda_Multiplatform_The Legend of Zelda Breath of the Wild_Hateno Village (Day).mid
ambiguous_other,The Legend of Zelda,Multiplatform,The Legend of Zelda Breath of the Wild,Highlands,,game_midi/The Legend of Zelda_Multiplatform_The Legend of Zelda Breath of the Wild_Highlands.mid
looping_gameplay_bgm,The Legend of Zelda,Multiplatform,The Legend of Zelda Breath of the Wild,Hinox Battle,attle!?,game_midi/The Legend of Zelda_Multiplatform_The Legend of Zelda Breath of the Wild_Hinox Battle.mid
looping_gameplay_bgm,The Legend of Zelda,Multiplatform,The Legend of Zelda Breath of the Wild,Hyrule Castle (Inside),castle,game_midi/The Legend of Zelda_Multiplatform_The Legend of Zelda Breath of the Wild_Hyrule Castle (Inside).mid
looping_gameplay_bgm,The Legend of Zelda,Multiplatform,The Legend of Zelda Breath of the Wild,Hyrule Castle (Outside),castle,game_midi/The Legend of Zelda_Multiplatform_The Legend of Zelda Breath of the Wild_Hyrule Castle (Outside).mid
looping_gameplay_bgm,The Legend of Zelda,Multiplatform,The Legend of Zelda Breath of the Wild,Hyrule Castle Town Ruins,"town, castle, ruins",game_midi/The Legend of Zelda_Multiplatform_The Legend of Zelda Breath of the Wild_Hyrule Castle Town Ruins.mid
ambiguous_likely_loop,The Legend of Zelda,Multiplatform,The Legend of Zelda Breath of the Wild,Kasss Theme (Full),theme,game_midi/The Legend of Zelda_Multiplatform_The Legend of Zelda Breath of the Wild_Kasss Theme (Full).mid
ambiguous_likely_loop,The Legend of Zelda,Multiplatform,The Legend of Zelda Breath of the Wild,Kasss Theme,theme,game_midi/The Legend of Zelda_Multiplatform_The Legend of Zelda Breath of the Wild_Kasss Theme.mid
looping_gameplay_bgm,The Legend of Zelda,Multiplatform,The Legend of Zelda Breath of the Wild,Korok Forest (Day),forest,game_midi/The Legend of Zelda_Multiplatform_The Legend of Zelda Breath of the Wild_Korok Forest (Day).mid
looping_gameplay_bgm,The Legend of Zelda,Multiplatform,The Legend of Zelda Breath of the Wild,Korok Forest (Night),forest,game_midi/The Legend of Zelda_Multiplatform_The Legend of Zelda Breath of the Wild_Korok Forest (Night).mid
ambiguous_other,The Legend of Zelda,Multiplatform,The Legend of Zelda Breath of the Wild,Links Memories Silent Princess,,game_midi/The Legend of Zelda_Multiplatform_The Legend of Zelda Breath of the Wild_Links Memories Silent Princess.mid
ambiguous_other,The Legend of Zelda,Multiplatform,The Legend of Zelda Breath of the Wild,Links Memories Zeldas Awakening,,game_midi/The Legend of Zelda_Multiplatform_The Legend of Zelda Breath of the Wild_Links Memories Zeldas Awakening.mid
ambiguous_other,The Legend of Zelda,Multiplatform,The Legend of Zelda Breath of the Wild,Links Memories,,game_midi/The Legend of Zelda_Multiplatform_The Legend of Zelda Breath of the Wild_Links Memories.mid
ambiguous_other,The Legend of Zelda,Multiplatform,The Legend of Zelda Breath of the Wild,Lodge,,game_midi/The Legend of Zelda_Multiplatform_The Legend of Zelda Breath of the Wild_Lodge.mid
looping_gameplay_bgm,The Legend of Zelda,Multiplatform,The Legend of Zelda Breath of the Wild,Lost Woods,woods,game_midi/The Legend of Zelda_Multiplatform_The Legend of Zelda Breath of the Wild_Lost Woods.mid
looping_gameplay_bgm,The Legend of Zelda,Multiplatform,The Legend of Zelda Breath of the Wild,Lurelin Village (Day),village,game_midi/The Legend of Zelda_Multiplatform_The Legend of Zelda Breath of the Wild_Lurelin Village (Day).mid
ambiguous_likely_loop,The Legend of Zelda,Multiplatform,The Legend of Zelda Breath of the Wild,Main Theme,theme,game_midi/The Legend of Zelda_Multiplatform_The Legend of Zelda Breath of the Wild_Main Theme.mid
ambiguous_likely_loop,The Legend of Zelda,Multiplatform,The Legend of Zelda Breath of the Wild,Miphas Theme,theme,game_midi/The Legend of Zelda_Multiplatform_The Legend of Zelda Breath of the Wild_Miphas Theme.mid
ambiguous_other,The Legend of Zelda,Multiplatform,The Legend of Zelda Breath of the Wild,Miscellaneous Short Themes,,game_midi/The Legend of Zelda_Multiplatform_The Legend of Zelda Breath of the Wild_Miscellaneous Short Themes.mid
looping_gameplay_bgm,The Legend of Zelda,Multiplatform,The Legend of Zelda Breath of the Wild,Parasailing Minigame,minigame,game_midi/The Legend of Zelda_Multiplatform_The Legend of Zelda Breath of the Wild_Parasailing Minigame.mid
ambiguous_other,The Legend of Zelda,Multiplatform,The Legend of Zelda Breath of the Wild,Prince Sidon,,game_midi/The Legend of Zelda_Multiplatform_The Legend of Zelda Breath of the Wild_Prince Sidon.mid
looping_gameplay_bgm,The Legend of Zelda,Multiplatform,The Legend of Zelda Breath of the Wild,Race Start,race,game_midi/The Legend of Zelda_Multiplatform_The Legend of Zelda Breath of the Wild_Race Start.mid
ambiguous_likely_loop,The Legend of Zelda,Multiplatform,The Legend of Zelda Breath of the Wild,Revalis Theme,theme,game_midi/The Legend of Zelda_Multiplatform_The Legend of Zelda Breath of the Wild_Revalis Theme.mid
ambiguous_likely_loop,The Legend of Zelda,Multiplatform,The Legend of Zelda Breath of the Wild,Riding (Day),day,game_midi/The Legend of Zelda_Multiplatform_The Legend of Zelda Breath of the Wild_Riding (Day).mid
ambiguous_other,The Legend of Zelda,Multiplatform,The Legend of Zelda Breath of the Wild,Rito Sisters,,game_midi/The Legend of Zelda_Multiplatform_The Legend of Zelda Breath of the Wild_Rito Sisters.mid
looping_gameplay_bgm,The Legend of Zelda,Multiplatform,The Legend of Zelda Breath of the Wild,Rito Village (Day),village,game_midi/The Legend of Zelda_Multiplatform_The Legend of Zelda Breath of the Wild_Rito Village (Day).mid
looping_gameplay_bgm,The Legend of Zelda,Multiplatform,The Legend of Zelda Breath of the Wild,Rito Village (Night),village,game_midi/The Legend of Zelda_Multiplatform_The Legend of Zelda Breath of the Wild_Rito Village (Night).mid
looping_gameplay_bgm,The Legend of Zelda,Multiplatform,The Legend of Zelda Breath of the Wild,Ruins,ruins,game_midi/The Legend of Zelda_Multiplatform_The Legend of Zelda Breath of the Wild_Ruins.mid
ambiguous_likely_loop,The Legend of Zelda,Multiplatform,The Legend of Zelda Breath of the Wild,Servant of the Sacred Spring,spring,game_midi/The Legend of Zelda_Multiplatform_The Legend of Zelda Breath of the Wild_Servant of the Sacred Spring.mid
looping_gameplay_bgm,The Legend of Zelda,Multiplatform,The Legend of Zelda Breath of the Wild,Sheikah Tower,tower,game_midi/The Legend of Zelda_Multiplatform_The Legend of Zelda Breath of the Wild_Sheikah Tower.mid
looping_gameplay_bgm,The Legend of Zelda,Multiplatform,The Legend of Zelda Breath of the Wild,Shrine,shrine,game_midi/The Legend of Zelda_Multiplatform_The Legend of Zelda Breath of the Wild_Shrine.mid
looping_gameplay_bgm,The Legend of Zelda,Multiplatform,The Legend of Zelda Breath of the Wild,Snow Bowling Minigame,minigame,game_midi/The Legend of Zelda_Multiplatform_The Legend of Zelda Breath of the Wild_Snow Bowling Minigame.mid
ambiguous_other,The Legend of Zelda,Multiplatform,The Legend of Zelda Breath of the Wild,Stables,,game_midi/The Legend of Zelda_Multiplatform_The Legend of Zelda Breath of the Wild_Stables.mid
looping_gameplay_bgm,The Legend of Zelda,Multiplatform,The Legend of Zelda Breath of the Wild,Talus Battle,attle!?,game_midi/The Legend of Zelda_Multiplatform_The Legend of Zelda Breath of the Wild_Talus Battle.mid
looping_gameplay_bgm,The Legend of Zelda,Multiplatform,The Legend of Zelda Breath of the Wild,Tarrey Town (Gerudo),town,game_midi/The Legend of Zelda_Multiplatform_The Legend of Zelda Breath of the Wild_Tarrey Town (Gerudo).mid
looping_gameplay_bgm,The Legend of Zelda,Multiplatform,The Legend of Zelda Breath of the Wild,Tarrey Town (Goron),town,game_midi/The Legend of Zelda_Multiplatform_The Legend of Zelda Breath of the Wild_Tarrey Town (Goron).mid
looping_gameplay_bgm,The Legend of Zelda,Multiplatform,The Legend of Zelda Breath of the Wild,Tarrey Town (Rito),town,game_midi/The Legend of Zelda_Multiplatform_The Legend of Zelda Breath of the Wild_Tarrey Town (Rito).mid
looping_gameplay_bgm,The Legend of Zelda,Multiplatform,The Legend of Zelda Breath of the Wild,Tarrey Town,town,game_midi/The Legend of Zelda_Multiplatform_The Legend of Zelda Breath of the Wild_Tarrey Town.mid
looping_gameplay_bgm,The Legend of Zelda,Multiplatform,The Legend of Zelda Breath of the Wild,Temple of Time,temple,game_midi/The Legend of Zelda_Multiplatform_The Legend of Zelda Breath of the Wild_Temple of Time.mid
ambiguous_other,The Legend of Zelda,Multiplatform,The Legend of Zelda Breath of the Wild,The King of Hyrules Wish,,game_midi/The Legend of Zelda_Multiplatform_The Legend of Zelda Breath of the Wild_The King of Hyrules Wish.mid
ambiguous_other,The Legend of Zelda,Multiplatform,The Legend of Zelda Breath of the Wild,The Last King of Hyrule,,game_midi/The Legend of Zelda_Multiplatform_The Legend of Zelda Breath of the Wild_The Last King of Hyrule.mid
ambiguous_likely_loop,The Legend of Zelda,Multiplatform,The Legend of Zelda Breath of the Wild,Urbosas Theme,theme,game_midi/The Legend of Zelda_Multiplatform_The Legend of Zelda Breath of the Wild_Urbosas Theme.mid
ambiguous_other,The Legend of Zelda,Multiplatform,The Legend of Zelda Breath of the Wild,Visions,,game_midi/The Legend of Zelda_Multiplatform_The Legend of Zelda Breath of the Wild_Visions.mid
ambiguous_other,The Legend of Zelda,Multiplatform,The Legend of Zelda Breath of the Wild,Waterblight Ganon,,game_midi/The Legend of Zelda_Multiplatform_The Legend of Zelda Breath of the Wild_Waterblight Ganon.mid
ambiguous_other,The Legend of Zelda,Multiplatform,The Legend of Zelda Breath of the Wild,Zeldas Wish,,game_midi/The Legend of Zelda_Multiplatform_The Legend of Zelda Breath of the Wild_Zeldas Wish.mid
looping_gameplay_bgm,The Legend of Zelda,Multiplatform,The Legend of Zelda Breath of the Wild,Zoras Domain (Day),domain,game_midi/The Legend of Zelda_Multiplatform_The Legend of Zelda Breath of the Wild_Zoras Domain (Day).mid
looping_gameplay_bgm,The Legend of Zelda,Multiplatform,The Legend of Zelda Breath of the Wild,Zoras Domain (Night),domain,game_midi/The Legend of Zelda_Multiplatform_The Legend of Zelda Breath of the Wild_Zoras Domain (Night).mid
looping_gameplay_bgm,The Legend of Zelda,Multiplatform,The Legend of Zelda Twilight Princess,Agithas Castle,castle,game_midi/The Legend of Zelda_Multiplatform_The Legend of Zelda Twilight Princess_Agithas Castle.mid
looping_gameplay_bgm,The Legend of Zelda,Multiplatform,The Legend of Zelda Twilight Princess,Battle (Second Half),attle!?,game_midi/The Legend of Zelda_Multiplatform_The Legend of Zelda Twilight Princess_Battle (Second Half).mid
looping_gameplay_bgm,The Legend of Zelda,Multiplatform,The Legend of Zelda Twilight Princess,Blizzeta Battle (First Half),attle!?,game_midi/The Legend of Zelda_Multiplatform_The Legend of Zelda Twilight Princess_Blizzeta Battle (First Half).mid
finite_song_or_cue,The Legend of Zelda,Multiplatform,The Legend of Zelda Twilight Princess,Boss Defeated,defeat(ed)?,game_midi/The Legend of Zelda_Multiplatform_The Legend of Zelda Twilight Princess_Boss Defeated.mid
ambiguous_other,The Legend of Zelda,Multiplatform,The Legend of Zelda Twilight Princess,Darknut,,game_midi/The Legend of Zelda_Multiplatform_The Legend of Zelda Twilight Princess_Darknut.mid
looping_gameplay_bgm,The Legend of Zelda,Multiplatform,The Legend of Zelda Twilight Princess,Death Mountain,location exception + mountain,game_midi/The Legend of Zelda_Multiplatform_The Legend of Zelda Twilight Princess_Death Mountain.mid
finite_song_or_cue,The Legend of Zelda,Multiplatform,The Legend of Zelda Twilight Princess,End Credits,"credits?, end credits",game_midi/The Legend of Zelda_Multiplatform_The Legend of Zelda Twilight Princess_End Credits.mid
ambiguous_other,The Legend of Zelda,Multiplatform,The Legend of Zelda Twilight Princess,Enter the Twilight Realm,,game_midi/The Legend of Zelda_Multiplatform_The Legend of Zelda Twilight Princess_Enter the Twilight Realm.mid
looping_gameplay_bgm,The Legend of Zelda,Multiplatform,The Legend of Zelda Twilight Princess,Faron Woods,woods,game_midi/The Legend of Zelda_Multiplatform_The Legend of Zelda Twilight Princess_Faron Woods.mid
ambiguous_other,The Legend of Zelda,Multiplatform,The Legend of Zelda Twilight Princess,Fishing Hole,,game_midi/The Legend of Zelda_Multiplatform_The Legend of Zelda Twilight Princess_Fishing Hole.mid
ambiguous_other,The Legend of Zelda,Multiplatform,The Legend of Zelda Twilight Princess,Herd Game,,game_midi/The Legend of Zelda_Multiplatform_The Legend of Zelda Twilight Princess_Herd Game.mid
looping_gameplay_bgm,The Legend of Zelda,Multiplatform,The Legend of Zelda Twilight Princess,Hidden Village,village,game_midi/The Legend of Zelda_Multiplatform_The Legend of Zelda Twilight Princess_Hidden Village.mid
looping_gameplay_bgm,The Legend of Zelda,Multiplatform,The Legend of Zelda Twilight Princess,Horse Battle,attle!?,game_midi/The Legend of Zelda_Multiplatform_The Legend of Zelda Twilight Princess_Horse Battle.mid
looping_gameplay_bgm,The Legend of Zelda,Multiplatform,The Legend of Zelda Twilight Princess,Hyrule Castle Third Floor,castle,game_midi/The Legend of Zelda_Multiplatform_The Legend of Zelda Twilight Princess_Hyrule Castle Third Floor.mid
looping_gameplay_bgm,The Legend of Zelda,Multiplatform,The Legend of Zelda Twilight Princess,Hyrule Castle Town,"town, castle",game_midi/The Legend of Zelda_Multiplatform_The Legend of Zelda Twilight Princess_Hyrule Castle Town.mid
looping_gameplay_bgm,The Legend of Zelda,Multiplatform,The Legend of Zelda Twilight Princess,Hyrule Castle,castle,game_midi/The Legend of Zelda_Multiplatform_The Legend of Zelda Twilight Princess_Hyrule Castle.mid
looping_gameplay_bgm,The Legend of Zelda,Multiplatform,The Legend of Zelda Twilight Princess,Hyrule Field At Night,field,game_midi/The Legend of Zelda_Multiplatform_The Legend of Zelda Twilight Princess_Hyrule Field At Night.mid
looping_gameplay_bgm,The Legend of Zelda,Multiplatform,The Legend of Zelda Twilight Princess,Hyrule Field,field,game_midi/The Legend of Zelda_Multiplatform_The Legend of Zelda Twilight Princess_Hyrule Field.mid
ambiguous_likely_loop,The Legend of Zelda,Multiplatform,The Legend of Zelda Twilight Princess,Ilias Theme,theme,game_midi/The Legend of Zelda_Multiplatform_The Legend of Zelda Twilight Princess_Ilias Theme.mid
ambiguous_other,The Legend of Zelda,Multiplatform,The Legend of Zelda Twilight Princess,Impaz,,game_midi/The Legend of Zelda_Multiplatform_The Legend of Zelda Twilight Princess_Impaz.mid
looping_gameplay_bgm,The Legend of Zelda,Multiplatform,The Legend of Zelda Twilight Princess,Kakariko Village is Saved,village,game_midi/The Legend of Zelda_Multiplatform_The Legend of Zelda Twilight Princess_Kakariko Village is Saved.mid
looping_gameplay_bgm,The Legend of Zelda,Multiplatform,The Legend of Zelda Twilight Princess,Kakariko Village,village,game_midi/The Legend of Zelda_Multiplatform_The Legend of Zelda Twilight Princess_Kakariko Village.mid
looping_gameplay_bgm,The Legend of Zelda,Multiplatform,The Legend of Zelda Twilight Princess,Lake Hylia,lake,game_midi/The Legend of Zelda_Multiplatform_The Legend of Zelda Twilight Princess_Lake Hylia.mid
ambiguous_other,The Legend of Zelda,Multiplatform,The Legend of Zelda Twilight Princess,Link and Midna Find Zelda,,game_midi/The Legend of Zelda_Multiplatform_The Legend of Zelda Twilight Princess_Link and Midna Find Zelda.mid
ambiguous_other,The Legend of Zelda,Multiplatform,The Legend of Zelda Twilight Princess,Meet Ilia,,game_midi/The Legend of Zelda_Multiplatform_The Legend of Zelda Twilight Princess_Meet Ilia.mid
ambiguous_other,The Legend of Zelda,Multiplatform,The Legend of Zelda Twilight Princess,Midnas Lament,,game_midi/The Legend of Zelda_Multiplatform_The Legend of Zelda Twilight Princess_Midnas Lament.mid
ambiguous_likely_loop,The Legend of Zelda,Multiplatform,The Legend of Zelda Twilight Princess,Midnas Theme,theme,game_midi/The Legend of Zelda_Multiplatform_The Legend of Zelda Twilight Princess_Midnas Theme.mid
ambiguous_likely_loop,The Legend of Zelda,Multiplatform,The Legend of Zelda Twilight Princess,Ooccoos Theme,theme,game_midi/The Legend of Zelda_Multiplatform_The Legend of Zelda Twilight Princess_Ooccoos Theme.mid
finite_song_or_cue,The Legend of Zelda,Multiplatform,The Legend of Zelda Twilight Princess,Opening,opening,game_midi/The Legend of Zelda_Multiplatform_The Legend of Zelda Twilight Princess_Opening.mid
ambiguous_other,The Legend of Zelda,Multiplatform,The Legend of Zelda Twilight Princess,Orchestra Piece #1,,game_midi/The Legend of Zelda_Multiplatform_The Legend of Zelda Twilight Princess_Orchestra Piece #1.mid
ambiguous_other,The Legend of Zelda,Multiplatform,The Legend of Zelda Twilight Princess,Orchestra Piece #2,,game_midi/The Legend of Zelda_Multiplatform_The Legend of Zelda Twilight Princess_Orchestra Piece #2.mid
ambiguous_other,The Legend of Zelda,Multiplatform,The Legend of Zelda Twilight Princess,Ordon Ranch,,game_midi/The Legend of Zelda_Multiplatform_The Legend of Zelda Twilight Princess_Ordon Ranch.mid
looping_gameplay_bgm,The Legend of Zelda,Multiplatform,The Legend of Zelda Twilight Princess,Ordon Village,village,game_midi/The Legend of Zelda_Multiplatform_The Legend of Zelda Twilight Princess_Ordon Village.mid
ambiguous_other,The Legend of Zelda,Multiplatform,The Legend of Zelda Twilight Princess,Plumm,,game_midi/The Legend of Zelda_Multiplatform_The Legend of Zelda Twilight Princess_Plumm.mid
ambiguous_likely_loop,The Legend of Zelda,Multiplatform,The Legend of Zelda Twilight Princess,Postmans Theme,theme,game_midi/The Legend of Zelda_Multiplatform_The Legend of Zelda Twilight Princess_Postmans Theme.mid
ambiguous_likely_loop,The Legend of Zelda,Multiplatform,The Legend of Zelda Twilight Princess,Rutelas Theme,theme,game_midi/The Legend of Zelda_Multiplatform_The Legend of Zelda Twilight Princess_Rutelas Theme.mid
looping_gameplay_bgm,The Legend of Zelda,Multiplatform,The Legend of Zelda Twilight Princess,STAR Game Room,room,game_midi/The Legend of Zelda_Multiplatform_The Legend of Zelda Twilight Princess_STAR Game Room.mid
ambiguous_other,The Legend of Zelda,Multiplatform,The Legend of Zelda Twilight Princess,STAR Game,,game_midi/The Legend of Zelda_Multiplatform_The Legend of Zelda Twilight Princess_STAR Game.mid
ambiguous_other,The Legend of Zelda,Multiplatform,The Legend of Zelda Twilight Princess,Sacred Grove,,game_midi/The Legend of Zelda_Multiplatform_The Legend of Zelda Twilight Princess_Sacred Grove.mid
ambiguous_other,The Legend of Zelda,Multiplatform,The Legend of Zelda Twilight Princess,Sanctuary,,game_midi/The Legend of Zelda_Multiplatform_The Legend of Zelda Twilight Princess_Sanctuary.mid
looping_gameplay_bgm,The Legend of Zelda,Multiplatform,The Legend of Zelda Twilight Princess,Snowpeak Ruins,ruins,game_midi/The Legend of Zelda_Multiplatform_The Legend of Zelda Twilight Princess_Snowpeak Ruins.mid
looping_gameplay_bgm,The Legend of Zelda,Multiplatform,The Legend of Zelda Twilight Princess,Temple of Time (Dungeon),"temple, dungeon",game_midi/The Legend of Zelda_Multiplatform_The Legend of Zelda Twilight Princess_Temple of Time (Dungeon).mid
ambiguous_other,The Legend of Zelda,Multiplatform,The Legend of Zelda Twilight Princess,The Spirits of Light,,game_midi/The Legend of Zelda_Multiplatform_The Legend of Zelda Twilight Princess_The Spirits of Light.mid
ambiguous_other,The Legend of Zelda,Multiplatform,The Legend of Zelda Twilight Princess,Title Screen,,game_midi/The Legend of Zelda_Multiplatform_The Legend of Zelda Twilight Princess_Title Screen.mid
ambiguous_other,The Legend of Zelda,Multiplatform,The Legend of Zelda Twilight Princess,Transfer of Powers,,game_midi/The Legend of Zelda_Multiplatform_The Legend of Zelda Twilight Princess_Transfer of Powers.mid
ambiguous_other,The Legend of Zelda,Multiplatform,The Legend of Zelda Twilight Princess,Twilight Realm,,game_midi/The Legend of Zelda_Multiplatform_The Legend of Zelda Twilight Princess_Twilight Realm.mid
ambiguous_other,The Legend of Zelda,Multiplatform,The Legend of Zelda Twilight Princess,Twilight,,game_midi/The Legend of Zelda_Multiplatform_The Legend of Zelda Twilight Princess_Twilight.mid
ambiguous_other,The Legend of Zelda,N64,The Legend of Zelda Majora's Mask,Alien Invasion_0,,game_midi/The Legend of Zelda_N64_The Legend of Zelda Majora's Mask_Alien Invasion_0.mid
ambiguous_other,The Legend of Zelda,N64,The Legend of Zelda Majora's Mask,Chase Theme_0,,game_midi/The Legend of Zelda_N64_The Legend of Zelda Majora's Mask_Chase Theme_0.mid
ambiguous_other,The Legend of Zelda,N64,The Legend of Zelda Majora's Mask,Clock Town_0,,game_midi/The Legend of Zelda_N64_The Legend of Zelda Majora's Mask_Clock Town_0.mid
ambiguous_other,The Legend of Zelda,N64,The Legend of Zelda Majora's Mask,Cremias Wagon Ride_0,,game_midi/The Legend of Zelda_N64_The Legend of Zelda Majora's Mask_Cremias Wagon Ride_0.mid
ambiguous_other,The Legend of Zelda,N64,The Legend of Zelda Majora's Mask,Deku Palace_0,,game_midi/The Legend of Zelda_N64_The Legend of Zelda Majora's Mask_Deku Palace_0.mid
finite_song_or_cue,The Legend of Zelda,N64,The Legend of Zelda Majora's Mask,Song of Healing_0,song of,game_midi/The Legend of Zelda_N64_The Legend of Zelda Majora's Mask_Song of Healing_0.mid
looping_gameplay_bgm,The Legend of Zelda,N64,The Legend of Zelda Majora's Mask,Stone Temple Tower_0,temple,game_midi/The Legend of Zelda_N64_The Legend of Zelda Majora's Mask_Stone Temple Tower_0.mid
looping_gameplay_bgm,The Legend of Zelda,N64,The Legend of Zelda Majora's Mask,Stone Tower Temple Inverted_0,"tower, temple",game_midi/The Legend of Zelda_N64_The Legend of Zelda Majora's Mask_Stone Tower Temple Inverted_0.mid
ambiguous_other,The Legend of Zelda,N64,The Legend of Zelda Majora's Mask,The Mayors Office_0,,game_midi/The Legend of Zelda_N64_The Legend of Zelda Majora's Mask_The Mayors Office_0.mid
looping_gameplay_bgm,The Legend of Zelda,N64,The Legend of Zelda Ocarina of Time,Forest Temple_0,forest,game_midi/The Legend of Zelda_N64_The Legend of Zelda Ocarina of Time_Forest Temple_0.mid
ambiguous_other,The Legend of Zelda,N64,The Legend of Zelda Ocarina of Time,Ganondorf_0,,game_midi/The Legend of Zelda_N64_The Legend of Zelda Ocarina of Time_Ganondorf_0.mid
ambiguous_other,The Legend of Zelda,N64,The Legend of Zelda Ocarina of Time,Gerudo Valley_0,,game_midi/The Legend of Zelda_N64_The Legend of Zelda Ocarina of Time_Gerudo Valley_0.mid
ambiguous_other,The Legend of Zelda,N64,The Legend of Zelda Ocarina of Time,Goron City_0,,game_midi/The Legend of Zelda_N64_The Legend of Zelda Ocarina of Time_Goron City_0.mid
looping_gameplay_bgm,The Legend of Zelda,N64,The Legend of Zelda Ocarina of Time,Hyrule Castle Courtyard_0,castle,game_midi/The Legend of Zelda_N64_The Legend of Zelda Ocarina of Time_Hyrule Castle Courtyard_0.mid
looping_gameplay_bgm,The Legend of Zelda,N64,The Legend of Zelda Ocarina of Time,Hyrule Castle Town_0,castle,game_midi/The Legend of Zelda_N64_The Legend of Zelda Ocarina of Time_Hyrule Castle Town_0.mid
ambiguous_other,The Legend of Zelda,N64,The Legend of Zelda Ocarina of Time,Inside Jabu Jabus Belly_0,,game_midi/The Legend of Zelda_N64_The Legend of Zelda Ocarina of Time_Inside Jabu Jabus Belly_0.mid
ambiguous_other,The Legend of Zelda,N64,The Legend of Zelda Ocarina of Time,Introduction_0,,game_midi/The Legend of Zelda_N64_The Legend of Zelda Ocarina of Time_Introduction_0.mid
ambiguous_other,The Legend of Zelda,N64,The Legend of Zelda Ocarina of Time,Kakariko Village_0,,game_midi/The Legend of Zelda_N64_The Legend of Zelda Ocarina of Time_Kakariko Village_0.mid
ambiguous_other,The Legend of Zelda,N64,The Legend of Zelda Ocarina of Time,Kokiri Forest_0,,game_midi/The Legend of Zelda_N64_The Legend of Zelda Ocarina of Time_Kokiri Forest_0.mid
ambiguous_other,The Legend of Zelda,N64,The Legend of Zelda Ocarina of Time,Links House_0,,game_midi/The Legend of Zelda_N64_The Legend of Zelda Ocarina of Time_Links House_0.mid
ambiguous_other,The Legend of Zelda,N64,The Legend of Zelda Ocarina of Time,Lost Woods_0,,game_midi/The Legend of Zelda_N64_The Legend of Zelda Ocarina of Time_Lost Woods_0.mid
ambiguous_other,The Legend of Zelda,N64,The Legend of Zelda Ocarina of Time,Medley of Time_0,,game_midi/The Legend of Zelda_N64_The Legend of Zelda Ocarina of Time_Medley of Time_0.mid
ambiguous_other,The Legend of Zelda,N64,The Legend of Zelda Ocarina of Time,Owls Theme_0,,game_midi/The Legend of Zelda_N64_The Legend of Zelda Ocarina of Time_Owls Theme_0.mid
ambiguous_other,The Legend of Zelda,N64,The Legend of Zelda Ocarina of Time,Prelude of Light_0,,game_midi/The Legend of Zelda_N64_The Legend of Zelda Ocarina of Time_Prelude of Light_0.mid
ambiguous_other,The Legend of Zelda,N64,The Legend of Zelda Ocarina of Time,Sarias Song_0,,game_midi/The Legend of Zelda_N64_The Legend of Zelda Ocarina of Time_Sarias Song_0.mid
ambiguous_other,The Legend of Zelda,N64,The Legend of Zelda Ocarina of Time,Serenade of Water_0,,game_midi/The Legend of Zelda_N64_The Legend of Zelda Ocarina of Time_Serenade of Water_0.mid
finite_song_or_cue,The Legend of Zelda,N64,The Legend of Zelda Ocarina of Time,Song of Storms_0,song of,game_midi/The Legend of Zelda_N64_The Legend of Zelda Ocarina of Time_Song of Storms_0.mid
looping_gameplay_bgm,The Legend of Zelda,N64,The Legend of Zelda Ocarina of Time,Temple of Time_0,temple,game_midi/The Legend of Zelda_N64_The Legend of Zelda Ocarina of Time_Temple of Time_0.mid
ambiguous_other,The Legend of Zelda,N64,The Legend of Zelda Ocarina of Time,Windmill Hut_0,,game_midi/The Legend of Zelda_N64_The Legend of Zelda Ocarina of Time_Windmill Hut_0.mid
ambiguous_other,The Legend of Zelda,N64,The Legend of Zelda Ocarina of Time,Zeldas Lullaby_0,,game_midi/The Legend of Zelda_N64_The Legend of Zelda Ocarina of Time_Zeldas Lullaby_0.mid
looping_gameplay_bgm,The Legend of Zelda,Nintendo 3DS,The Legend of Zelda A Link Between Worlds,Beginning Field,field,game_midi/The Legend of Zelda_Nintendo 3DS_The Legend of Zelda A Link Between Worlds_Beginning Field.mid
ambiguous_other,The Legend of Zelda,Nintendo 3DS,The Legend of Zelda A Link Between Worlds,Facing Ganon,,game_midi/The Legend of Zelda_Nintendo 3DS_The Legend of Zelda A Link Between Worlds_Facing Ganon.mid
ambiguous_likely_loop,The Legend of Zelda,Nintendo 3DS,The Legend of Zelda A Link Between Worlds,Hildas Theme,theme,game_midi/The Legend of Zelda_Nintendo 3DS_The Legend of Zelda A Link Between Worlds_Hildas Theme.mid
looping_gameplay_bgm,The Legend of Zelda,Nintendo 3DS,The Legend of Zelda A Link Between Worlds,Lorule Castle,castle,game_midi/The Legend of Zelda_Nintendo 3DS_The Legend of Zelda A Link Between Worlds_Lorule Castle.mid
looping_gameplay_bgm,The Legend of Zelda,Nintendo 3DS,The Legend of Zelda A Link Between Worlds,Minigame,minigame,game_midi/The Legend of Zelda_Nintendo 3DS_The Legend of Zelda A Link Between Worlds_Minigame.mid
ambiguous_likely_loop,The Legend of Zelda,Nintendo 3DS,The Legend of Zelda A Link Between Worlds,Ravios Theme,theme,game_midi/The Legend of Zelda_Nintendo 3DS_The Legend of Zelda A Link Between Worlds_Ravios Theme.mid
looping_gameplay_bgm,The Legend of Zelda,Nintendo 3DS,The Legend of Zelda A Link Between Worlds,Swamp Palace,"palace, swamp",game_midi/The Legend of Zelda_Nintendo 3DS_The Legend of Zelda A Link Between Worlds_Swamp Palace.mid
looping_gameplay_bgm,The Legend of Zelda,Nintendo 3DS,The Legend of Zelda A Link Between Worlds,Thieves Hideout,hideout,game_midi/The Legend of Zelda_Nintendo 3DS_The Legend of Zelda A Link Between Worlds_Thieves Hideout.mid
looping_gameplay_bgm,The Legend of Zelda,Nintendo 3DS,The Legend of Zelda A Link Between Worlds,Witchs House,house,game_midi/The Legend of Zelda_Nintendo 3DS_The Legend of Zelda A Link Between Worlds_Witchs House.mid
looping_gameplay_bgm,The Legend of Zelda,Nintendo 3DS,The Legend of Zelda A Link Between Worlds,Yuga Battle (Eastern Palace),"attle!?, palace",game_midi/The Legend of Zelda_Nintendo 3DS_The Legend of Zelda A Link Between Worlds_Yuga Battle (Eastern Palace).mid
looping_gameplay_bgm,The Legend of Zelda,Nintendo 3DS,The Legend of Zelda Tri Force Heroes,Boss,oss,game_midi/The Legend of Zelda_Nintendo 3DS_The Legend of Zelda Tri Force Heroes_Boss.mid
ambiguous_other,The Legend of Zelda,Nintendo 3DS,The Legend of Zelda Tri Force Heroes,Hytopia,,game_midi/The Legend of Zelda_Nintendo 3DS_The Legend of Zelda Tri Force Heroes_Hytopia.mid
ambiguous_other,The Legend of Zelda,Nintendo 3DS,The Legend of Zelda Tri Force Heroes,King Tuft,,game_midi/The Legend of Zelda_Nintendo 3DS_The Legend of Zelda Tri Force Heroes_King Tuft.mid
ambiguous_other,The Legend of Zelda,Nintendo 3DS,The Legend of Zelda Tri Force Heroes,Madame Couture,,game_midi/The Legend of Zelda_Nintendo 3DS_The Legend of Zelda Tri Force Heroes_Madame Couture.mid
ambiguous_other,The Legend of Zelda,Nintendo 3DS,The Legend of Zelda Tri Force Heroes,Riverside,,game_midi/The Legend of Zelda_Nintendo 3DS_The Legend of Zelda Tri Force Heroes_Riverside.mid
ambiguous_other,The Legend of Zelda,Nintendo 3DS,The Legend of Zelda Tri Force Heroes,Sir Combsly,,game_midi/The Legend of Zelda_Nintendo 3DS_The Legend of Zelda Tri Force Heroes_Sir Combsly.mid
ambiguous_other,The Legend of Zelda,Nintendo 3DS,The Legend of Zelda Tri Force Heroes,Sky Realm,,game_midi/The Legend of Zelda_Nintendo 3DS_The Legend of Zelda Tri Force Heroes_Sky Realm.mid
ambiguous_likely_loop,The Legend of Zelda,Nintendo 3DS,The Legend of Zelda Tri Force Heroes,Title Theme,theme,game_midi/The Legend of Zelda_Nintendo 3DS_The Legend of Zelda Tri Force Heroes_Title Theme.mid
ambiguous_other,The Legend of Zelda,Nintendo 3DS,The Legend of Zelda Tri Force Heroes,Woodlands,,game_midi/The Legend of Zelda_Nintendo 3DS_The Legend of Zelda Tri Force Heroes_Woodlands.mid
ambiguous_other,The Legend of Zelda,Nintendo DS,Freshly-Picked Tingles Rosy Rupeeland,Bodyguard Salon,,game_midi/The Legend of Zelda_Nintendo DS_Freshly-Picked Tingles Rosy Rupeeland_Bodyguard Salon.mid
looping_gameplay_bgm,The Legend of Zelda,Nintendo DS,Freshly-Picked Tingles Rosy Rupeeland,Tingles House,house,game_midi/The Legend of Zelda_Nintendo DS_Freshly-Picked Tingles Rosy Rupeeland_Tingles House.mid
looping_gameplay_bgm,The Legend of Zelda,Nintendo DS,The Legend of Zelda Phantom Hourglass,Boss Battle,"attle!?, oss",game_midi/The Legend of Zelda_Nintendo DS_The Legend of Zelda Phantom Hourglass_Boss Battle.mid
ambiguous_other,The Legend of Zelda,Nintendo DS,The Legend of Zelda Phantom Hourglass,Cielas Parting Words,,game_midi/The Legend of Zelda_Nintendo DS_The Legend of Zelda Phantom Hourglass_Cielas Parting Words.mid
looping_gameplay_bgm,The Legend of Zelda,Nintendo DS,The Legend of Zelda Phantom Hourglass,Dungeon,dungeon,game_midi/The Legend of Zelda_Nintendo DS_The Legend of Zelda Phantom Hourglass_Dungeon.mid
ambiguous_other,The Legend of Zelda,Nintendo DS,The Legend of Zelda Phantom Hourglass,Fishing,,game_midi/The Legend of Zelda_Nintendo DS_The Legend of Zelda Phantom Hourglass_Fishing.mid
looping_gameplay_bgm,The Legend of Zelda,Nintendo DS,The Legend of Zelda Phantom Hourglass,Inside a Gorons House,house,game_midi/The Legend of Zelda_Nintendo DS_The Legend of Zelda Phantom Hourglass_Inside a Gorons House.mid
looping_gameplay_bgm,The Legend of Zelda,Nintendo DS,The Legend of Zelda Phantom Hourglass,Inside a House,house,game_midi/The Legend of Zelda_Nintendo DS_The Legend of Zelda Phantom Hourglass_Inside a House.mid
ambiguous_likely_loop,The Legend of Zelda,Nintendo DS,The Legend of Zelda Phantom Hourglass,Linebecks Theme,theme,game_midi/The Legend of Zelda_Nintendo DS_The Legend of Zelda Phantom Hourglass_Linebecks Theme.mid
looping_gameplay_bgm,The Legend of Zelda,Nintendo DS,The Legend of Zelda Phantom Hourglass,Mercay Island,island,game_midi/The Legend of Zelda_Nintendo DS_The Legend of Zelda Phantom Hourglass_Mercay Island.mid
looping_gameplay_bgm,The Legend of Zelda,Nintendo DS,The Legend of Zelda Phantom Hourglass,Ocean Kings Theme,ocean,game_midi/The Legend of Zelda_Nintendo DS_The Legend of Zelda Phantom Hourglass_Ocean Kings Theme.mid
ambiguous_other,The Legend of Zelda,Nintendo DS,The Legend of Zelda Phantom Hourglass,Oshus,,game_midi/The Legend of Zelda_Nintendo DS_The Legend of Zelda Phantom Hourglass_Oshus.mid
ambiguous_other,The Legend of Zelda,Nintendo DS,The Legend of Zelda Phantom Hourglass,Set Sail for Adventure (Title),,game_midi/The Legend of Zelda_Nintendo DS_The Legend of Zelda Phantom Hourglass_Set Sail for Adventure (Title).mid
ambiguous_other,The Legend of Zelda,Nintendo DS,The Legend of Zelda Phantom Hourglass,The Story,,game_midi/The Legend of Zelda_Nintendo DS_The Legend of Zelda Phantom Hourglass_The Story.mid
ambiguous_other,The Legend of Zelda,Nintendo DS,The Legend of Zelda Phantom Hourglass,Uncharted Territory,,game_midi/The Legend of Zelda_Nintendo DS_The Legend of Zelda Phantom Hourglass_Uncharted Territory.mid
looping_gameplay_bgm,The Legend of Zelda,Nintendo DS,The Legend of Zelda Spirit Tracks,Aboda Village,village,game_midi/The Legend of Zelda_Nintendo DS_The Legend of Zelda Spirit Tracks_Aboda Village.mid
looping_gameplay_bgm,The Legend of Zelda,Nintendo DS,The Legend of Zelda Spirit Tracks,Battle on the Tracks,attle!?,game_midi/The Legend of Zelda_Nintendo DS_The Legend of Zelda Spirit Tracks_Battle on the Tracks.mid
ambiguous_other,The Legend of Zelda,Nintendo DS,The Legend of Zelda Spirit Tracks,Byrne Comes To The Rescue,,game_midi/The Legend of Zelda_Nintendo DS_The Legend of Zelda Spirit Tracks_Byrne Comes To The Rescue.mid
ambiguous_other,The Legend of Zelda,Nintendo DS,The Legend of Zelda Spirit Tracks,Byrnes Death,,game_midi/The Legend of Zelda_Nintendo DS_The Legend of Zelda Spirit Tracks_Byrnes Death.mid
looping_gameplay_bgm,The Legend of Zelda,Nintendo DS,The Legend of Zelda Spirit Tracks,Fight Against Byrne,fight,game_midi/The Legend of Zelda_Nintendo DS_The Legend of Zelda Spirit Tracks_Fight Against Byrne.mid
ambiguous_other,The Legend of Zelda,Nintendo DS,The Legend of Zelda Spirit Tracks,Gages Duet,,game_midi/The Legend of Zelda_Nintendo DS_The Legend of Zelda Spirit Tracks_Gages Duet.mid
ambiguous_other,The Legend of Zelda,Nintendo DS,The Legend of Zelda Spirit Tracks,In the Fields,,game_midi/The Legend of Zelda_Nintendo DS_The Legend of Zelda Spirit Tracks_In the Fields.mid
looping_gameplay_bgm,The Legend of Zelda,Nintendo DS,The Legend of Zelda Spirit Tracks,Inside a Cave,cave,game_midi/The Legend of Zelda_Nintendo DS_The Legend of Zelda Spirit Tracks_Inside a Cave.mid
looping_gameplay_bgm,The Legend of Zelda,Nintendo DS,The Legend of Zelda Spirit Tracks,Mini Boss (Dungeon),"oss, dungeon",game_midi/The Legend of Zelda_Nintendo DS_The Legend of Zelda Spirit Tracks_Mini Boss (Dungeon).mid
looping_gameplay_bgm,The Legend of Zelda,Nintendo DS,The Legend of Zelda Spirit Tracks,Realm Overworld,overworld,game_midi/The Legend of Zelda_Nintendo DS_The Legend of Zelda Spirit Tracks_Realm Overworld.mid
ambiguous_other,The Legend of Zelda,Nintendo DS,The Legend of Zelda Spirit Tracks,Steems Duet,,game_midi/The Legend of Zelda_Nintendo DS_The Legend of Zelda Spirit Tracks_Steems Duet.mid
looping_gameplay_bgm,The Legend of Zelda,Nintendo DS,The Legend of Zelda Spirit Tracks,Sword Training,training,game_midi/The Legend of Zelda_Nintendo DS_The Legend of Zelda Spirit Tracks_Sword Training.mid
ambiguous_other,The Legend of Zelda,Nintendo DS,The Legend of Zelda Spirit Tracks,Tears of Light in the Dark Realm,,game_midi/The Legend of Zelda_Nintendo DS_The Legend of Zelda Spirit Tracks_Tears of Light in the Dark Realm.mid
ambiguous_other,The Legend of Zelda,Nintendo DS,The Legend of Zelda Spirit Tracks,The Final Exam,,game_midi/The Legend of Zelda_Nintendo DS_The Legend of Zelda Spirit Tracks_The Final Exam.mid
ambiguous_other,The Legend of Zelda,Nintendo DS,The Legend of Zelda Spirit Tracks,The Spirit Flute,,game_midi/The Legend of Zelda_Nintendo DS_The Legend of Zelda Spirit Tracks_The Spirit Flute.mid
ambiguous_other,The Legend of Zelda,Nintendo DS,The Legend of Zelda Spirit Tracks,Troubled Realm,,game_midi/The Legend of Zelda_Nintendo DS_The Legend of Zelda Spirit Tracks_Troubled Realm.mid
looping_gameplay_bgm,The Legend of Zelda,Nintendo Entertainment System,The Legend of Zelda,Death Mountain,location exception + mountain,game_midi/The Legend of Zelda_Nintendo Entertainment System_The Legend of Zelda_Death Mountain.mid
looping_gameplay_bgm,The Legend of Zelda,Nintendo Entertainment System,The Legend of Zelda,Dungeon,dungeon,game_midi/The Legend of Zelda_Nintendo Entertainment System_The Legend of Zelda_Dungeon.mid
finite_song_or_cue,The Legend of Zelda,Nintendo Entertainment System,The Legend of Zelda,Ending,ending,game_midi/The Legend of Zelda_Nintendo Entertainment System_The Legend of Zelda_Ending.mid
finite_song_or_cue,The Legend of Zelda,Nintendo Entertainment System,The Legend of Zelda,Game Over,game over,game_midi/The Legend of Zelda_Nintendo Entertainment System_The Legend of Zelda_Game Over.mid
looping_gameplay_bgm,The Legend of Zelda,Nintendo Entertainment System,The Legend of Zelda,Overworld,overworld,game_midi/The Legend of Zelda_Nintendo Entertainment System_The Legend of Zelda_Overworld.mid
ambiguous_other,The Legend of Zelda,Nintendo Entertainment System,The Legend of Zelda,Title,,game_midi/The Legend of Zelda_Nintendo Entertainment System_The Legend of Zelda_Title.mid
looping_gameplay_bgm,The Legend of Zelda,Nintendo Entertainment System,Zelda II The Adventure of Link,Battle,attle!?,game_midi/The Legend of Zelda_Nintendo Entertainment System_Zelda II The Adventure of Link_Battle.mid
finite_song_or_cue,The Legend of Zelda,Nintendo Entertainment System,Zelda II The Adventure of Link,Credits,credits?,game_midi/The Legend of Zelda_Nintendo Entertainment System_Zelda II The Adventure of Link_Credits.mid
ambiguous_other,The Legend of Zelda,Nintendo Entertainment System,Zelda II The Adventure of Link,Guardian,,game_midi/The Legend of Zelda_Nintendo Entertainment System_Zelda II The Adventure of Link_Guardian.mid
looping_gameplay_bgm,The Legend of Zelda,Nintendo Entertainment System,Zelda II The Adventure of Link,House,house,game_midi/The Legend of Zelda_Nintendo Entertainment System_Zelda II The Adventure of Link_House.mid
looping_gameplay_bgm,The Legend of Zelda,Nintendo Entertainment System,Zelda II The Adventure of Link,Overworld,overworld,game_midi/The Legend of Zelda_Nintendo Entertainment System_Zelda II The Adventure of Link_Overworld.mid
looping_gameplay_bgm,The Legend of Zelda,Nintendo Entertainment System,Zelda II The Adventure of Link,Palace,palace,game_midi/The Legend of Zelda_Nintendo Entertainment System_Zelda II The Adventure of Link_Palace.mid
looping_gameplay_bgm,The Legend of Zelda,Nintendo Entertainment System,Zelda II The Adventure of Link,The Great Palace,palace,game_midi/The Legend of Zelda_Nintendo Entertainment System_Zelda II The Adventure of Link_The Great Palace.mid
ambiguous_other,The Legend of Zelda,Nintendo Entertainment System,Zelda II The Adventure of Link,The Last Guardian,,game_midi/The Legend of Zelda_Nintendo Entertainment System_Zelda II The Adventure of Link_The Last Guardian.mid
ambiguous_likely_loop,The Legend of Zelda,Nintendo Entertainment System,Zelda II The Adventure of Link,Title Theme,theme,game_midi/The Legend of Zelda_Nintendo Entertainment System_Zelda II The Adventure of Link_Title Theme.mid
looping_gameplay_bgm,The Legend of Zelda,Nintendo Entertainment System,Zelda II The Adventure of Link,Town,town,game_midi/The Legend of Zelda_Nintendo Entertainment System_Zelda II The Adventure of Link_Town.mid
ambiguous_other,The Legend of Zelda,Nintendo GameCube,The Legend of Zelda Four Swords Adventures,Dampes Cabin,,game_midi/The Legend of Zelda_Nintendo GameCube_The Legend of Zelda Four Swords Adventures_Dampes Cabin.mid
looping_gameplay_bgm,The Legend of Zelda,Nintendo GameCube,The Legend of Zelda Four Swords Adventures,Lake Hylia,lake,game_midi/The Legend of Zelda_Nintendo GameCube_The Legend of Zelda Four Swords Adventures_Lake Hylia.mid
looping_gameplay_bgm,The Legend of Zelda,Nintendo GameCube,The Legend of Zelda Four Swords Adventures,Light Overworld,overworld,game_midi/The Legend of Zelda_Nintendo GameCube_The Legend of Zelda Four Swords Adventures_Light Overworld.mid
ambiguous_likely_loop,The Legend of Zelda,Nintendo GameCube,The Legend of Zelda Four Swords Adventures,Main Theme,theme,game_midi/The Legend of Zelda_Nintendo GameCube_The Legend of Zelda Four Swords Adventures_Main Theme.mid
ambiguous_other,The Legend of Zelda,Nintendo GameCube,The Legend of Zelda Four Swords Adventures,Realm of the Heavens,,game_midi/The Legend of Zelda_Nintendo GameCube_The Legend of Zelda Four Swords Adventures_Realm of the Heavens.mid
ambiguous_other,The Legend of Zelda,Nintendo GameCube,The Legend of Zelda Four Swords Adventures,The Terrace of the Two People,,game_midi/The Legend of Zelda_Nintendo GameCube_The Legend of Zelda Four Swords Adventures_The Terrace of the Two People.mid
ambiguous_likely_loop,The Legend of Zelda,Nintendo GameCube,The Legend of Zelda The Wind Waker,Arylls Theme,theme,game_midi/The Legend of Zelda_Nintendo GameCube_The Legend of Zelda The Wind Waker_Arylls Theme.mid
finite_song_or_cue,The Legend of Zelda,Nintendo GameCube,The Legend of Zelda The Wind Waker,Ballad of Gales,allad,game_midi/The Legend of Zelda_Nintendo GameCube_The Legend of Zelda The Wind Waker_Ballad of Gales.mid
looping_gameplay_bgm,The Legend of Zelda,Nintendo GameCube,The Legend of Zelda The Wind Waker,Beedles Shop Ship,"shop, ship",game_midi/The Legend of Zelda_Nintendo GameCube_The Legend of Zelda The Wind Waker_Beedles Shop Ship.mid
ambiguous_other,The Legend of Zelda,Nintendo GameCube,The Legend of Zelda The Wind Waker,Departure,,game_midi/The Legend of Zelda_Nintendo GameCube_The Legend of Zelda The Wind Waker_Departure.mid
looping_gameplay_bgm,The Legend of Zelda,Nintendo GameCube,The Legend of Zelda The Wind Waker,Dragon Roost Island,island,game_midi/The Legend of Zelda_Nintendo GameCube_The Legend of Zelda The Wind Waker_Dragon Roost Island.mid
finite_song_or_cue,The Legend of Zelda,Nintendo GameCube,The Legend of Zelda The Wind Waker,Earth Gods Lyric,lyric,game_midi/The Legend of Zelda_Nintendo GameCube_The Legend of Zelda The Wind Waker_Earth Gods Lyric.mid
ambiguous_other,The Legend of Zelda,Nintendo GameCube,The Legend of Zelda The Wind Waker,Encounter with Tetra,,game_midi/The Legend of Zelda_Nintendo GameCube_The Legend of Zelda The Wind Waker_Encounter with Tetra.mid
finite_song_or_cue,The Legend of Zelda,Nintendo GameCube,The Legend of Zelda The Wind Waker,Ending,ending,game_midi/The Legend of Zelda_Nintendo GameCube_The Legend of Zelda The Wind Waker_Ending.mid
finite_song_or_cue,The Legend of Zelda,Nintendo GameCube,The Legend of Zelda The Wind Waker,Epilogue,epilogue,game_midi/The Legend of Zelda_Nintendo GameCube_The Legend of Zelda The Wind Waker_Epilogue.mid
ambiguous_likely_loop,The Legend of Zelda,Nintendo GameCube,The Legend of Zelda The Wind Waker,Fairy Spring,spring,game_midi/The Legend of Zelda_Nintendo GameCube_The Legend of Zelda The Wind Waker_Fairy Spring.mid
finite_song_or_cue,The Legend of Zelda,Nintendo GameCube,The Legend of Zelda The Wind Waker,Farewell Hyrule King,farewell,game_midi/The Legend of Zelda_Nintendo GameCube_The Legend of Zelda The Wind Waker_Farewell Hyrule King.mid
ambiguous_other,The Legend of Zelda,Nintendo GameCube,The Legend of Zelda The Wind Waker,Fencing Instruction,,game_midi/The Legend of Zelda_Nintendo GameCube_The Legend of Zelda The Wind Waker_Fencing Instruction.mid
looping_gameplay_bgm,The Legend of Zelda,Nintendo GameCube,The Legend of Zelda The Wind Waker,Forbidden Woods,woods,game_midi/The Legend of Zelda_Nintendo GameCube_The Legend of Zelda The Wind Waker_Forbidden Woods.mid
looping_gameplay_bgm,The Legend of Zelda,Nintendo GameCube,The Legend of Zelda The Wind Waker,Forsaken Fortress Invasion 1,fortress,game_midi/The Legend of Zelda_Nintendo GameCube_The Legend of Zelda The Wind Waker_Forsaken Fortress Invasion 1.mid
looping_gameplay_bgm,The Legend of Zelda,Nintendo GameCube,The Legend of Zelda The Wind Waker,Forsaken Fortress,fortress,game_midi/The Legend of Zelda_Nintendo GameCube_The Legend of Zelda The Wind Waker_Forsaken Fortress.mid
finite_song_or_cue,The Legend of Zelda,Nintendo GameCube,The Legend of Zelda The Wind Waker,Game Demo,demo,game_midi/The Legend of Zelda_Nintendo GameCube_The Legend of Zelda The Wind Waker_Game Demo.mid
looping_gameplay_bgm,The Legend of Zelda,Nintendo GameCube,The Legend of Zelda The Wind Waker,Ganondorf Battle,attle!?,game_midi/The Legend of Zelda_Nintendo GameCube_The Legend of Zelda The Wind Waker_Ganondorf Battle.mid
looping_gameplay_bgm,The Legend of Zelda,Nintendo GameCube,The Legend of Zelda The Wind Waker,Ganons Castle,castle,game_midi/The Legend of Zelda_Nintendo GameCube_The Legend of Zelda The Wind Waker_Ganons Castle.mid
ambiguous_other,The Legend of Zelda,Nintendo GameCube,The Legend of Zelda The Wind Waker,Gohdan,,game_midi/The Legend of Zelda_Nintendo GameCube_The Legend of Zelda The Wind Waker_Gohdan.mid
ambiguous_other,The Legend of Zelda,Nintendo GameCube,The Legend of Zelda The Wind Waker,Grandma,,game_midi/The Legend of Zelda_Nintendo GameCube_The Legend of Zelda The Wind Waker_Grandma.mid
looping_gameplay_bgm,The Legend of Zelda,Nintendo GameCube,The Legend of Zelda The Wind Waker,Grandpas House,house,game_midi/The Legend of Zelda_Nintendo GameCube_The Legend of Zelda The Wind Waker_Grandpas House.mid
ambiguous_other,The Legend of Zelda,Nintendo GameCube,The Legend of Zelda The Wind Waker,Hero of the Wind,,game_midi/The Legend of Zelda_Nintendo GameCube_The Legend of Zelda The Wind Waker_Hero of the Wind.mid
looping_gameplay_bgm,The Legend of Zelda,Nintendo GameCube,The Legend of Zelda The Wind Waker,Hyrule Castle,castle,game_midi/The Legend of Zelda_Nintendo GameCube_The Legend of Zelda The Wind Waker_Hyrule Castle.mid
looping_gameplay_bgm,The Legend of Zelda,Nintendo GameCube,The Legend of Zelda The Wind Waker,Inside a House,house,game_midi/The Legend of Zelda_Nintendo GameCube_The Legend of Zelda The Wind Waker_Inside a House.mid
looping_gameplay_bgm,The Legend of Zelda,Nintendo GameCube,The Legend of Zelda The Wind Waker,Inside the Pirate Ship,ship,game_midi/The Legend of Zelda_Nintendo GameCube_The Legend of Zelda The Wind Waker_Inside the Pirate Ship.mid
ambiguous_other,The Legend of Zelda,Nintendo GameCube,The Legend of Zelda The Wind Waker,Jalhalla,,game_midi/The Legend of Zelda_Nintendo GameCube_The Legend of Zelda The Wind Waker_Jalhalla.mid
ambiguous_other,The Legend of Zelda,Nintendo GameCube,The Legend of Zelda The Wind Waker,Makars Awakening,,game_midi/The Legend of Zelda_Nintendo GameCube_The Legend of Zelda The Wind Waker_Makars Awakening.mid
ambiguous_other,The Legend of Zelda,Nintendo GameCube,The Legend of Zelda The Wind Waker,Medlis Awakening,,game_midi/The Legend of Zelda_Nintendo GameCube_The Legend of Zelda The Wind Waker_Medlis Awakening.mid
looping_gameplay_bgm,The Legend of Zelda,Nintendo GameCube,The Legend of Zelda The Wind Waker,Menu Select,"menu, select",game_midi/The Legend of Zelda_Nintendo GameCube_The Legend of Zelda The Wind Waker_Menu Select.mid
looping_gameplay_bgm,The Legend of Zelda,Nintendo GameCube,The Legend of Zelda The Wind Waker,Mini-Boss,oss,game_midi/The Legend of Zelda_Nintendo GameCube_The Legend of Zelda The Wind Waker_Mini-Boss.mid
ambiguous_other,The Legend of Zelda,Nintendo GameCube,The Legend of Zelda The Wind Waker,Molgera,,game_midi/The Legend of Zelda_Nintendo GameCube_The Legend of Zelda The Wind Waker_Molgera.mid
looping_gameplay_bgm,The Legend of Zelda,Nintendo GameCube,The Legend of Zelda The Wind Waker,Outset Island,island,game_midi/The Legend of Zelda_Nintendo GameCube_The Legend of Zelda The Wind Waker_Outset Island.mid
ambiguous_other,The Legend of Zelda,Nintendo GameCube,The Legend of Zelda The Wind Waker,Phantom Ganon,,game_midi/The Legend of Zelda_Nintendo GameCube_The Legend of Zelda The Wind Waker_Phantom Ganon.mid
ambiguous_other,The Legend of Zelda,Nintendo GameCube,The Legend of Zelda The Wind Waker,Pirates,,game_midi/The Legend of Zelda_Nintendo GameCube_The Legend of Zelda The Wind Waker_Pirates.mid
ambiguous_likely_loop,The Legend of Zelda,Nintendo GameCube,The Legend of Zelda The Wind Waker,Princess Zeldas Theme,theme,game_midi/The Legend of Zelda_Nintendo GameCube_The Legend of Zelda The Wind Waker_Princess Zeldas Theme.mid
ambiguous_other,The Legend of Zelda,Nintendo GameCube,The Legend of Zelda The Wind Waker,Puppet Ganon (Snake Mode),,game_midi/The Legend of Zelda_Nintendo GameCube_The Legend of Zelda The Wind Waker_Puppet Ganon (Snake Mode).mid
looping_gameplay_bgm,The Legend of Zelda,Nintendo GameCube,The Legend of Zelda The Wind Waker,Rendezvous with the Ship 2,ship,game_midi/The Legend of Zelda_Nintendo GameCube_The Legend of Zelda The Wind Waker_Rendezvous with the Ship 2.mid
ambiguous_other,The Legend of Zelda,Nintendo GameCube,The Legend of Zelda The Wind Waker,Sage Laruto,,game_midi/The Legend of Zelda_Nintendo GameCube_The Legend of Zelda The Wind Waker_Sage Laruto.mid
looping_gameplay_bgm,The Legend of Zelda,Nintendo GameCube,The Legend of Zelda The Wind Waker,Sealed Hyrule Castle,castle,game_midi/The Legend of Zelda_Nintendo GameCube_The Legend of Zelda The Wind Waker_Sealed Hyrule Castle.mid
finite_song_or_cue,The Legend of Zelda,Nintendo GameCube,The Legend of Zelda The Wind Waker,Song of the New Years Ceremony,song of,game_midi/The Legend of Zelda_Nintendo GameCube_The Legend of Zelda The Wind Waker_Song of the New Years Ceremony.mid
ambiguous_other,The Legend of Zelda,Nintendo GameCube,The Legend of Zelda The Wind Waker,The Deku Tree and the Koroks,,game_midi/The Legend of Zelda_Nintendo GameCube_The Legend of Zelda The Wind Waker_The Deku Tree and the Koroks.mid
ambiguous_other,The Legend of Zelda,Nintendo GameCube,The Legend of Zelda The Wind Waker,The Fairy Queen,,game_midi/The Legend of Zelda_Nintendo GameCube_The Legend of Zelda The Wind Waker_The Fairy Queen.mid
looping_gameplay_bgm,The Legend of Zelda,Nintendo GameCube,The Legend of Zelda The Wind Waker,The Forest of Outset Island,"forest, island",game_midi/The Legend of Zelda_Nintendo GameCube_The Legend of Zelda The Wind Waker_The Forest of Outset Island.mid
looping_gameplay_bgm,The Legend of Zelda,Nintendo GameCube,The Legend of Zelda The Wind Waker,The Great Sea is Cursed,sea,game_midi/The Legend of Zelda_Nintendo GameCube_The Legend of Zelda The Wind Waker_The Great Sea is Cursed.mid
looping_gameplay_bgm,The Legend of Zelda,Nintendo GameCube,The Legend of Zelda The Wind Waker,The Great Sea,sea,game_midi/The Legend of Zelda_Nintendo GameCube_The Legend of Zelda The Wind Waker_The Great Sea.mid
ambiguous_other,The Legend of Zelda,Nintendo GameCube,The Legend of Zelda The Wind Waker,The Legendary Hero,,game_midi/The Legend of Zelda_Nintendo GameCube_The Legend of Zelda The Wind Waker_The Legendary Hero.mid
ambiguous_other,The Legend of Zelda,Nintendo GameCube,The Legend of Zelda The Wind Waker,Title,,game_midi/The Legend of Zelda_Nintendo GameCube_The Legend of Zelda The Wind Waker_Title.mid
ambiguous_other,The Legend of Zelda,Nintendo GameCube,The Legend of Zelda The Wind Waker,To Hyrule,,game_midi/The Legend of Zelda_Nintendo GameCube_The Legend of Zelda The Wind Waker_To Hyrule.mid
finite_song_or_cue,The Legend of Zelda,Nintendo GameCube,The Legend of Zelda The Wind Waker,Wind Gods Aria,aria,game_midi/The Legend of Zelda_Nintendo GameCube_The Legend of Zelda The Wind Waker_Wind Gods Aria.mid
looping_gameplay_bgm,The Legend of Zelda,Nintendo GameCube,The Legend of Zelda The Wind Waker,Wind Temple,temple,game_midi/The Legend of Zelda_Nintendo GameCube_The Legend of Zelda The Wind Waker_Wind Temple.mid
looping_gameplay_bgm,The Legend of Zelda,Nintendo GameCube,The Legend of Zelda The Wind Waker,Windfall Island,island,game_midi/The Legend of Zelda_Nintendo GameCube_The Legend of Zelda The Wind Waker_Windfall Island.mid
ambiguous_other,The Legend of Zelda,Nintendo GameCube,The Legend of Zelda The Wind Waker,Yacht Game,,game_midi/The Legend of Zelda_Nintendo GameCube_The Legend of Zelda The Wind Waker_Yacht Game.mid
ambiguous_other,The Legend of Zelda,Nintendo GameCube,The Legend of Zelda The Wind Waker,Zeldas Awakening,,game_midi/The Legend of Zelda_Nintendo GameCube_The Legend of Zelda The Wind Waker_Zeldas Awakening.mid
ambiguous_other,The Legend of Zelda,Nintendo GameCube,The Legend of Zelda The Wind Waker,Zunaris Store,,game_midi/The Legend of Zelda_Nintendo GameCube_The Legend of Zelda The Wind Waker_Zunaris Store.mid
ambiguous_other,The Legend of Zelda,Nintendo Switch,Hyrule Warriors Age of Calamity,A Quiet Moment,,game_midi/The Legend of Zelda_Nintendo Switch_Hyrule Warriors Age of Calamity_A Quiet Moment.mid
ambiguous_other,The Legend of Zelda,Nintendo Switch,Hyrule Warriors Age of Calamity,Overlooking Hyrule - After the Calamity (Title Screen),,game_midi/The Legend of Zelda_Nintendo Switch_Hyrule Warriors Age of Calamity_Overlooking Hyrule - After the Calamity (Title Screen).mid
ambiguous_other,The Legend of Zelda,Nintendo Switch,Hyrule Warriors Age of Calamity,Overlooking Hyrule - Prelude to Calamity (Title Screen),,game_midi/The Legend of Zelda_Nintendo Switch_Hyrule Warriors Age of Calamity_Overlooking Hyrule - Prelude to Calamity (Title Screen).mid
ambiguous_likely_loop,The Legend of Zelda,Philips CD-i,Zelda The Wand of Gamelon,Main Theme,theme,game_midi/The Legend of Zelda_Philips CD-i_Zelda The Wand of Gamelon_Main Theme.mid
looping_gameplay_bgm,The Legend of Zelda,Satellaview,BS The Legend of Zelda,Overworld (Unused),overworld,game_midi/The Legend of Zelda_Satellaview_BS The Legend of Zelda_Overworld (Unused).mid
ambiguous_other,The Legend of Zelda,Super Nintendo Entertainment System,The Legend of Zelda A Link to the Past,Agahnim,,game_midi/The Legend of Zelda_Super Nintendo Entertainment System_The Legend of Zelda A Link to the Past_Agahnim.mid
ambiguous_other,The Legend of Zelda,Super Nintendo Entertainment System,The Legend of Zelda A Link to the Past,Being a Bunny,,game_midi/The Legend of Zelda_Super Nintendo Entertainment System_The Legend of Zelda A Link to the Past_Being a Bunny.mid
looping_gameplay_bgm,The Legend of Zelda,Super Nintendo Entertainment System,The Legend of Zelda A Link to the Past,Boss Battle,"attle!?, oss",game_midi/The Legend of Zelda_Super Nintendo Entertainment System_The Legend of Zelda A Link to the Past_Boss Battle.mid
looping_gameplay_bgm,The Legend of Zelda,Super Nintendo Entertainment System,The Legend of Zelda A Link to the Past,Cave,cave,game_midi/The Legend of Zelda_Super Nintendo Entertainment System_The Legend of Zelda A Link to the Past_Cave.mid
ambiguous_other,The Legend of Zelda,Super Nintendo Entertainment System,The Legend of Zelda A Link to the Past,Church,,game_midi/The Legend of Zelda_Super Nintendo Entertainment System_The Legend of Zelda A Link to the Past_Church.mid
finite_song_or_cue,The Legend of Zelda,Super Nintendo Entertainment System,The Legend of Zelda A Link to the Past,Credits,credits?,game_midi/The Legend of Zelda_Super Nintendo Entertainment System_The Legend of Zelda A Link to the Past_Credits.mid
looping_gameplay_bgm,The Legend of Zelda,Super Nintendo Entertainment System,The Legend of Zelda A Link to the Past,Dark World Dungeon,"world, dungeon",game_midi/The Legend of Zelda_Super Nintendo Entertainment System_The Legend of Zelda A Link to the Past_Dark World Dungeon.mid
looping_gameplay_bgm,The Legend of Zelda,Super Nintendo Entertainment System,The Legend of Zelda A Link to the Past,Dark World,world,game_midi/The Legend of Zelda_Super Nintendo Entertainment System_The Legend of Zelda A Link to the Past_Dark World.mid
looping_gameplay_bgm,The Legend of Zelda,Super Nintendo Entertainment System,The Legend of Zelda A Link to the Past,Death Mountain,location exception + mountain,game_midi/The Legend of Zelda_Super Nintendo Entertainment System_The Legend of Zelda A Link to the Past_Death Mountain.mid
finite_song_or_cue,The Legend of Zelda,Super Nintendo Entertainment System,The Legend of Zelda A Link to the Past,Epilogue,epilogue,game_midi/The Legend of Zelda_Super Nintendo Entertainment System_The Legend of Zelda A Link to the Past_Epilogue.mid
looping_gameplay_bgm,The Legend of Zelda,Super Nintendo Entertainment System,The Legend of Zelda A Link to the Past,Ganon Battle,attle!?,game_midi/The Legend of Zelda_Super Nintendo Entertainment System_The Legend of Zelda A Link to the Past_Ganon Battle.mid
looping_gameplay_bgm,The Legend of Zelda,Super Nintendo Entertainment System,The Legend of Zelda A Link to the Past,Hyrule Castle,castle,game_midi/The Legend of Zelda_Super Nintendo Entertainment System_The Legend of Zelda A Link to the Past_Hyrule Castle.mid
looping_gameplay_bgm,The Legend of Zelda,Super Nintendo Entertainment System,The Legend of Zelda A Link to the Past,Kakariko Village,village,game_midi/The Legend of Zelda_Super Nintendo Entertainment System_The Legend of Zelda A Link to the Past_Kakariko Village.mid
looping_gameplay_bgm,The Legend of Zelda,Super Nintendo Entertainment System,The Legend of Zelda A Link to the Past,Light World Dungeon,"world, dungeon",game_midi/The Legend of Zelda_Super Nintendo Entertainment System_The Legend of Zelda A Link to the Past_Light World Dungeon.mid
looping_gameplay_bgm,The Legend of Zelda,Super Nintendo Entertainment System,The Legend of Zelda A Link to the Past,Lost Woods,woods,game_midi/The Legend of Zelda_Super Nintendo Entertainment System_The Legend of Zelda A Link to the Past_Lost Woods.mid
looping_gameplay_bgm,The Legend of Zelda,Super Nintendo Entertainment System,The Legend of Zelda A Link to the Past,Minigame,minigame,game_midi/The Legend of Zelda_Super Nintendo Entertainment System_The Legend of Zelda A Link to the Past_Minigame.mid
ambiguous_other,The Legend of Zelda,Super Nintendo Entertainment System,The Legend of Zelda A Link to the Past,Ocarina Boy,,game_midi/The Legend of Zelda_Super Nintendo Entertainment System_The Legend of Zelda A Link to the Past_Ocarina Boy.mid
finite_song_or_cue,The Legend of Zelda,Super Nintendo Entertainment System,The Legend of Zelda A Link to the Past,Opening,opening,game_midi/The Legend of Zelda_Super Nintendo Entertainment System_The Legend of Zelda A Link to the Past_Opening.mid
looping_gameplay_bgm,The Legend of Zelda,Super Nintendo Entertainment System,The Legend of Zelda A Link to the Past,Overworld,overworld,game_midi/The Legend of Zelda_Super Nintendo Entertainment System_The Legend of Zelda A Link to the Past_Overworld.mid
ambiguous_other,The Legend of Zelda,Super Nintendo Entertainment System,The Legend of Zelda A Link to the Past,Princess Zeldas Rescue,,game_midi/The Legend of Zelda_Super Nintendo Entertainment System_The Legend of Zelda A Link to the Past_Princess Zeldas Rescue.mid
looping_gameplay_bgm,The Legend of Zelda,Super Nintendo Entertainment System,The Legend of Zelda A Link to the Past,Shop,shop,game_midi/The Legend of Zelda_Super Nintendo Entertainment System_The Legend of Zelda A Link to the Past_Shop.mid
looping_gameplay_bgm,The Legend of Zelda,Super Nintendo Entertainment System,The Legend of Zelda A Link to the Past,The Soldiers of Kakariko Village,village,game_midi/The Legend of Zelda_Super Nintendo Entertainment System_The Legend of Zelda A Link to the Past_The Soldiers of Kakariko Village.mid
ambiguous_likely_loop,The Legend of Zelda,Super Nintendo Entertainment System,The Legend of Zelda A Link to the Past,Time of the Falling Rain,rain,game_midi/The Legend of Zelda_Super Nintendo Entertainment System_The Legend of Zelda A Link to the Past_Time of the Falling Rain.mid
ambiguous_other,The Legend of Zelda,Super Nintendo Entertainment System,The Legend of Zelda A Link to the Past,Title Screen,,game_midi/The Legend of Zelda_Super Nintendo Entertainment System_The Legend of Zelda A Link to the Past_Title Screen.mid
ambiguous_other,The Legend of Zelda,Super Nintendo Entertainment System,The Legend of Zelda A Link to the Past,Triforce Chamber,,game_midi/The Legend of Zelda_Super Nintendo Entertainment System_The Legend of Zelda A Link to the Past_Triforce Chamber.mid
finite_song_or_cue,The Legend of Zelda,Wii,The Legend of Zelda Skyward Sword,Ballad of the Goddess,allad,game_midi/The Legend of Zelda_Wii_The Legend of Zelda Skyward Sword_Ballad of the Goddess.mid
ambiguous_likely_loop,The Legend of Zelda,Wii,The Legend of Zelda Skyward Sword,Batreauxs Theme,theme,game_midi/The Legend of Zelda_Wii_The Legend of Zelda Skyward Sword_Batreauxs Theme.mid
ambiguous_other,The Legend of Zelda,Wii,The Legend of Zelda Skyward Sword,Dejected Groose,,game_midi/The Legend of Zelda_Wii_The Legend of Zelda Skyward Sword_Dejected Groose.mid
looping_gameplay_bgm,The Legend of Zelda,Wii,The Legend of Zelda Skyward Sword,Faron Woods,woods,game_midi/The Legend of Zelda_Wii_The Legend of Zelda Skyward Sword_Faron Woods.mid
ambiguous_other,The Legend of Zelda,Wii,The Legend of Zelda Skyward Sword,Farores Silent Realm,,game_midi/The Legend of Zelda_Wii_The Legend of Zelda Skyward Sword_Farores Silent Realm.mid
ambiguous_other,The Legend of Zelda,Wii,The Legend of Zelda Skyward Sword,Fis Gratitude,,game_midi/The Legend of Zelda_Wii_The Legend of Zelda Skyward Sword_Fis Gratitude.mid
ambiguous_likely_loop,The Legend of Zelda,Wii,The Legend of Zelda Skyward Sword,Grooses Theme,theme,game_midi/The Legend of Zelda_Wii_The Legend of Zelda Skyward Sword_Grooses Theme.mid
ambiguous_other,The Legend of Zelda,Wii,The Legend of Zelda Skyward Sword,Inside the Sandship (Past),,game_midi/The Legend of Zelda_Wii_The Legend of Zelda Skyward Sword_Inside the Sandship (Past).mid
ambiguous_other,The Legend of Zelda,Wii,The Legend of Zelda Skyward Sword,Inside the Sandship,,game_midi/The Legend of Zelda_Wii_The Legend of Zelda Skyward Sword_Inside the Sandship.mid
looping_gameplay_bgm,The Legend of Zelda,Wii,The Legend of Zelda Skyward Sword,Island in the Sky,island,game_midi/The Legend of Zelda_Wii_The Legend of Zelda Skyward Sword_Island in the Sky.mid
ambiguous_other,The Legend of Zelda,Wii,The Legend of Zelda Skyward Sword,Knight Academy,,game_midi/The Legend of Zelda_Wii_The Legend of Zelda Skyward Sword_Knight Academy.mid
ambiguous_other,The Legend of Zelda,Wii,The Legend of Zelda Skyward Sword,Lanayru Mining Facility - Present,,game_midi/The Legend of Zelda_Wii_The Legend of Zelda Skyward Sword_Lanayru Mining Facility - Present.mid
looping_gameplay_bgm,The Legend of Zelda,Wii,The Legend of Zelda Skyward Sword,Lanayru Sand Sea,sea,game_midi/The Legend of Zelda_Wii_The Legend of Zelda Skyward Sword_Lanayru Sand Sea.mid
ambiguous_other,The Legend of Zelda,Wii,The Legend of Zelda Skyward Sword,Link and his Loftwing,,game_midi/The Legend of Zelda_Wii_The Legend of Zelda Skyward Sword_Link and his Loftwing.mid
ambiguous_likely_loop,The Legend of Zelda,Wii,The Legend of Zelda Skyward Sword,Lord Ghirahims Theme,theme,game_midi/The Legend of Zelda_Wii_The Legend of Zelda Skyward Sword_Lord Ghirahims Theme.mid
ambiguous_likely_loop,The Legend of Zelda,Wii,The Legend of Zelda Skyward Sword,Lumpy Pumpkin - Day,day,game_midi/The Legend of Zelda_Wii_The Legend of Zelda Skyward Sword_Lumpy Pumpkin - Day.mid
ambiguous_other,The Legend of Zelda,Wii,The Legend of Zelda Skyward Sword,Sandship (Past),,game_midi/The Legend of Zelda_Wii_The Legend of Zelda Skyward Sword_Sandship (Past).mid
ambiguous_other,The Legend of Zelda,Wii,The Legend of Zelda Skyward Sword,Sandship,,game_midi/The Legend of Zelda_Wii_The Legend of Zelda Skyward Sword_Sandship.mid
ambiguous_other,The Legend of Zelda,Wii,The Legend of Zelda Skyward Sword,ScalderaTentalus,,game_midi/The Legend of Zelda_Wii_The Legend of Zelda Skyward Sword_ScalderaTentalus.mid
ambiguous_likely_loop,The Legend of Zelda,Wii,The Legend of Zelda Skyward Sword,Scrappers Theme,theme,game_midi/The Legend of Zelda_Wii_The Legend of Zelda Skyward Sword_Scrappers Theme.mid
ambiguous_other,The Legend of Zelda,Wii,The Legend of Zelda Skyward Sword,Sealed Grounds,,game_midi/The Legend of Zelda_Wii_The Legend of Zelda Skyward Sword_Sealed Grounds.mid
ambiguous_other,The Legend of Zelda,Wii,The Legend of Zelda Skyward Sword,Skyloft,,game_midi/The Legend of Zelda_Wii_The Legend of Zelda Skyward Sword_Skyloft.mid
looping_gameplay_bgm,The Legend of Zelda,Wii,The Legend of Zelda Skyward Sword,Skyview Temple,temple,game_midi/The Legend of Zelda_Wii_The Legend of Zelda Skyward Sword_Skyview Temple.mid
finite_song_or_cue,The Legend of Zelda,Wii,The Legend of Zelda Skyward Sword,Song of the Hero,song of,game_midi/The Legend of Zelda_Wii_The Legend of Zelda Skyward Sword_Song of the Hero.mid
ambiguous_other,The Legend of Zelda,Wii,The Legend of Zelda Skyward Sword,The Sky,,game_midi/The Legend of Zelda_Wii_The Legend of Zelda Skyward Sword_The Sky.mid
finite_song_or_cue,The Legend of Zelda,Wii,The Legend of Zelda Skyward Sword,Wing Ceremony Victory,victory!?,game_midi/The Legend of Zelda_Wii_The Legend of Zelda Skyward Sword_Wing Ceremony Victory.mid
ambiguous_other,Touhou,PC,Touhou 105 Scarlet Weather Rhapsody,Argue for and Against,,game_midi/Touhou_PC_Touhou 105 Scarlet Weather Rhapsody_Argue for and Against.mid
ambiguous_other,Touhou,PC,Touhou 105 Scarlet Weather Rhapsody,Catastrophe in Bhava-Agra Wonderful Heaven,,game_midi/Touhou_PC_Touhou 105 Scarlet Weather Rhapsody_Catastrophe in Bhava-Agra Wonderful Heaven.mid
ambiguous_other,Touhou,PC,Touhou 105 Scarlet Weather Rhapsody,Drunk as I Like,,game_midi/Touhou_PC_Touhou 105 Scarlet Weather Rhapsody_Drunk as I Like.mid
ambiguous_other,Touhou,PC,Touhou 11 Subterranean Animism,Green-Eyed Jealousy,,game_midi/Touhou_PC_Touhou 11 Subterranean Animism_Green-Eyed Jealousy.mid
ambiguous_other,Touhou,PC,Touhou 11 Subterranean Animism,Hellfire Mantle,,game_midi/Touhou_PC_Touhou 11 Subterranean Animism_Hellfire Mantle.mid
ambiguous_other,Touhou,PC,Touhou 11 Subterranean Animism,The Sealed-Away Youkai Lost Place,,game_midi/Touhou_PC_Touhou 11 Subterranean Animism_The Sealed-Away Youkai Lost Place.mid
looping_gameplay_bgm,Touhou,PC,Touhou 12 Undefined Fantastic Object,Interdimensional Voyage of a Ghostly Passenger Ship,ship,game_midi/Touhou_PC_Touhou 12 Undefined Fantastic Object_Interdimensional Voyage of a Ghostly Passenger Ship.mid
ambiguous_likely_loop,Touhou,PC,Touhou 12 Undefined Fantastic Object,UFO Romance in the Night Sky,night,game_midi/Touhou_PC_Touhou 12 Undefined Fantastic Object_UFO Romance in the Night Sky.mid
ambiguous_other,Touhou,PC,Touhou 13 Ten Desires,Lets Live in a Lovely Cemetery,,game_midi/Touhou_PC_Touhou 13 Ten Desires_Lets Live in a Lovely Cemetery.mid
ambiguous_other,Touhou,PC,Touhou 13 Ten Desires,Spirit of Avarice,,game_midi/Touhou_PC_Touhou 13 Ten Desires_Spirit of Avarice.mid
ambiguous_other,Touhou,PC,Touhou 13 Ten Desires,The Youkai Girl at the Gate,,game_midi/Touhou_PC_Touhou 13 Ten Desires_The Youkai Girl at the Gate.mid
ambiguous_other,Touhou,PC,Touhou 14 Double Dealing Character,Dullahan Under the Willows,,game_midi/Touhou_PC_Touhou 14 Double Dealing Character_Dullahan Under the Willows.mid
ambiguous_other,Touhou,PC,Touhou 17 Wily Beast and Weakest Creature,Electric Heritage,,game_midi/Touhou_PC_Touhou 17 Wily Beast and Weakest Creature_Electric Heritage.mid
ambiguous_other,Touhou,PC,Touhou 17 Wily Beast and Weakest Creature,Joutoujin of Ceramics,,game_midi/Touhou_PC_Touhou 17 Wily Beast and Weakest Creature_Joutoujin of Ceramics.mid
looping_gameplay_bgm,Touhou,PC,Touhou 2 Story of Eastern Wonderland,World of Empty Dreams,world,game_midi/Touhou_PC_Touhou 2 Story of Eastern Wonderland_World of Empty Dreams.mid
ambiguous_other,Touhou,PC,Touhou 3 Phantasmagoria of DimDream,Strawberry Crisis!!,,game_midi/Touhou_PC_Touhou 3 Phantasmagoria of DimDream_Strawberry Crisis!!.mid
ambiguous_other,Touhou,PC,Touhou 4 Lotus Land Story,Bad Apple!!,,game_midi/Touhou_PC_Touhou 4 Lotus Land Story_Bad Apple!!.mid
ambiguous_other,Touhou,PC,Touhou 5 Mystic Square,The Grimoire of Alice,,game_midi/Touhou_PC_Touhou 5 Mystic Square_The Grimoire of Alice.mid
ambiguous_other,Touhou,PC,Touhou 6 The Embodiment of Scarlet Devil,Beloved Tomboyish Girl,,game_midi/Touhou_PC_Touhou 6 The Embodiment of Scarlet Devil_Beloved Tomboyish Girl.mid
ambiguous_other,Touhou,PC,Touhou 6 The Embodiment of Scarlet Devil,Lunar Clock Luna Dial,,game_midi/Touhou_PC_Touhou 6 The Embodiment of Scarlet Devil_Lunar Clock Luna Dial.mid
ambiguous_other,Touhou,PC,Touhou 6 The Embodiment of Scarlet Devil,Septette for the Dead Princess,,game_midi/Touhou_PC_Touhou 6 The Embodiment of Scarlet Devil_Septette for the Dead Princess.mid
ambiguous_other,Touhou,PC,Touhou 6 The Embodiment of Scarlet Devil,UN Owen Was Her?,,game_midi/Touhou_PC_Touhou 6 The Embodiment of Scarlet Devil_UN Owen Was Her?.mid
ambiguous_other,Touhou,PC,Touhou 7 Perfect Cherry Blossom,The Doll Maker of Bucuresti,,game_midi/Touhou_PC_Touhou 7 Perfect Cherry Blossom_The Doll Maker of Bucuresti.mid
ambiguous_other,Touhou,PC,Touhou 8 Imperishable Night,Cinderella Cage Kagome-Kagome,,game_midi/Touhou_PC_Touhou 8 Imperishable Night_Cinderella Cage Kagome-Kagome.mid
looping_gameplay_bgm,Touhou,PC,Touhou 8 Imperishable Night,Lunatic Eyes Invisible Full Moon,moon,game_midi/Touhou_PC_Touhou 8 Imperishable Night_Lunatic Eyes Invisible Full Moon.mid
looping_gameplay_bgm,Touhou,PC,Touhou 8 Imperishable Night,Nostalgic Blood of the East Old World,world,game_midi/Touhou_PC_Touhou 8 Imperishable Night_Nostalgic Blood of the East Old World.mid
looping_gameplay_bgm,Touhou,PC,Touhou 8 Imperishable Night,"Reach for the Moon, Immortal Smoke",moon,"game_midi/Touhou_PC_Touhou 8 Imperishable Night_Reach for the Moon, Immortal Smoke.mid"
ambiguous_likely_loop,Touhou,PC,Touhou 8 Imperishable Night,Retribution for the Eternal Night Imperishable Night,night,game_midi/Touhou_PC_Touhou 8 Imperishable Night_Retribution for the Eternal Night Imperishable Night.mid
ambiguous_other,Touhou,PC,Touhou 9 Phantasmagoria of Flower View,Adventure of the Lovestruck Tomboy,,game_midi/Touhou_PC_Touhou 9 Phantasmagoria of Flower View_Adventure of the Lovestruck Tomboy.mid
ambiguous_other,Undertale,PC,Deltarune,Attack of the Killer Queen,,game_midi/Undertale_PC_Deltarune_Attack of the Killer Queen.mid
ambiguous_other,Undertale,PC,Deltarune,Before the Story,,game_midi/Undertale_PC_Deltarune_Before the Story.mid
ambiguous_other,Undertale,PC,Deltarune,Beginning,,game_midi/Undertale_PC_Deltarune_Beginning.mid
looping_gameplay_bgm,Undertale,PC,Deltarune,Card Castle,castle,game_midi/Undertale_PC_Deltarune_Card Castle.mid
ambiguous_other,Undertale,PC,Deltarune,Chaos King,,game_midi/Undertale_PC_Deltarune_Chaos King.mid
ambiguous_other,Undertale,PC,Deltarune,Checker Dance,,game_midi/Undertale_PC_Deltarune_Checker Dance.mid
ambiguous_other,Undertale,PC,Deltarune,Dont Forget,,game_midi/Undertale_PC_Deltarune_Dont Forget.mid
looping_gameplay_bgm,Undertale,PC,Deltarune,Empty Town,town,game_midi/Undertale_PC_Deltarune_Empty Town.mid
looping_gameplay_bgm,Undertale,PC,Deltarune,Field of Hopes and Dreams,field,game_midi/Undertale_PC_Deltarune_Field of Hopes and Dreams.mid
ambiguous_other,Undertale,PC,Deltarune,Friendship,,game_midi/Undertale_PC_Deltarune_Friendship.mid
ambiguous_other,Undertale,PC,Deltarune,Gallery,,game_midi/Undertale_PC_Deltarune_Gallery.mid
looping_gameplay_bgm,Undertale,PC,Deltarune,Hip Shop,shop,game_midi/Undertale_PC_Deltarune_Hip Shop.mid
ambiguous_other,Undertale,PC,Deltarune,Lancer,,game_midi/Undertale_PC_Deltarune_Lancer.mid
ambiguous_other,Undertale,PC,Deltarune,Lost Girl,,game_midi/Undertale_PC_Deltarune_Lost Girl.mid
looping_gameplay_bgm,Undertale,PC,Deltarune,My Castle Town,"town, castle",game_midi/Undertale_PC_Deltarune_My Castle Town.mid
ambiguous_other,Undertale,PC,Deltarune,Queen,,game_midi/Undertale_PC_Deltarune_Queen.mid
ambiguous_likely_loop,Undertale,PC,Deltarune,Quiet Autumn,autumn,game_midi/Undertale_PC_Deltarune_Quiet Autumn.mid
ambiguous_other,Undertale,PC,Deltarune,Rude Buster,,game_midi/Undertale_PC_Deltarune_Rude Buster.mid
ambiguous_other,Undertale,PC,Deltarune,School,,game_midi/Undertale_PC_Deltarune_School.mid
ambiguous_other,Undertale,PC,Deltarune,THE HOLY,,game_midi/Undertale_PC_Deltarune_THE HOLY.mid
looping_gameplay_bgm,Undertale,PC,Deltarune,THE WORLD REVOLVING,world,game_midi/Undertale_PC_Deltarune_THE WORLD REVOLVING.mid
ambiguous_other,Undertale,PC,Deltarune,The Chase,,game_midi/Undertale_PC_Deltarune_The Chase.mid
ambiguous_other,Undertale,PC,Deltarune,The Circus,,game_midi/Undertale_PC_Deltarune_The Circus.mid
looping_gameplay_bgm,Undertale,PC,Deltarune,Vs Lancer,vs,game_midi/Undertale_PC_Deltarune_Vs Lancer.mid
ambiguous_other,Undertale,PC,Deltarune,You Can Always Come Home,,game_midi/Undertale_PC_Deltarune_You Can Always Come Home.mid
ambiguous_other,Undertale,PC,Undertale,ASGORE,,game_midi/Undertale_PC_Undertale_ASGORE.mid
looping_gameplay_bgm,Undertale,PC,Undertale,Absolutely Overfamiliar Shrine,shrine,game_midi/Undertale_PC_Undertale_Absolutely Overfamiliar Shrine.mid
ambiguous_other,Undertale,PC,Undertale,Alphys,,game_midi/Undertale_PC_Undertale_Alphys.mid
ambiguous_other,Undertale,PC,Undertale,Amalgam,,game_midi/Undertale_PC_Undertale_Amalgam.mid
finite_song_or_cue,Undertale,PC,Undertale,An Ending,ending,game_midi/Undertale_PC_Undertale_An Ending.mid
ambiguous_other,Undertale,PC,Undertale,Another Medium,,game_midi/Undertale_PC_Undertale_Another Medium.mid
ambiguous_other,Undertale,PC,Undertale,Anticipation,,game_midi/Undertale_PC_Undertale_Anticipation.mid
looping_gameplay_bgm,Undertale,PC,Undertale,Battle Against a True Hero,attle!?,game_midi/Undertale_PC_Undertale_Battle Against a True Hero.mid
ambiguous_other,Undertale,PC,Undertale,Bergentruckung,,game_midi/Undertale_PC_Undertale_Bergentruckung.mid
ambiguous_other,Undertale,PC,Undertale,Bird That Carries You Over A Disproportionately Small Gap,,game_midi/Undertale_PC_Undertale_Bird That Carries You Over A Disproportionately Small Gap.mid
ambiguous_other,Undertale,PC,Undertale,Bonetrousle,,game_midi/Undertale_PC_Undertale_Bonetrousle.mid
ambiguous_other,Undertale,PC,Undertale,"Bring It In, Guys!",,"game_midi/Undertale_PC_Undertale_Bring It In, Guys!.mid"
ambiguous_other,Undertale,PC,Undertale,Burn in Despair!,,game_midi/Undertale_PC_Undertale_Burn in Despair!.mid
ambiguous_other,Undertale,PC,Undertale,But the Earth Refused to Die,,game_midi/Undertale_PC_Undertale_But the Earth Refused to Die.mid
ambiguous_other,Undertale,PC,Undertale,CORE Approach,,game_midi/Undertale_PC_Undertale_CORE Approach.mid
ambiguous_other,Undertale,PC,Undertale,CORE,,game_midi/Undertale_PC_Undertale_CORE.mid
ambiguous_other,Undertale,PC,Undertale,"Can You Really Call This A Hotel, I Didnt Receive A Mint On My Pillow Or Anything",,"game_midi/Undertale_PC_Undertale_Can You Really Call This A Hotel, I Didnt Receive A Mint On My Pillow Or Anything.mid"
ambiguous_other,Undertale,PC,Undertale,Chill,,game_midi/Undertale_PC_Undertale_Chill.mid
ambiguous_other,Undertale,PC,Undertale,Confession,,game_midi/Undertale_PC_Undertale_Confession.mid
ambiguous_other,Undertale,PC,Undertale,Dance of Dog,,game_midi/Undertale_PC_Undertale_Dance of Dog.mid
ambiguous_other,Undertale,PC,Undertale,Danger Mystery,,game_midi/Undertale_PC_Undertale_Danger Mystery.mid
looping_gameplay_bgm,Undertale,PC,Undertale,Dating Fight!,fight,game_midi/Undertale_PC_Undertale_Dating Fight!.mid
ambiguous_other,Undertale,PC,Undertale,Dating Start!,,game_midi/Undertale_PC_Undertale_Dating Start!.mid
ambiguous_other,Undertale,PC,Undertale,Dating Tense!,,game_midi/Undertale_PC_Undertale_Dating Tense!.mid
ambiguous_other,Undertale,PC,Undertale,Death Report,,game_midi/Undertale_PC_Undertale_Death Report.mid
ambiguous_other,Undertale,PC,Undertale,Death by Glamour,,game_midi/Undertale_PC_Undertale_Death by Glamour.mid
ambiguous_other,Undertale,PC,Undertale,Determination,,game_midi/Undertale_PC_Undertale_Determination.mid
ambiguous_other,Undertale,PC,Undertale,Dogsong,,game_midi/Undertale_PC_Undertale_Dogsong.mid
ambiguous_other,Undertale,PC,Undertale,Dont Give Up,,game_midi/Undertale_PC_Undertale_Dont Give Up.mid
ambiguous_other,Undertale,PC,Undertale,Dummy!,,game_midi/Undertale_PC_Undertale_Dummy!.mid
ambiguous_other,Undertale,PC,Undertale,Dununn Predummy,,game_midi/Undertale_PC_Undertale_Dununn Predummy.mid
ambiguous_other,Undertale,PC,Undertale,Enemy Approaching,,game_midi/Undertale_PC_Undertale_Enemy Approaching.mid
finite_song_or_cue,Undertale,PC,Undertale,Fallen Down (Reprise),reprise,game_midi/Undertale_PC_Undertale_Fallen Down (Reprise).mid
ambiguous_other,Undertale,PC,Undertale,Fallen Down,,game_midi/Undertale_PC_Undertale_Fallen Down.mid
finite_song_or_cue,Undertale,PC,Undertale,Finale,finale,game_midi/Undertale_PC_Undertale_Finale.mid
ambiguous_other,Undertale,PC,Undertale,For the Fans,,game_midi/Undertale_PC_Undertale_For the Fans.mid
ambiguous_likely_loop,Undertale,PC,Undertale,Gasters Theme,theme,game_midi/Undertale_PC_Undertale_Gasters Theme.mid
looping_gameplay_bgm,Undertale,PC,Undertale,Ghost Fight,fight,game_midi/Undertale_PC_Undertale_Ghost Fight.mid
ambiguous_other,Undertale,PC,Undertale,Ghouliday,,game_midi/Undertale_PC_Undertale_Ghouliday.mid
ambiguous_likely_loop,Undertale,PC,Undertale,Good Night,night,game_midi/Undertale_PC_Undertale_Good Night.mid
ambiguous_other,Undertale,PC,Undertale,Heartache,,game_midi/Undertale_PC_Undertale_Heartache.mid
ambiguous_other,Undertale,PC,Undertale,Here We Are,,game_midi/Undertale_PC_Undertale_Here We Are.mid
ambiguous_likely_loop,Undertale,PC,Undertale,His Theme,theme,game_midi/Undertale_PC_Undertale_His Theme.mid
ambiguous_other,Undertale,PC,Undertale,Hopes and Dreams,,game_midi/Undertale_PC_Undertale_Hopes and Dreams.mid
ambiguous_other,Undertale,PC,Undertale,Hotel,,game_midi/Undertale_PC_Undertale_Hotel.mid
ambiguous_other,Undertale,PC,Undertale,Its Raining Somewhere Else,,game_midi/Undertale_PC_Undertale_Its Raining Somewhere Else.mid
ambiguous_other,Undertale,PC,Undertale,Its Showtime!,,game_midi/Undertale_PC_Undertale_Its Showtime!.mid
ambiguous_other,Undertale,PC,Undertale,Last Goodbye,,game_midi/Undertale_PC_Undertale_Last Goodbye.mid
ambiguous_other,Undertale,PC,Undertale,Live Report,,game_midi/Undertale_PC_Undertale_Live Report.mid
ambiguous_other,Undertale,PC,Undertale,Long Elevator,,game_midi/Undertale_PC_Undertale_Long Elevator.mid
ambiguous_other,Undertale,PC,Undertale,Mad Mew Mew,,game_midi/Undertale_PC_Undertale_Mad Mew Mew.mid
ambiguous_other,Undertale,PC,Undertale,Megalovania,,game_midi/Undertale_PC_Undertale_Megalovania.mid
ambiguous_other,Undertale,PC,Undertale,Memory,,game_midi/Undertale_PC_Undertale_Memory.mid
looping_gameplay_bgm,Undertale,PC,Undertale,Menu (Full),menu,game_midi/Undertale_PC_Undertale_Menu (Full).mid
ambiguous_other,Undertale,PC,Undertale,Metal Crusher,,game_midi/Undertale_PC_Undertale_Metal Crusher.mid
ambiguous_other,Undertale,PC,Undertale,Mysterious Place,,game_midi/Undertale_PC_Undertale_Mysterious Place.mid
looping_gameplay_bgm,Undertale,PC,Undertale,Mysterious Shrine,shrine,game_midi/Undertale_PC_Undertale_Mysterious Shrine.mid
ambiguous_other,Undertale,PC,Undertale,NGAHHH!!,,game_midi/Undertale_PC_Undertale_NGAHHH!!.mid
ambiguous_other,Undertale,PC,Undertale,Nyeh Heh Heh!,,game_midi/Undertale_PC_Undertale_Nyeh Heh Heh!.mid
looping_gameplay_bgm,Undertale,PC,Undertale,Oh! Dungeon,dungeon,game_midi/Undertale_PC_Undertale_Oh! Dungeon.mid
ambiguous_other,Undertale,PC,Undertale,Oh! One True Love,,game_midi/Undertale_PC_Undertale_Oh! One True Love.mid
ambiguous_other,Undertale,PC,Undertale,Once Upon A Time,,game_midi/Undertale_PC_Undertale_Once Upon A Time.mid
looping_gameplay_bgm,Undertale,PC,Undertale,Pathetic House,house,game_midi/Undertale_PC_Undertale_Pathetic House.mid
ambiguous_other,Undertale,PC,Undertale,Power of NEO,,game_midi/Undertale_PC_Undertale_Power of NEO.mid
ambiguous_other,Undertale,PC,Undertale,Premonition,,game_midi/Undertale_PC_Undertale_Premonition.mid
ambiguous_other,Undertale,PC,Undertale,Quiet Water,,game_midi/Undertale_PC_Undertale_Quiet Water.mid
ambiguous_other,Undertale,PC,Undertale,Respite,,game_midi/Undertale_PC_Undertale_Respite.mid
ambiguous_other,Undertale,PC,Undertale,Reunited,,game_midi/Undertale_PC_Undertale_Reunited.mid
looping_gameplay_bgm,Undertale,PC,Undertale,Room of Dog,room,game_midi/Undertale_PC_Undertale_Room of Dog.mid
looping_gameplay_bgm,Undertale,PC,Undertale,Ruins,ruins,game_midi/Undertale_PC_Undertale_Ruins.mid
ambiguous_other,Undertale,PC,Undertale,Run!,,game_midi/Undertale_PC_Undertale_Run!.mid
looping_gameplay_bgm,Undertale,PC,Undertale,SAVE the World,world,game_midi/Undertale_PC_Undertale_SAVE the World.mid
ambiguous_other,Undertale,PC,Undertale,Shes Playing Piano,,game_midi/Undertale_PC_Undertale_Shes Playing Piano.mid
looping_gameplay_bgm,Undertale,PC,Undertale,Shop,shop,game_midi/Undertale_PC_Undertale_Shop.mid
ambiguous_other,Undertale,PC,Undertale,Sigh of Dog,,game_midi/Undertale_PC_Undertale_Sigh of Dog.mid
ambiguous_other,Undertale,PC,Undertale,Snore Symphony,,game_midi/Undertale_PC_Undertale_Snore Symphony.mid
looping_gameplay_bgm,Undertale,PC,Undertale,Snowdin Town,town,game_midi/Undertale_PC_Undertale_Snowdin Town.mid
ambiguous_other,Undertale,PC,Undertale,Snowy,,game_midi/Undertale_PC_Undertale_Snowy.mid
looping_gameplay_bgm,Undertale,PC,Undertale,Song That Might Play When You Fight Sans,fight,game_midi/Undertale_PC_Undertale_Song That Might Play When You Fight Sans.mid
ambiguous_other,Undertale,PC,Undertale,Spear of Justice (Beta),,game_midi/Undertale_PC_Undertale_Spear of Justice (Beta).mid
ambiguous_other,Undertale,PC,Undertale,Spear of Justice,,game_midi/Undertale_PC_Undertale_Spear of Justice.mid
ambiguous_other,Undertale,PC,Undertale,Spider Dance,,game_midi/Undertale_PC_Undertale_Spider Dance.mid
ambiguous_other,Undertale,PC,Undertale,Spooktune Spookwave,,game_midi/Undertale_PC_Undertale_Spooktune Spookwave.mid
ambiguous_other,Undertale,PC,Undertale,Star,,game_midi/Undertale_PC_Undertale_Star.mid
looping_gameplay_bgm,Undertale,PC,Undertale,Start Menu,menu,game_midi/Undertale_PC_Undertale_Start Menu.mid
ambiguous_other,Undertale,PC,Undertale,Stronger Monsters,,game_midi/Undertale_PC_Undertale_Stronger Monsters.mid
looping_gameplay_bgm,Undertale,PC,Undertale,Tem Shop,shop,game_midi/Undertale_PC_Undertale_Tem Shop.mid
looping_gameplay_bgm,Undertale,PC,Undertale,Temmie Village,village,game_midi/Undertale_PC_Undertale_Temmie Village.mid
ambiguous_other,Undertale,PC,Undertale,The Choice,,game_midi/Undertale_PC_Undertale_The Choice.mid
ambiguous_other,Undertale,PC,Undertale,Thundersnail,,game_midi/Undertale_PC_Undertale_Thundersnail.mid
ambiguous_other,Undertale,PC,Undertale,Undertale,,game_midi/Undertale_PC_Undertale_Undertale.mid
ambiguous_other,Undertale,PC,Undertale,Undyne,,game_midi/Undertale_PC_Undertale_Undyne.mid
ambiguous_other,Undertale,PC,Undertale,Uwa!! So HEATS!!,,game_midi/Undertale_PC_Undertale_Uwa!! So HEATS!!.mid
ambiguous_other,Undertale,PC,Undertale,Uwa!! So Holiday,,game_midi/Undertale_PC_Undertale_Uwa!! So Holiday.mid
ambiguous_other,Undertale,PC,Undertale,Uwa!! So Temperate,,game_midi/Undertale_PC_Undertale_Uwa!! So Temperate.mid
ambiguous_other,Undertale,PC,Undertale,Waterfall,,game_midi/Undertale_PC_Undertale_Waterfall.mid
ambiguous_other,Undertale,PC,Undertale,Wrong Enemy!?,,game_midi/Undertale_PC_Undertale_Wrong Enemy!?.mid
ambiguous_other,Undertale,PC,Undertale,You Idiot,,game_midi/Undertale_PC_Undertale_You Idiot.mid
ambiguous_other,Undertale,PC,Undertale,Your Best Friend,,game_midi/Undertale_PC_Undertale_Your Best Friend.mid
ambiguous_other,Undertale,PC,Undertale,Your Best Nightmare,,game_midi/Undertale_PC_Undertale_Your Best Nightmare.mid
ambiguous_other,Undertale,PC,Undertale,sans,,game_midi/Undertale_PC_Undertale_sans.mid
ambiguous_other,Xeno,Nintendo Switch,Xenoblade Chronicles 2 Torna The Golden Country,The Beginning of Our Memory,,game_midi/Xeno_Nintendo Switch_Xenoblade Chronicles 2 Torna The Golden Country_The Beginning of Our Memory.mid
ambiguous_other,Xeno,Nintendo Switch,Xenoblade Chronicles 2,Desolation,,game_midi/Xeno_Nintendo Switch_Xenoblade Chronicles 2_Desolation.mid
ambiguous_other,Xeno,Nintendo Switch,Xenoblade Chronicles 2,Friendship,,game_midi/Xeno_Nintendo Switch_Xenoblade Chronicles 2_Friendship.mid
ambiguous_other,Xeno,Nintendo Switch,Xenoblade Chronicles 2,Garfont Mercenaries,,game_midi/Xeno_Nintendo Switch_Xenoblade Chronicles 2_Garfont Mercenaries.mid
looping_gameplay_bgm,Xeno,Nintendo Switch,Xenoblade Chronicles 2,Land of Morytha,land,game_midi/Xeno_Nintendo Switch_Xenoblade Chronicles 2_Land of Morytha.mid
ambiguous_other,Xeno,Nintendo Switch,Xenoblade Chronicles 2,Loneliness,,game_midi/Xeno_Nintendo Switch_Xenoblade Chronicles 2_Loneliness.mid
looping_gameplay_bgm,Xeno,Nintendo Switch,Xenoblade Chronicles 2,Our Eternal Land,land,game_midi/Xeno_Nintendo Switch_Xenoblade Chronicles 2_Our Eternal Land.mid
looping_gameplay_bgm,Xeno,Nintendo Switch,Xenoblade Chronicles 2,Sea of Clouds,sea,game_midi/Xeno_Nintendo Switch_Xenoblade Chronicles 2_Sea of Clouds.mid
ambiguous_other,Xeno,Nintendo Switch,Xenoblade Chronicles 2,Spirit Crucible Elpys,,game_midi/Xeno_Nintendo Switch_Xenoblade Chronicles 2_Spirit Crucible Elpys.mid
ambiguous_other,Xeno,Nintendo Switch,Xenoblade Chronicles 2,Tiger! Tiger!,,game_midi/Xeno_Nintendo Switch_Xenoblade Chronicles 2_Tiger! Tiger!.mid
ambiguous_other,Xeno,Nintendo Switch,Xenoblade Chronicles 2,Where We Used to Be,,game_midi/Xeno_Nintendo Switch_Xenoblade Chronicles 2_Where We Used to Be.mid
ambiguous_other,Xeno,Nintendo Switch,Xenoblade Chronicles Definitive Edition,Beyond the Sky (Acoustic Arrangement),,game_midi/Xeno_Nintendo Switch_Xenoblade Chronicles Definitive Edition_Beyond the Sky (Acoustic Arrangement).mid
looping_gameplay_bgm,Xeno,PS1,Xenogears,Bonds of Sea and Fire_0,sea,game_midi/Xeno_PS1_Xenogears_Bonds of Sea and Fire_0.mid
ambiguous_likely_loop,Xeno,PS1,Xenogears,Gathering Stars In the Night Sky_0,night,game_midi/Xeno_PS1_Xenogears_Gathering Stars In the Night Sky_0.mid
ambiguous_other,Xeno,PS1,Xenogears,Knight of Fire_0,,game_midi/Xeno_PS1_Xenogears_Knight of Fire_0.mid
ambiguous_other,Xeno,PS1,Xenogears,Lost Broken Shards_0,,game_midi/Xeno_PS1_Xenogears_Lost Broken Shards_0.mid
looping_gameplay_bgm,Xeno,PS1,Xenogears,Ship of Regret and Sleep_0,ship,game_midi/Xeno_PS1_Xenogears_Ship of Regret and Sleep_0.mid
ambiguous_other,Xeno,PS1,Xenogears,Tears of the Stars Hearts of the People_0,,game_midi/Xeno_PS1_Xenogears_Tears of the Stars Hearts of the People_0.mid
ambiguous_other,Xeno,PS1,Xenogears,The Wounded Shall Advance Into the Light_0,,game_midi/Xeno_PS1_Xenogears_The Wounded Shall Advance Into the Light_0.mid
ambiguous_other,Xeno,PS1,Xenogears,Treasure Which Cannot Be Stolen_0,,game_midi/Xeno_PS1_Xenogears_Treasure Which Cannot Be Stolen_0.mid
ambiguous_other,Xeno,PS1,Xenogears,Two Pieces_0,,game_midi/Xeno_PS1_Xenogears_Two Pieces_0.mid
looping_gameplay_bgm,Xeno,PS1,Xenogears,Valley Where the Wind Is Born_0,valley,game_midi/Xeno_PS1_Xenogears_Valley Where the Wind Is Born_0.mid
ambiguous_other,Xeno,PlayStation 2,Xenosaga Episode I Der Wille zur Macht,UMNMODE,,game_midi/Xeno_PlayStation 2_Xenosaga Episode I Der Wille zur Macht_UMNMODE.mid
ambiguous_other,Xeno,Wii U,Xenoblade Chronicles X,PianoX1,,game_midi/Xeno_Wii U_Xenoblade Chronicles X_PianoX1.mid
ambiguous_other,Xeno,Wii U,Xenoblade Chronicles X,PianoX2,,game_midi/Xeno_Wii U_Xenoblade Chronicles X_PianoX2.mid
ambiguous_other,Xeno,Wii U,Xenoblade Chronicles X,PianoX3,,game_midi/Xeno_Wii U_Xenoblade Chronicles X_PianoX3.mid
ambiguous_likely_loop,Xeno,Wii,Xenoblade Chronicles,"Agniratha, Mechonis Capital (Night)",night,"game_midi/Xeno_Wii_Xenoblade Chronicles_Agniratha, Mechonis Capital (Night).mid"
ambiguous_other,Xeno,Wii,Xenoblade Chronicles,"Agniratha, Mechonis Capital",,"game_midi/Xeno_Wii_Xenoblade Chronicles_Agniratha, Mechonis Capital.mid"
ambiguous_other,Xeno,Wii,Xenoblade Chronicles,An Obstacle in Our Path,,game_midi/Xeno_Wii_Xenoblade Chronicles_An Obstacle in Our Path.mid
ambiguous_likely_loop,Xeno,Wii,Xenoblade Chronicles,Colony 9 (Night),night,game_midi/Xeno_Wii_Xenoblade Chronicles_Colony 9 (Night).mid
ambiguous_other,Xeno,Wii,Xenoblade Chronicles,Engage the Enemy,,game_midi/Xeno_Wii_Xenoblade Chronicles_Engage the Enemy.mid
looping_gameplay_bgm,Xeno,Wii,Xenoblade Chronicles,Eryth Sea,sea,game_midi/Xeno_Wii_Xenoblade Chronicles_Eryth Sea.mid
ambiguous_other,Xeno,Wii,Xenoblade Chronicles,Gaur Plain,,game_midi/Xeno_Wii_Xenoblade Chronicles_Gaur Plain.mid
ambiguous_other,Xeno,Wii,Xenoblade Chronicles,Hometown,,game_midi/Xeno_Wii_Xenoblade Chronicles_Hometown.mid
ambiguous_other,Xeno,Wii,Xenoblade Chronicles,In the Refugee Camp,,game_midi/Xeno_Wii_Xenoblade Chronicles_In the Refugee Camp.mid
ambiguous_likely_loop,Xeno,Wii,Xenoblade Chronicles,Main Theme,theme,game_midi/Xeno_Wii_Xenoblade Chronicles_Main Theme.mid
ambiguous_other,Xeno,Wii,Xenoblade Chronicles,Mechanical Rhythm,,game_midi/Xeno_Wii_Xenoblade Chronicles_Mechanical Rhythm.mid
looping_gameplay_bgm,Xeno,Wii,Xenoblade Chronicles,Mechonis Field,field,game_midi/Xeno_Wii_Xenoblade Chronicles_Mechonis Field.mid
ambiguous_other,Xeno,Wii,Xenoblade Chronicles,Rikis Kindness,,game_midi/Xeno_Wii_Xenoblade Chronicles_Rikis Kindness.mid
ambiguous_other,Xeno,Wii,Xenoblade Chronicles,The God-Slaying Sword,,game_midi/Xeno_Wii_Xenoblade Chronicles_The God-Slaying Sword.mid
looping_gameplay_bgm,Xeno,Wii,Xenoblade Chronicles,Valak Mountain (Night),mountain,game_midi/Xeno_Wii_Xenoblade Chronicles_Valak Mountain (Night).mid
looping_gameplay_bgm,Xeno,Wii,Xenoblade Chronicles,Valak Mountain,mountain,game_midi/Xeno_Wii_Xenoblade Chronicles_Valak Mountain.mid
ambiguous_other,Xeno,Wii,Xenoblade Chronicles,You Will Know Our Names,,game_midi/Xeno_Wii_Xenoblade Chronicles_You Will Know Our Names.mid
ambiguous_other,Xeno,Wii,Xenoblade Chronicles,Zanza the Divine,,game_midi/Xeno_Wii_Xenoblade Chronicles_Zanza the Divine.mid
