genre,file,rhythmic_entropy,rhythmic_repetition,pitch_entropy,chord_diversity,rhythm_repeat_rate,same_rhythm_diff_chord_rate,same_rhythm_diff_pitch_rate
classical,haydn_43_1.mid,2.5820850846257417,0.925531914893617,2.1292678467623274,0.002382654276864427,0.0,,
classical,ty_august.mid,2.098325314398464,0.8814326883491148,2.229881770865208,0.008949252474205097,0.0,,
classical,muss_2.mid,4.02158575213731,0.3428362573099415,2.0478612315920173,0.003125637018414079,0.0547945205479452,0.0,0.0
classical,waldstein_1.mid,2.556093117490575,0.9403942610521404,2.3998430500835206,0.004640783920573064,0.012903225806451613,0.7272727272727273,0.7272727272727273
classical,schumm-1.mid,3.415352491903681,0.9455370650529501,2.1386279404649877,0.003592679914673852,0.05970149253731343,0.0,0.0
classical,chpn_op23.mid,3.9502738199899303,0.7190049751243781,2.389069968803395,0.008248683917846816,0.0,,
classical,chpn-p19.mid,0.3711542394211976,0.9918962722852512,2.247736261165488,0.023335826477187734,0.0,,
classical,chpn_op7_2.mid,3.1030403630675236,0.7641196013289037,2.3475704306301375,0.005065982863218463,0.1,0.0,0.0
classical,chpn-p18.mid,2.9192132803979507,0.887719298245614,2.3223842991685757,0.01971954425942156,0.0,,
classical,mendel_op19_1.mid,2.278474258791909,0.8083700440528634,2.175462962507737,0.006916814592642468,0.0,,
classical,grieg_kobold.mid,0.7921372306816746,0.9993089149965446,2.4094737988907995,0.00793368857312019,0.0,,
classical,muss_3.mid,3.1981300148285876,0.5938271604938271,2.2525368606070315,0.009491839333256164,0.0,,
classical,haydn_43_2.mid,2.7997476484599413,0.8242280285035629,2.016033552584357,0.0032932320720478526,0.05263157894736842,0.0,0.0
classical,muss_1.mid,3.632609590542091,0.7344222625529341,2.3617957870058834,0.005348104288033616,0.0,,
classical,burg_sylphen.mid,3.16268002192197,0.8895405669599218,2.128925358727468,0.008124499370637374,0.0,,
classical,waldstein_2.mid,3.724588401852402,0.3346938775510204,2.2999492310195047,0.0025593110172245693,0.0,,
classical,burg_quelle.mid,2.1293221231089445,0.8902877697841727,1.8594831848416948,0.00830849814864987,0.0,,
classical,mendel_op19_3.mid,2.42887470880005,0.866303436714166,2.0173380898385638,0.005885344764949502,0.0,,
classical,schub_d960_4.mid,2.3407915109410613,0.9524748923959828,2.365469757372106,0.006136756048345156,0.01652892561983471,0.4,0.4
classical,chpn_op7_1.mid,3.13401012940549,0.8058727569331158,2.1284972703879705,0.004183179216204315,0.0,,
classical,schum_abegg.mid,3.352067295292534,0.7301389383683649,2.335725983633986,0.013401283503208758,0.0,,
classical,gra_esp_4.mid,3.6693623480373625,0.8629550321199143,2.024754832127345,0.003506038176860148,0.056338028169014086,0.25,0.25
classical,islamei.mid,2.8383684379702396,0.857693743002861,2.4360060694915786,0.01283992489855248,0.0,,
classical,mendel_op19_2.mid,2.7528929446444383,0.5747126436781609,2.128737202285456,0.006117479360931283,0.0,,
classical,schumm-3.mid,3.3057029050553663,0.671090047393365,2.1117365530998646,0.009095260890378171,0.0,,
classical,waldstein_3.mid,2.726904381649375,0.9380266376732808,2.2477851343567523,0.00358075732152433,0.0,,
classical,haydn_8_4.mid,1.5266198700447964,0.916030534351145,1.7841204985730355,0.0049504950495049506,0.0,,
classical,haydn_43_3.mid,2.6850134403306885,0.8813781072830353,2.1411993815506984,0.0027692708672704762,0.05194805194805195,0.0,0.0
classical,muss_4.mid,2.3610302909265197,0.736949846468782,2.15608824600382,0.0022585438335809807,0.0,,
classical,bach_847.mid,2.329212663851579,0.8593919652551575,2.24004451999819,0.008695652173913044,0.0425531914893617,0.4,0.4
classical,scn68_10.mid,2.047342988477649,0.8108882521489972,1.8385121455962476,0.004208416833667334,0.0,,
classical,ty_dezember.mid,2.475966299141318,0.8933177022274326,2.3276898898315252,0.006886705299403712,0.0,,
classical,scn15_10.mid,3.2711032248452305,0.7146892655367232,2.0733905155567247,0.009726848767488342,0.0,,
classical,chpn-p23.mid,1.7749675887292506,0.9158699808795411,1.9348635494834412,0.011921047488762947,0.0,,
classical,chpn-p9.mid,3.524079472988787,0.3951219512195122,2.376752744439007,0.009205208801077683,0.0,,
classical,burg_perlen.mid,2.138925056458542,0.9092805005213764,1.9647578697544252,0.010264979708761042,0.0,,
classical,scn16_8.mid,3.0305419304050165,0.7455089820359282,2.2901824816044956,0.005629082158817463,0.0,,
classical,chpn-p22.mid,2.3871729228882996,0.7232,2.2925041769059655,0.016866291860180883,0.0,,
classical,liz_rhap09.mid,3.3405553049459935,0.8412253010639542,2.3347430453919307,0.004203080144014972,0.0,,
classical,haydn_8_1.mid,2.8883050080233317,0.9385290889132821,1.9700809751907298,0.0035977105478331973,0.0,,
classical,scn15_11.mid,3.012917289052161,0.7798657718120805,2.1248895140918793,0.00692901032814747,0.0,,
classical,bach_846.mid,3.4295930030683897,0.5199063231850117,2.155431635327936,0.006561737973841721,0.10909090909090909,0.5888888888888889,0.5888888888888889
classical,muss_5.mid,2.3581988510893885,0.8748148148148148,2.3268994537495136,0.007704622773664198,0.0,,
classical,muss_7.mid,2.8405820575292995,0.8531043593130779,2.3225474867995457,0.005280181350731208,0.0,,
classical,bach_850.mid,2.1790092463855593,0.874,2.1948896092205277,0.01063768283517373,0.11904761904761904,0.1527777777777778,0.1527777777777778
classical,scn15_13.mid,3.8987247871429243,0.20085470085470086,2.286178040020384,0.007800891530460624,0.0,,
classical,haydn_8_3.mid,3.2785546530406773,0.7478005865102639,1.9731231462153738,0.003969604173755245,0.0,,
classical,schumm-4.mid,3.169534671398658,0.8016622591613147,2.2115790977299836,0.003912565478885081,0.02631578947368421,0.09999999999999998,0.09999999999999998
classical,chpn-p20.mid,3.052431451087144,0.48056537102473496,2.1916127488129686,0.004358028830036876,0.0,,
classical,schub_d960_2.mid,3.940821393614705,0.6228146853146853,2.3462051821921706,0.003922793184878706,0.015873015873015872,0.4,0.4
classical,alb_se8.mid,3.1992405202027445,0.8732845379688929,2.1739976656723234,0.004991311420859985,0.05970149253731343,0.0,0.0
classical,gra_esp_2.mid,2.4938265331354357,0.8014285714285714,2.0412965970805885,0.005014464802314368,0.0,,
classical,liz_et_trans8.mid,3.030996637190619,0.9172479391249208,2.4462692071684877,0.008080345459303848,0.0,,
classical,gra_esp_3.mid,2.579675112140082,0.9443757725587144,2.0290661003060473,0.00440154849657952,0.0,,
classical,grieg_halling.mid,2.7212774523149883,0.7331670822942643,1.971564382379063,0.005294117647058823,0.0,,
classical,schub_d960_3.mid,1.9462265077953507,0.9647058823529412,2.3643627179560482,0.006765783236371472,0.0,,
classical,chpn-p21.mid,2.3466637542219106,0.7154285714285714,2.346124249566446,0.014548526375070396,0.0,,
classical,schumm-5.mid,1.4385301701605326,0.983196897888841,2.263808418403642,0.00669960639812411,0.0,,
classical,mendel_op19_4.mid,3.5290517502748755,0.4680483592400691,1.8785596814668992,0.00585236926562205,0.0,,
classical,scn15_12.mid,3.5726757714347057,0.41849148418491483,2.044328255503532,0.006399069226294357,0.0,,
classical,scn68_12.mid,1.6716315215492046,0.9025454545454545,2.2667198640201964,0.005267459812914359,0.0,,
classical,muss_6.mid,3.5221111650835955,0.749112426035503,1.9763205315198675,0.0045144874004760735,0.0,,
classical,ty_november.mid,2.913366089305095,0.903731746890211,2.250730150302967,0.007453837032017618,0.0,,
classical,chp_op18.mid,3.0744708943362262,0.8533544877606528,2.238422972529827,0.00612448828288689,0.0,,
classical,chpn_op35_4.mid,1.170808596853559,0.9960159362549801,2.402278485451561,0.012083485902599781,0.2857142857142857,0.11111111111111112,0.11111111111111112
classical,mz_570_1.mid,2.5599419963756107,0.9785731677623569,2.248161772893366,0.004600260471369155,0.0,,
classical,chpn_op33_2.mid,3.218304916196498,0.7046632124352331,2.171893466265799,0.009023503077783995,0.0,,
classical,chp_op31.mid,3.621331094006347,0.8588648920140632,2.3696302685267363,0.006268015708730727,0.0,,
classical,mz_570_2.mid,3.539470160989702,0.8086513994910941,2.2601888732541653,0.003674771702057432,0.0,,
classical,chpn_op25_e4.mid,1.6052085320318252,0.9055851063829787,2.2664901773827366,0.014337349397590361,0.0,,
classical,burg_erwachen.mid,1.1873669236995885,0.9342387419585418,2.108338096784621,0.007209062821833162,0.0,,
classical,mz_570_3.mid,2.457497596713729,0.8884835852006253,2.175527652280377,0.006591431139518626,0.0,,
classical,schuim-4.mid,2.7073682113579616,0.9702433047435673,2.2610601926514122,0.002809390029046236,0.0,,
classical,mendel_op62_3.mid,3.242086089493194,0.7928286852589641,1.9871915829445674,0.0037172689006723884,0.0,,
classical,ty_april.mid,2.7307417364894597,0.783625730994152,2.2691346422385306,0.008872976338729764,0.0,,
classical,scn15_8.mid,3.4002431715807475,0.6003976143141153,2.1308844204551716,0.006841664339569953,0.0,,
classical,grieg_walzer.mid,3.0859151956536093,0.7948717948717948,2.1112314525942586,0.004563658377572879,0.0,,
classical,beethoven_opus10_2.mid,4.246717682090013,0.495350278983261,2.174877573433694,0.0037826154083680716,0.020833333333333332,0.33333333333333337,0.33333333333333337
classical,haydn_9_3.mid,1.6735702286325473,0.9005964214711729,1.788564929460343,0.00594883997620464,0.0,,
classical,chpn_op25_e1.mid,1.2220894286022803,0.9549346552501127,2.1345898877884166,0.01447085950544645,0.0,,
classical,liz_donjuan.mid,3.5482980334832064,0.8165137614678899,2.443750282443533,0.005717055222005717,0.0,,
classical,grieg_butterfly.mid,1.9054908960638555,0.9443254817987152,2.327184679882755,0.005471250129038918,0.0,,
classical,chpn_op33_4.mid,3.504308289943595,0.8603145235892692,2.4098110813418656,0.00367600456331601,0.0,,
classical,chpn_op53.mid,3.275175446518577,0.8583236898660935,2.3680539129332576,0.009134751773049645,0.0,,
classical,haydn_9_2.mid,2.275776881419076,0.9432989690721649,2.069377008087795,0.003474471468111419,0.0,,
classical,beethoven_opus10_3.mid,2.2840903601779083,0.9330195510499638,2.2669392922518097,0.005807254459141817,0.0,,
classical,ty_maerz.mid,4.151200561352713,0.4797979797979798,2.0041518874585944,0.005836028687948249,0.0,,
classical,elise.mid,2.560024813156933,0.8005780346820809,2.0787796865634256,0.005253940455341506,0.0,,
classical,scn15_9.mid,1.9275501977939697,0.9165154264972777,1.913537927635274,0.01260173273825151,0.0,,
classical,schuim-1.mid,2.5680542027811626,0.8740442655935614,2.2313778356439466,0.0047893550624133144,0.0,,
classical,chpn_op35_3.mid,3.5621153021580145,0.9208261617900172,2.0351808371337565,0.0027759888072131293,0.036036036036036036,0.6904761904761905,0.6904761904761905
classical,ty_februar.mid,2.6319021638791127,0.9439203354297694,2.3632520436037048,0.0119393751933189,0.0,,
classical,mendel_op62_4.mid,2.9787837984376253,0.6350267379679144,1.872309035523817,0.007982969664715274,0.0,,
classical,chpn_op35_1.mid,3.08688673261065,0.8989484940295848,2.421030548192674,0.006856822410848564,0.02040816326530612,0.2222222222222222,0.2222222222222222
classical,schuim-3.mid,2.289773560287853,0.8325635103926097,2.218802126676517,0.004525151081657081,0.0,,
classical,beethoven_opus10_1.mid,2.890023414103018,0.9609892023685127,2.2558651714615037,0.003935096460968442,0.08163265306122448,0.35277777777777786,0.35277777777777786
classical,chpn_op25_e2.mid,1.9741004965281554,0.9058333333333334,2.2207999525925777,0.02185669220369536,0.09090909090909091,0.16666666666666663,0.16666666666666663
classical,grieg_wanderer.mid,3.8040680424372124,0.6342042755344418,2.1732382551323797,0.004142828960347208,0.0,,
classical,hay_40_2.mid,2.272693726743145,0.9315127871694842,2.1834762215124885,0.005799040927846549,0.0,,
classical,chpn_op25_e3.mid,2.334013393102575,0.8928994082840237,2.352020531455633,0.016596316193399848,0.0,,
classical,haydn_9_1.mid,2.936844418974287,0.9131652661064426,1.9293148748625488,0.0027162557459256163,0.0,,
classical,schuim-2.mid,2.520333551610131,0.9003184713375796,2.3503033111003058,0.006507431782888412,0.0,,
classical,mendel_op62_5.mid,2.815048866522133,0.6584107327141383,2.121672502319315,0.005294718040316408,0.0,,
classical,appass_2.mid,3.6661839098745723,0.7350859453993933,1.9628513027651406,0.002271006813020439,0.0,,
classical,grieg_album.mid,3.014751257265884,0.9855167873601053,2.3522351109979107,0.0074383261090597745,0.0,,
classical,brahms_opus1_4.mid,3.3303471026137283,0.7984167893961709,2.2961599610274654,0.005309436863348068,0.0,,
classical,mendel_op53_5.mid,3.0870960300089942,0.7512465373961219,2.0871160778455855,0.008138688546284656,0.0,,
classical,mz_545_1.mid,2.037287063364209,0.9940981187753597,2.159297327740137,0.0053613142879025775,0.0,,
classical,haydn_7_3.mid,2.2073788328805195,0.8989424206815512,1.9418921339007646,0.0036508463325589115,0.0,,
classical,mz_332_3.mid,2.192142000465482,0.9843297564299097,2.2589375146813917,0.0031529698942229455,0.0,,
classical,mz_330_1.mid,2.6597669207213785,0.9668832529867952,2.0937707210502854,0.0023988396310621837,0.0,,
classical,mz_332_2.mid,3.2005241874936017,0.6784682080924855,2.224231916566685,0.005087705976156124,0.0,,
classical,haydn_7_2.mid,2.5927291129819547,0.8711734693877551,2.1130722578051615,0.0035145603213312293,0.0,,
classical,grieg_voeglein.mid,2.492111260202475,0.9516685845799769,2.201398200381356,0.006149279050042409,0.0,,
classical,grieg_spring.mid,2.6020708981926512,0.7436845348120764,2.218362644063944,0.0058997050147492625,0.0,,
classical,chpn_op10_e12.mid,2.5116361208441798,0.7707434052757793,2.270845441693518,0.01895358893052753,0.0,,
classical,grieg_berceuse.mid,4.263219164079921,0.6550264550264551,2.2755118532156557,0.005738428553411527,0.0,,
classical,appass_1.mid,3.237996412980006,0.8832758079698776,2.3258076175499944,0.002415502156059332,0.014285714285714285,0.30000000000000004,0.30000000000000004
classical,scn15_4.mid,3.459107838599553,0.24423963133640553,2.269005596753206,0.008610658599022573,0.0,,
classical,ty_januar.mid,3.7004017577254915,0.6527871054398925,2.3841248901059857,0.006614509246088193,0.0,,
classical,mendel_op30_5.mid,2.6246474309534586,0.8488458674609084,2.2347371206053035,0.016384731201842175,0.0,,
classical,mz_330_2.mid,4.091096573739243,0.706199460916442,2.2449356164524796,0.002595287771614676,0.0,,
classical,schubert_D935_4.mid,2.5648469545195027,0.9068699102109,2.3187607774085657,0.005112960760998811,0.0,,
classical,grieg_brooklet.mid,0.6857964152340482,0.9746666666666667,2.2611661310831623,0.010565494056909593,0.0,,
classical,haydn_7_1.mid,2.301875213611649,0.8330019880715706,1.9154713929658038,0.005233111322549952,0.0,,
classical,mz_332_1.mid,2.5585285545056653,0.9863985807214666,2.2722629998465718,0.003048780487804878,0.0,,
classical,mz_545_3.mid,2.081115040760718,0.8507306889352818,2.1374650980870245,0.009021979076686823,0.0,,
classical,mendel_op30_4.mid,1.7258533286779565,0.9365708622398414,2.2862386258612952,0.008683158420789604,0.0,,
classical,schub_d760_4.mid,2.3926520361154746,0.9150055370985604,2.312402847527469,0.009551191462404367,0.0,,
classical,scn15_5.mid,2.6518379808102424,0.7842261904761905,2.1990049135504264,0.014782326185834957,0.0,,
classical,ty_juli.mid,2.8952388194736245,0.8105849582172702,2.0876705003024827,0.007954043305346884,0.0,,
classical,grieg_once_upon_a_time.mid,3.5687767530494168,0.9483747609942639,2.376435406599205,0.0035989516097484644,0.19047619047619047,0.0,0.0
classical,beethoven_les_adieux_3.mid,1.7149059138410476,0.9487612612612613,2.233612288901893,0.0053226879574184965,0.0,,
classical,chpn_op10_e01.mid,0.6901241041551216,0.9220389805097451,2.2398119830091674,0.01093876087151439,0.0,,
classical,brahms_opus1_2.mid,4.013782733539626,0.6375252185608608,2.269712871893521,0.005134015508267535,0.0,,
classical,schubert_D935_1.mid,2.7531857639257398,0.9543707973102786,2.3515285946836135,0.0033448718447357164,0.015503875968992248,0.33333333333333337,0.33333333333333337
classical,chpn_op66.mid,2.554832049051288,0.942894650475878,2.2229156855355012,0.007360711292497176,0.0,,
classical,brahms_opus1_3.mid,2.851861776431873,0.9263548951048951,2.4095865315382365,0.004740453616887539,0.0,,
classical,mendel_op30_1.mid,2.835910135488057,0.7226890756302521,2.2050334138433945,0.004752999844163939,0.0,,
classical,mond_1.mid,3.935901776017892,0.147239263803681,2.2208533114677214,0.0024310735399745843,0.0,,
classical,schub_d760_1.mid,3.163278871334182,0.8710853710853711,2.441035915638429,0.008338313554739747,0.0,,
classical,burg_geschwindigkeit.mid,1.476445343922481,0.9243876464323749,2.2052442050886056,0.01309255079006772,0.0,,
classical,beethoven_les_adieux_2.mid,3.446352450789153,0.6728323699421965,2.381376920251529,0.00697245591794399,0.045454545454545456,0.7272727272727273,0.7272727272727273
classical,liz_liebestraum.mid,3.6058322196551083,0.4652519893899204,2.39103679366065,0.007540863326947377,0.0,,
classical,grieg_march.mid,2.3763895805351436,0.9532967032967034,2.1542966867438818,0.004817009024970932,0.0,,
classical,schubert_D850_2.mid,3.9516762156333165,0.6670569867291178,2.340045617366899,0.0033539305422463075,0.0,,
classical,schub_d760_3.mid,3.1253186369876578,0.83188484519283,2.376109481571752,0.008661021536558016,0.0,,
classical,mond_3.mid,2.1431572722247223,0.9357306809487376,2.2115041224827703,0.004069696600463019,0.0,,
classical,brahms_opus1_1.mid,3.771977272249806,0.7912123155869147,2.401733721603375,0.004596229927856644,0.26744186046511625,0.046376811594202906,0.046376811594202906
classical,pathetique_2.mid,3.7572148526562543,0.7313797313797313,2.2197694536119488,0.0035851725158701445,0.0,,
classical,schubert_D935_2.mid,3.37973941696295,0.9480234260614934,2.173453500110921,0.0019857859531772575,0.041666666666666664,0.0,0.0
classical,pathetique_3.mid,2.6348595001097457,0.8720735785953178,2.2462180218768375,0.00639700432967976,0.0,,
classical,mendel_op30_2.mid,2.6659213597313043,0.883538633818589,2.128971168113154,0.007569047427329093,0.0,,
classical,mond_2.mid,2.912482486779183,0.7474860335195531,2.083193614470782,0.004434053531118994,0.0,,
classical,schubert_D850_3.mid,3.471525387301289,0.9708301008533747,2.3606696490067702,0.0028200989695110054,0.0,,
classical,beethoven_les_adieux_1.mid,2.936208653253624,0.8683812405446294,2.224598906658907,0.004883754934932007,0.0,,
classical,scn15_3.mid,1.7254088343398306,0.906801007556675,2.139664168538767,0.017543859649122806,0.0,,
classical,burg_gewitter.mid,2.4359371526046987,0.8428745432399513,2.026328005089291,0.011614401858304297,0.0,,
classical,schu_143_2.mid,3.8749734837816656,0.6570121951219512,2.3534835226259583,0.007063082152474286,0.0,,
classical,haydn_33_1.mid,2.7542124819692657,0.9200301772915881,2.2003648018658297,0.003191206453328606,0.0,,
classical,mz_331_2.mid,2.85434607350792,0.9566840926064227,2.2095025649605295,0.0030358559199190438,0.0,,
classical,bor_ps1.mid,3.6550310349552175,0.5337423312883436,2.0815803069185095,0.004487080303264738,0.03076923076923077,0.6,0.6
classical,beethoven_opus22_1.mid,2.063466126146918,0.9731970690320093,2.2604436269018464,0.005229968470046544,0.02,0.25,0.25
classical,chpn-p10.mid,2.7127610449083224,0.6614420062695925,2.042586221060624,0.02099400171379606,0.0,,
classical,chpn_op25_e12.mid,0.5297130054551691,0.9889775750665146,2.1382173187893834,0.00913374411018485,0.11764705882352941,0.375,0.375
classical,alb_se4.mid,3.4508786486814804,0.7245358755644756,2.2477003983600685,0.010668368742591411,0.0,,
classical,scn16_6.mid,4.5045467138604955,0.23937677053824363,2.239148207126786,0.005036743456361985,0.0,,
classical,brahms_opus117_1.mid,4.163605841053601,0.5924657534246576,2.17035846253589,0.004323028299487775,0.0,,
classical,liz_et2.mid,3.668156216369704,0.8302441894674905,2.373263009846266,0.008237025901218328,0.0,,
classical,ty_mai.mid,3.538761945520884,0.758,2.2900261441915637,0.007780507780507781,0.0,,
classical,liz_et_trans5.mid,2.289983613641459,0.895223073456512,2.4456037595782707,0.01974086921036523,0.0,,
classical,liz_et_trans4.mid,3.1367623816016614,0.9072632026051253,2.4264575989729535,0.00844207723035952,0.021505376344086023,0.2222222222222222,0.2222222222222222
classical,liz_et3.mid,2.9461934234555214,0.8471383723738227,2.1876724361255238,0.008910931010846336,0.0,,
classical,chpn-p7.mid,3.193362130838593,0.25,2.014547771704366,0.008914100486223663,0.0,,
classical,alb_se5.mid,1.7234404245814963,0.93353705118411,1.7431537613783437,0.00438784599650292,0.05333333333333334,0.30952380952380953,0.30952380952380953
classical,debussy_cc_6.mid,2.602594871081122,0.8458588957055214,2.22411740712841,0.008464498076250437,0.0,,
classical,chpn-p11.mid,2.349247050368112,0.6151419558359621,1.9255662584691415,0.01917989417989418,0.0,,
classical,alb_esp2.mid,4.016246853039241,0.4623338257016248,2.2993240901225898,0.013050699992090485,0.0,,
classical,liz_rhap12.mid,3.393849283445253,0.7306016879934658,2.3179492859540707,0.00553466801534439,0.0,,
classical,schu_143_3.mid,2.658199927496535,0.9445591271011501,2.3963955281931906,0.009100937672366244,0.0,,
classical,muss_8.mid,3.5164847685744958,0.8839955022488756,2.326553903554828,0.003967064141891736,0.0,,
classical,schu_143_1.mid,3.909519633344134,0.8759223300970874,2.297949622150038,0.0031840742772285173,0.0,,
classical,haydn_33_2.mid,3.0741736596860165,0.8587196467991169,2.1745652572892613,0.002639019792648445,0.0,,
classical,ty_oktober.mid,3.3701077101113683,0.7129300118623962,2.211382530397842,0.00785669390320553,0.0,,
classical,mz_331_1.mid,3.9570124289519195,0.8536428110896196,2.0667461843682804,0.0016367793958358405,0.01932367149758454,0.0,0.0
classical,bor_ps2.mid,3.1821505524285407,0.8863428047662695,2.3068470746302308,0.008981299212598425,0.0,,
classical,grieg_wedding.mid,3.1517706953864684,0.9520708517843188,2.3765081021987786,0.004677012785859629,0.0,,
classical,br_im5.mid,3.097198644321077,0.7609699769053118,2.35605289471431,0.0052334709542362036,0.0,,
classical,mz_333_3.mid,2.644993072771472,0.8237139272271017,2.1624113976938664,0.004999138079641441,0.0,,
classical,beethoven_opus22_2.mid,3.3017352129982545,0.8487202925045704,2.2380713314025673,0.0060411671285772114,0.0,,
classical,liz_rhap10.mid,3.2360423282126947,0.7803203661327232,2.3440468261618577,0.008430795723613403,0.0,,
classical,chpn-p13.mid,3.346923292652083,0.5738068812430632,2.1237605064004677,0.010360331009317781,0.0,,
classical,debussy_cc_4.mid,1.9943503783972587,0.8564213564213564,2.399327397199508,0.007879506310578063,0.0,,
classical,chpn_op25_e11.mid,1.619222838610633,0.9170085200378668,2.3765567099834946,0.018719580681392737,0.0,,
classical,alb_se7.mid,2.218787792181621,0.917385383567862,2.37629606060377,0.015692997494395358,0.0,,
classical,scn16_5.mid,3.4568512732405487,0.7834429824561403,2.3052129210086294,0.008200502280764696,0.0,,
classical,brahms_opus117_2.mid,3.443920439201435,0.5659109991603695,2.356719312050247,0.007750902044634505,0.0,,
classical,liz_et1.mid,2.8057227721219706,0.8173151249677918,2.356502372695467,0.010212973613580117,0.0,,
classical,beethoven_hammerklavier_4.mid,2.921044371362477,0.7882573391630231,2.4582596776799175,0.007805562047207291,0.0,,
classical,scn16_4.mid,3.8317145628456415,0.4662668665667166,2.2889336433148544,0.00589498925912974,0.0,,
classical,alb_se6.mid,3.1557485232149256,0.837641866330391,2.303298582302913,0.012594353392551817,0.0,,
classical,chpn-p4.mid,3.0599810193368566,0.6738768718801996,2.233181840710689,0.008548688218531985,0.0,,
classical,deb_menu.mid,3.754843816190978,0.5766897746967071,2.3587287998042954,0.00895978142954719,0.0,,
classical,chpn-p12.mid,2.0767108115301594,0.8314516129032258,2.3361471091959265,0.027969552133120905,0.0,,
classical,alb_esp1.mid,3.416293245531394,0.7923930269413629,2.053917140363512,0.009086106708927628,0.0,,
classical,mz_333_2.mid,3.3367544708645847,0.8611888111888112,2.173309548851174,0.0027949537684017075,0.0,,
classical,beethoven_opus22_3.mid,2.23783520568895,0.9374348279457768,2.2774201218410104,0.005739586749754018,0.08695652173913043,0.0,0.0
classical,bor_ps3.mid,3.25915668859475,0.88,2.1389950466864103,0.005755486686484093,0.15,0.0,0.0
classical,haydn_33_3.mid,2.492572147417103,0.9137731481481481,2.208254093694899,0.003589981838915403,0.0,,
classical,bor_ps7.mid,2.6891003760307135,0.7561290322580645,2.2764909898751853,0.005604932340459604,0.0,,
classical,alb_esp5.mid,2.6111378606304982,0.7062634989200864,2.1790650779920417,0.011171817662888363,0.0,,
classical,liz_rhap15.mid,2.759963882979189,0.947748367136473,2.35263522147482,0.004758306043048674,0.022222222222222223,0.0,0.0
classical,debussy_cc_1.mid,2.4918054242839385,0.7515808491418248,2.2719016781551575,0.007181203374468381,0.0,,
classical,alb_se2.mid,3.3642686367770867,0.9385805277525022,2.2230314347701308,0.007563342997604941,0.0,,
classical,haydn_35_1.mid,1.9536174723567803,0.956855791962175,2.1588266755630725,0.0029389730882268196,0.0,,
classical,liz_et4.mid,1.4503590405071065,0.9510146955913226,2.321232150535874,0.006166941718057848,0.06896551724137931,0.5454545454545454,0.5454545454545454
classical,chpn_op27_2.mid,3.384178328021652,0.587527352297593,2.292010275728067,0.008142427865197583,0.0,,
classical,mz_311_1.mid,2.264361674363958,0.937984496124031,2.1368241724574206,0.0051220827235615805,0.0,,
classical,beethoven_hammerklavier_1.mid,3.0997806334508247,0.9021358754675999,2.3788429945924103,0.004846090201442007,0.0,,
classical,liz_et5.mid,3.412008681553783,0.7521739130434782,2.1795176390302657,0.006262015929689646,0.0,,
classical,scn16_1.mid,1.9345063836982133,0.9110005527915975,2.3670361394729436,0.005030181086519115,0.05,0.09090909090909094,0.09090909090909094
classical,alb_se3.mid,3.2895558655504638,0.8819060773480663,2.2171680416704307,0.006867469879518072,0.0,,
classical,chpn-p1.mid,2.382010505000415,0.5,2.043924420603215,0.022793878215564962,0.0,,
classical,chpn-p17.mid,1.9362333242469345,0.8567415730337079,2.2991945552212636,0.010495223730517847,0.0,,
classical,alb_esp4.mid,2.617872251104316,0.8243727598566308,2.271249286027556,0.010348413936557463,0.041666666666666664,0.0,0.0
classical,bor_ps6.mid,2.7830274015757213,0.7978208232445521,1.827131895387297,0.005598507064782724,0.0,,
classical,bor_ps4.mid,3.2624517620604103,0.7922480620155039,2.387860694717,0.008242629187361301,0.0,,
classical,liz_rhap02.mid,3.2485996744889567,0.81101080361107,2.187960481418339,0.003955726294169107,0.0,,
classical,alb_esp6.mid,2.709460278569252,0.9434724091520862,2.245792877883351,0.009414708012377378,0.05263157894736842,0.0,0.0
classical,beethoven_opus22_4.mid,2.7166373414818694,0.8145184338382395,2.24162355869067,0.007603621445749045,0.0,,
classical,debussy_cc_2.mid,3.8415477896623793,0.2828854314002829,2.3700648768747454,0.005507599428056982,0.0,,
classical,chpn-p15.mid,3.501270230382621,0.6039603960396039,1.7919559015013555,0.004294050721180313,0.0,,
classical,alb_se1.mid,3.4933999110963216,0.8,2.113296435912889,0.0047553497684895505,0.03389830508474576,0.0,0.0
classical,chpn-p3.mid,1.9092614611722947,0.8272727272727273,1.9401913922455598,0.018188930177977704,0.0,,
classical,haydn_35_2.mid,2.7507993901718284,0.971729755630091,2.0746352547057194,0.0018968613267912693,0.0,,
classical,chpn_op27_1.mid,3.9064725449162445,0.5484662576687117,2.2076189981762457,0.006179232256282795,0.0,,
classical,mz_311_2.mid,3.2064885325929424,0.8019323671497585,2.086973906764915,0.005220998426548419,0.0,,
classical,beethoven_hammerklavier_3.mid,3.922807342241392,0.6493155966840177,2.3667895806431476,0.0033540274635660548,0.0,,
classical,liz_et6.mid,3.2946827293957046,0.7929794882639035,2.2346373154127246,0.009928853754940712,0.0,,
classical,mz_311_3.mid,2.6265573318483555,0.8841775754126352,2.140220705893054,0.0038056125941136206,0.08695652173913043,0.05555555555555555,0.05555555555555555
classical,burg_trennung.mid,2.126979931009684,0.9052437902483901,2.0250644284335753,0.008266631675633119,0.0,,
classical,haydn_35_3.mid,2.550535804501787,0.9316239316239316,2.1681857505202653,0.005542853183676298,0.05405405405405406,0.0,0.0
classical,chpn-p2.mid,2.8271241937014087,0.49262536873156343,2.303930876807572,0.00657610106429004,0.07407407407407407,0.75,0.75
classical,grieg_elfentanz.mid,1.4781795023926347,0.9477303988995873,2.05776573797937,0.0074046649389115145,0.0,,
classical,chpn-p14.mid,0.6186982853330101,0.9930394431554525,2.3288518898911357,0.04033736707004034,0.0,,
classical,debussy_cc_3.mid,2.64384609909622,0.7342487883683361,2.315185976591879,0.009175995595522114,0.0,,
classical,br_im2.mid,3.7917749152981712,0.5264705882352941,2.221945587795723,0.007997520148791072,0.0,,
classical,bor_ps5.mid,4.103652608169351,0.1111111111111111,2.1484748154252964,0.007066019827040709,0.0,,
pop,564.mid,4.379954049705793,0.8160351455244371,1.910235146065447,0.0029620391300958764,0.0,,
pop,570.mid,4.677143555732577,0.6198729058347776,2.0366009209021043,0.0054273583164112975,0.0,,
pop,216.mid,4.324084550863908,0.2374814080317303,1.8868522047682026,0.0032386553996202956,0.0,,
pop,799.mid,4.851050128103938,0.6614107883817427,1.809321064474707,0.0033402582589922196,0.0,,
pop,766.mid,4.9118186860667254,0.40906190172303764,2.2451261874102184,0.005784375217785211,0.0,,
pop,772.mid,4.659009223995496,0.7167519181585678,1.8992238795350214,0.004155463211928624,0.1,0.0,0.0
pop,160.mid,4.65280216269724,0.1772428884026258,2.000830547277374,0.003911280705938469,0.0,,
pop,389.mid,3.612584071915745,0.5383783783783784,1.811521034503542,0.0029500079018068798,0.0,,
pop,438.mid,4.13117648309016,0.8091442953020134,2.0781929645506954,0.0031979921467028298,0.0,,
pop,363.mid,4.639929449724475,0.7389229720518065,1.882778057112643,0.004112210414885387,0.0,,
pop,411.mid,4.54611240787559,0.7656903765690377,1.9779765359292572,0.003717195747528065,0.11940298507462686,0.07142857142857142,0.07142857142857142
pop,820.mid,4.316696176768703,0.9035639412997903,1.827467404436384,0.003430531732418525,0.0,,
pop,559.mid,4.890101917068497,0.6119969627942293,2.1446313923769726,0.005763245860068391,0.0,,
pop,565.mid,4.623147103528113,0.456745623069001,2.1776844152525765,0.005635430965970667,0.0,,
pop,598.mid,4.472085658259447,0.7705597788527989,1.9465346886639705,0.0047088369172814315,0.0,,
pop,567.mid,4.733030113213034,0.09594882729211088,1.888727487146077,0.004808340448478857,0.0,,
pop,229.mid,4.45054099052728,0.1366120218579235,1.9172637180870888,0.006418485237483954,0.0,,
pop,003.mid,4.373521186284979,0.7452229299363057,1.9067591625774134,0.005912754029432376,0.0,,
pop,188.mid,4.151170798575743,0.23279569892473118,1.864674288876433,0.0037325952021472907,0.0,,
pop,413.mid,4.92443171043218,0.502710027100271,2.0083273620435356,0.004361891606993566,0.08695652173913043,0.0,0.0
pop,348.mid,4.279292907020393,0.7528868360277137,1.9348551587379552,0.003564791990595017,0.0,,
pop,374.mid,4.910481804419716,0.723834652594547,2.025150834565931,0.005095641266854813,0.0,,
pop,360.mid,4.79618799586404,0.6969432314410481,1.8857761563261035,0.003030401772622112,0.0,,
pop,406.mid,4.232557960281625,0.8797953964194374,1.824169599655125,0.0026311528497409324,0.0,,
pop,610.mid,4.610592124010453,0.8987012987012987,1.9024239343967144,0.004022264656888636,0.0,,
pop,162.mid,4.079976010759997,0.3855721393034826,1.900987823076507,0.003602676273803397,0.0,,
pop,823.mid,4.6042491358274935,0.7281553398058253,2.1145247042394284,0.004303652657096941,0.0,,
pop,770.mid,4.67061612396809,0.7457098283931357,2.020059119559899,0.0042243506629302775,0.0,,
pop,016.mid,4.428021946208083,0.8537360890302067,1.8938243317644288,0.0019792182088075212,0.06153846153846154,0.0,0.0
pop,228.mid,4.504769363811201,0.28529121421520237,1.836648602112877,0.0026425897379431843,0.0,,
pop,566.mid,4.5571205550252305,0.5046728971962616,1.8818364098887914,0.003494882493491673,0.0,,
pop,599.mid,4.776017905594567,0.6270411495754409,1.9506979104444142,0.0039707750952986025,0.0,,
pop,210.mid,4.4236480224992265,0.30929678188319426,1.9119013879157283,0.003659534162827744,0.0,,
pop,166.mid,4.7894632115232385,0.6991942703670546,1.811421968555442,0.0033176417843532842,0.03636363636363636,0.0,0.0
pop,358.mid,4.637622075475817,0.7802919708029197,1.9245080059506643,0.00409289491837204,0.0,,
pop,417.mid,4.559675211716909,0.5747830525778458,2.0704802250027954,0.0056000920563077745,0.09230769230769231,0.0,0.0
pop,359.mid,4.60276109366919,0.7201516108654453,2.1332541075270854,0.006570675319407828,0.0,,
pop,167.mid,4.170025411421989,0.7549066539013882,1.9087789582500239,0.002537343973808062,0.06666666666666667,0.0,0.0
pop,198.mid,4.421467909911361,0.46946564885496184,1.8199834607620877,0.0023333626838073435,0.0,,
pop,749.mid,4.66049528990305,0.7351485148514851,1.8959149806050841,0.003724005188501611,0.0,,
pop,205.mid,4.427452227177596,0.5210135970333746,1.8589344768585097,0.003240315326207864,0.0,,
pop,577.mid,5.140567559437368,0.09642857142857143,2.188032701996286,0.0072347002532145085,0.0,,
pop,575.mid,4.430056849656453,0.5303687635574837,1.877719809712603,0.003486697491093762,0.0,,
pop,830.mid,4.237685714569323,0.976228847703465,1.8402236521291286,0.0025407813823323635,0.0,,
pop,818.mid,4.222103469272776,0.9017064846416383,1.8878818866126212,0.004353096759973551,0.5777777777777777,0.0,0.0
pop,159.mid,4.255994207374789,0.7004538577912254,1.9240812612635252,0.002224903838901878,0.0,,
pop,171.mid,4.416769132678704,0.9423868312757202,1.8545877247133418,0.0034375907814466933,0.0,,
pop,367.mid,4.6590716543366675,0.6756329113924051,1.9470113822939399,0.005222981116914423,0.0,,
pop,400.mid,4.744067953804609,0.19006940736785904,1.9185642353509238,0.0036056025516571903,0.0,,
pop,414.mid,4.540519659683833,0.7354731599335916,1.935443445843541,0.0032626427406199023,0.0,,
pop,164.mid,4.252754224983523,0.6114583333333333,1.7984080414956414,0.003963666391412056,0.0,,
pop,010.mid,4.672166283232037,0.37589928057553956,2.275845584685373,0.005059957025022527,0.0,,
pop,004.mid,4.415871788512317,0.7617107942973523,2.0126886837295404,0.004203993794104399,0.0,,
pop,574.mid,4.809327145442776,0.6302876480541455,2.0129840184340053,0.0036493423163298042,0.0,,
pop,063.mid,4.182264934990368,0.9203875315922494,1.8930949701804285,0.002644185901822933,0.0,,
pop,103.mid,4.71754292533588,0.6813848469643753,1.8791715606261528,0.0026532325776658272,0.0,,
pop,895.mid,4.571726803682271,0.7792507204610951,1.9665726228507292,0.003484184152834325,0.0,,
pop,498.mid,4.686485848416234,0.7952755905511811,1.8798982723056068,0.0031962497336458554,0.5517241379310345,0.0,0.0
pop,466.mid,4.785174112136742,0.4372574385510996,2.092436069157975,0.005374867589940759,0.0,,
pop,472.mid,4.734040171531194,0.7635228848821082,2.2080954717413084,0.003231527093596059,0.0,,
pop,499.mid,4.7211132026313,0.7455905932656334,1.9942418672997444,0.0053011858949187154,0.0,,
pop,880.mid,4.744556213165366,0.7408616187989556,1.8668073247779735,0.0035114955274635914,0.0,,
pop,664.mid,4.6149529323135665,0.5339524085896692,1.8748411588471612,0.004169418758256275,0.0,,
pop,670.mid,4.679555966607512,0.4923497267759563,2.0330894521964242,0.0050968399592252805,0.0,,
pop,857.mid,4.76238407819587,0.6695710455764075,2.279770219990072,0.004780876494023904,0.0,,
pop,738.mid,4.983058573533143,0.2501405283867341,2.3860969292731102,0.008083251121789772,0.0,,
pop,076.mid,4.7016485849486855,0.5869226777374157,1.8406738068091337,0.0027223568898004846,0.0,,
pop,704.mid,4.506108318977219,0.8152069297401348,1.9993199639555894,0.0037533512064343165,0.0,,
pop,274.mid,4.368508295940631,0.8147471054235222,1.7999715135938854,0.0028971511347175277,0.19672131147540983,0.0,0.0
pop,289.mid,4.839559498678132,0.002357100766057749,2.289397005722408,0.006901949622883165,0.0,,
pop,060.mid,4.564862153922191,0.8034118602761983,1.8559209270788481,0.0033079722130334105,0.0,,
pop,100.mid,4.752041575235453,0.8165938864628821,1.7870651862596947,0.0032921810699588477,0.0,,
pop,896.mid,4.596396209234011,0.7131027764247443,1.9934063220611866,0.0038752984325801875,0.16901408450704225,0.0,0.0
pop,316.mid,3.989107795499807,0.24057450628366248,2.1955521947286982,0.007005431747804457,0.0,,
pop,470.mid,3.845870406237469,0.5805415328132171,1.7097037949584943,0.002230415585597888,0.0,,
pop,883.mid,4.53881738124939,0.8122127380170716,1.8771683523597518,0.003595875574040378,0.4482758620689655,0.0,0.0
pop,115.mid,4.470339068548552,0.8295964125560538,2.095929244028852,0.003932178932178932,0.34782608695652173,0.4170875420875421,0.4170875420875421
pop,101.mid,4.782568131638229,0.45881670533642693,1.8710907569108413,0.003245123950352949,0.0,,
pop,840.mid,4.610182532265772,0.7238805970149254,1.899381781874716,0.003003400909853805,0.5535714285714286,0.0,0.0
pop,061.mid,4.8830383330915295,0.7700453857791225,2.005487249209019,0.002583979328165375,0.0,,
pop,075.mid,4.7162945425271445,0.5370762711864406,1.9036451060242328,0.002915342926555784,0.0,,
pop,515.mid,4.6417782892052575,0.6413793103448275,1.80426430639144,0.0031995482990636614,0.0,,
pop,501.mid,4.104231047709409,0.9525593008739076,1.9042865225203582,0.0031996587030716723,0.4827586206896552,0.0,0.0
pop,059.mid,4.791562330072126,0.21609907120743035,1.9312500425931702,0.0005220673868519337,0.0,,
pop,071.mid,4.770353415531754,0.20868014268727705,2.061707050071239,0.004037474030810239,0.0,,
pop,688.mid,4.49695160195846,0.836179295624333,2.002384508500514,0.003209093721002165,0.09523809523809523,0.0,0.0
pop,878.mid,4.75290274195583,0.6459741856177013,1.9810600060419707,0.002931188561215371,0.0,,
pop,111.mid,4.694328655912235,0.6762360446570973,1.995412881469669,0.00391587617729467,0.0,,
pop,449.mid,4.635981554798763,0.7972027972027972,1.866844003768157,0.0028876792352628784,0.0,,
pop,307.mid,4.352986622246013,0.6637931034482759,1.860985572091163,0.0034268158184969275,0.0,,
pop,313.mid,4.477175777244456,0.6098039215686275,1.99546730554529,0.005736475156649898,0.0,,
pop,474.mid,4.7778380666786235,0.9075244112578977,1.769187797431267,0.0028856905818273634,0.0,,
pop,460.mid,4.450116802773002,0.7025641025641025,1.8856538480647986,0.0024182076813655763,0.0,,
pop,110.mid,4.859000850787218,0.4786269430051813,2.000097637471979,0.004092506080846299,0.0,,
pop,662.mid,4.58279160508148,0.7910535609181871,1.8070697761719916,0.0026372761267467034,0.2857142857142857,0.0,0.0
pop,886.mid,4.441398776469342,0.8646329837940896,1.8088685646728153,0.002127470968885737,0.0,,
pop,138.mid,3.580441665506429,0.9343346140412155,1.8423805017524217,0.0032381228553477357,0.0,,
pop,070.mid,4.395375807308822,0.6189542483660131,2.0195693431781074,0.003467062902426944,0.0,,
pop,272.mid,4.55911021621926,0.7252559726962458,1.9674235922107968,0.004372328021764477,0.0,,
pop,258.mid,4.294947310025291,0.556782334384858,1.8790742202374056,0.003850222128199704,0.0,,
pop,072.mid,4.531416364694847,0.5775480059084195,1.8273501761211017,0.0006201422192822888,0.0,,
pop,714.mid,4.815244308831969,0.6174829510229386,1.8992344304757747,0.004342162396873643,0.0,,
pop,853.mid,4.632890930454513,0.8558659217877095,1.8300222804022426,0.004138282294518367,0.0,,
pop,674.mid,4.606404060848326,0.8325123152709359,2.250543503185614,0.004980392156862745,0.0,,
pop,112.mid,4.53167178468533,0.8540478905359179,1.989648299685172,0.0040190258471295304,0.0,,
pop,106.mid,4.558767739778848,0.1444616576297444,2.1004578796601185,0.003808264878985302,0.0,,
pop,489.mid,4.961989267124087,0.5410138248847927,2.0068608869003035,0.005035758114341331,0.0,,
pop,310.mid,3.553387888595804,0.8301549463647199,1.918248299375418,0.004345645996991476,0.375,0.0,0.0
pop,304.mid,4.464378293683852,0.7267230955259976,1.9760445909181865,0.004742483164184767,0.0,,
pop,107.mid,4.747368222605825,0.5012009607686149,1.9519687211405448,0.003384890226129472,0.0,,
pop,661.mid,4.6437666417621495,0.6053113553113553,1.8881716736266214,0.0028846488026969728,0.0,,
pop,675.mid,4.831309176818649,0.5009319664492078,1.7862517601354229,0.0031600208496221005,0.0,,
pop,885.mid,4.891308218150904,0.35633116883116883,2.4102475425702905,0.005925751510870418,0.0,,
pop,852.mid,4.530895718324165,0.6723361680840421,1.8649121136160347,0.0034596695821185615,0.06153846153846154,0.0,0.0
pop,271.mid,4.083835952862739,0.7836021505376344,1.8226414219922793,0.0030105368790767687,0.0,,
pop,268.mid,4.550745064089146,0.4917091836734694,2.048852509474228,0.008333732458451076,0.0,,
pop,095.mid,4.73520429926524,0.6646816307833256,2.3431341732414857,0.00728223321818691,0.0,,
pop,056.mid,4.157746613965373,0.730528511821975,1.8255412053425393,0.0005842125158940169,0.027777777777777776,0.0,0.0
pop,877.mid,4.599569203614019,0.8120141342756184,1.9443464269006498,0.003485535029627048,0.0,,
pop,863.mid,4.61670925724415,0.6494345718901454,1.7839153580424876,0.003232120908635681,0.0,,
pop,136.mid,3.9056104950512176,0.9059251559251559,1.8191537018752313,0.0023258115597783054,0.0,,
pop,650.mid,4.662385730977526,0.4481349003576903,1.9260556638317845,0.0035444488203071854,0.0,,
pop,888.mid,4.72984334343188,0.516504854368932,1.95457784967136,0.005984440454817474,0.0,,
pop,678.mid,4.632303304146686,0.7289663461538461,1.9435023494300865,0.003372681281618887,0.0,,
pop,308.mid,4.581016275009065,0.7699910152740341,1.8712991744125536,0.005400720096012801,0.0,,
pop,453.mid,4.590674758576391,0.6104794859120118,2.1392199126446907,0.004876474595718742,0.0,,
pop,123.mid,4.892705799386449,0.5100725221595488,2.013262655794139,0.004677544105189496,0.0,,
pop,686.mid,4.131897529974156,0.89579653832568,1.8846825869181703,0.0037721770850605205,0.6229508196721312,0.0,0.0
pop,692.mid,4.6339197905547795,0.8178418803418803,1.925106949685519,0.004060205881146701,0.0,,
pop,043.mid,4.497132087844192,0.6012903225806452,1.9896029713588108,0.0036190308058963723,0.0,,
pop,269.mid,4.377452028752042,0.35813308687615525,1.9245102521841504,0.00386519725283501,0.0,,
pop,255.mid,4.248590013791437,0.9164859002169198,1.8844547628976573,0.00313389138592223,0.0,,
pop,241.mid,4.395031578041241,0.1829105473965287,1.8870317973088342,0.0030752916224814422,0.0,,
pop,243.mid,4.443984309960133,0.08784773060029283,1.9584909661480796,0.005190583547423059,0.0,,
pop,519.mid,4.582422675897875,0.6513409961685823,2.4511586573669466,0.00699697428139183,0.0,,
pop,096.mid,3.8853555323494358,0.8497672450275074,1.9655324224715895,0.004628261939931069,0.0,,
pop,041.mid,4.253788774313301,0.8843098311817279,1.8247247455564137,0.0025465953127883374,0.0,,
pop,684.mid,4.637290171697157,0.4512767066180302,2.072266168108989,0.0054255036612664564,0.0,,
pop,848.mid,4.552827510151496,0.8735218508997429,1.797400064622651,0.002845780583020176,0.0,,
pop,690.mid,4.298001470918139,0.7227579556412729,1.7270231511587228,0.002575379373192282,0.0,,
pop,860.mid,4.126713798275954,0.5946236559139785,1.7975000758004185,0.007110158761079186,0.15384615384615385,0.0,0.0
pop,653.mid,4.282761267438513,0.8574327752409944,1.9524958148598985,0.003500426333976574,0.0,,
pop,135.mid,4.055541966101062,0.9119412941961308,2.1713321735801494,0.004601819650823761,0.0,,
pop,337.mid,3.8089824147987175,0.8686708860759493,1.8934224282037386,0.00441934691873312,0.0,,
pop,479.mid,4.739946982722622,0.4448552064078866,2.2516749202869395,0.0062402496099844,0.0,,
pop,322.mid,4.184128696126039,0.6082977425259305,1.8630129664886759,0.003396588643579709,0.3125,0.0,0.0
pop,493.mid,4.660252980881189,0.8373143963847643,1.8813525810393468,0.0028224883667709207,0.2153846153846154,0.0,0.0
pop,134.mid,3.900466952872338,0.7474205530334296,1.9711640373414938,0.004930524428507396,0.0,,
pop,040.mid,4.659780249904579,0.6137254901960785,1.8878907054825576,0.0028208744710860366,0.0,,
pop,083.mid,4.43610876983931,0.7366992399565689,1.92606909412549,0.0033800463332193994,0.5,0.0,0.0
pop,518.mid,4.4077206037865455,0.8722195929957407,2.336891109756967,0.00593099991646479,0.0,,
pop,256.mid,4.230184622370498,0.46153846153846156,2.3120473660413023,0.005385164051355207,0.0,,
pop,905.mid,4.403185374835174,0.4969818913480885,1.7565652563222702,0.003175207976122436,0.05128205128205128,0.0,0.0
pop,078.mid,4.632219108446819,0.7167990919409761,1.9281837732590312,0.0034948135479793284,0.0,,
pop,736.mid,4.643921417863836,0.6881972988843218,1.868830211431175,0.003485700705062188,0.0,,
pop,865.mid,4.378562403659242,0.7971398305084746,1.8806106264445368,0.003497726477789437,0.0,,
pop,454.mid,3.9606907128732627,0.5922933499067744,2.053565042146711,0.004951312097705892,0.0,,
pop,441.mid,4.640828663626275,0.7185761957730812,1.8494097983657856,0.002548853016142736,0.0,,
pop,469.mid,4.73364037705414,0.5674056321150389,1.8345141537269951,0.003910550894111394,0.0,,
pop,482.mid,4.881517536221313,0.6415601882985877,1.86403111216951,0.0033726173784531435,0.0,,
pop,131.mid,4.445854353366393,0.7787307032590052,1.844538778149624,0.0027468502783474947,0.0,,
pop,657.mid,4.857778335355658,0.3991915108640728,2.023961286506214,0.00509231995011605,0.0,,
pop,119.mid,4.625719825672974,0.8671052631578947,1.9082226562399578,0.0024486514143702946,0.0,,
pop,680.mid,4.456585027431224,0.7679924242424242,1.9678327740435646,0.004259080681452909,0.0,,
pop,521.mid,4.77461262240028,0.743859649122807,1.9760319522263952,0.003947220029322206,0.09090909090909091,0.0,0.0
pop,253.mid,4.417337114483514,0.20766129032258066,2.1793148404902767,0.006864988558352402,0.0,,
pop,284.mid,4.5328172885158295,0.6321961620469083,1.8596973493220559,0.003329025183096385,0.0,,
pop,286.mid,4.048851910980732,0.38360323886639675,1.7591511773381876,0.0027864344637946836,0.0,,
pop,292.mid,4.158970249113683,0.7917329093799682,1.8065573162727397,0.0029957522915269393,0.0,,
pop,279.mid,4.868546842343165,0.2802675585284281,1.8982590755160156,0.003474344539166801,0.0,,
pop,245.mid,4.432978013494008,0.36182902584493043,1.903833634378125,0.003358449946178687,0.0,,
pop,251.mid,4.068602553667377,0.8454241071428571,2.345335370329364,0.007191370355573312,0.39285714285714285,0.4437229437229437,0.4437229437229437
pop,906.mid,4.628742604371355,0.803030303030303,1.8623672296208336,0.003113674646521362,0.0,,
pop,084.mid,4.287345353537565,0.7601398601398601,1.9377314375894847,0.0029369966840360018,0.0,,
pop,721.mid,4.7462049327097695,0.37306021104903786,1.9860809570382276,0.0054025722694835306,0.0,,
pop,053.mid,4.707538239749379,0.4705525197328476,1.8849174870227317,0.002352941176470588,0.0,,
pop,735.mid,4.605971454341965,0.6935400516795865,1.9447966697314487,0.004055013009833406,0.0,,
pop,872.mid,4.731468829686313,0.6974852071005917,1.9246126987173753,0.0036140527819801646,0.0,,
pop,442.mid,4.016313581887996,0.8902785673678226,1.9333842952738662,0.004483795902151087,0.0,,
pop,324.mid,4.169226545929411,0.8214689265536723,1.8981656364939286,0.004205133162550148,0.0,,
pop,898.mid,4.876243056915633,0.5129411764705882,2.0022290979747255,0.005856832971800434,0.0,,
pop,668.mid,3.600725222962843,0.8900735294117647,1.8634532676271265,0.002681607048795671,0.0,,
pop,683.mid,4.473725315454912,0.7371483996120272,2.2234301416359816,0.005964578454332552,0.0,,
pop,052.mid,4.440632007312926,0.6984667802385008,1.9271458191732573,0.004464504734337438,0.0,,
pop,734.mid,4.828085900440028,0.5352358765288293,1.8153338619997297,0.003531404273719866,0.0,,
pop,046.mid,4.871650594174729,0.7972283005105762,1.9740389757607428,0.003267758119883813,0.0,,
pop,708.mid,4.206402341162354,0.788580885395118,1.7022658023174255,0.002742527773904151,0.0,,
pop,536.mid,4.638321980227483,0.6409701169337375,2.3592526506175084,0.003977592893367364,0.0,,
pop,293.mid,4.720761063258356,0.7094313453536755,1.831272261969469,0.003229366798839063,0.0,,
pop,223.mid,4.417909117687214,0.45603864734299515,1.941611117436266,0.0038449654983006626,0.0,,
pop,551.mid,4.9586621103727655,0.6319082377476538,1.9795535376691855,0.00507688552599463,0.0,,
pop,579.mid,3.9715841910923313,0.7835134053621449,2.2764634337568364,0.006647034076567101,0.0,,
pop,747.mid,4.7786390655567885,0.5211062590975255,2.2459096858605596,0.008651463609256227,0.0,,
pop,009.mid,4.3007869040743385,0.8510769230769231,1.932728557487259,0.0028674183514774496,0.0,,
pop,828.mid,4.602862455288825,0.7014590347923682,1.7550375186668126,0.0021779000458505273,0.0,,
pop,182.mid,4.470897451768343,0.35985626283367556,1.9347104228146283,0.003297845646485285,0.0,,
pop,627.mid,4.47666188521627,0.8085918854415275,1.8559596297993766,0.0038111990618586926,0.0,,
pop,169.mid,4.186859760744354,0.7487373737373737,1.9296977729898193,0.0028403039125186394,0.0,,
pop,342.mid,4.467866421863416,0.36831415030467163,1.91967722384073,0.003909304143862392,0.1,0.041666666666666664,0.041666666666666664
pop,430.mid,4.5153952862088165,0.6660978384527872,1.994532659224407,0.00579680667141259,0.0,,
pop,829.mid,4.62668050902621,0.4575208913649025,1.8512932328251912,0.002929393012536079,0.0,,
pop,197.mid,4.544742199312129,0.6250577901063338,2.059624477888249,0.00487822121672735,0.0,,
pop,746.mid,4.968079685431869,0.7109915449654112,2.323877488406392,0.005806575658527206,0.0,,
pop,550.mid,4.430252625107046,0.945995145631068,1.7660189519013647,0.002233083340355608,0.03389830508474576,0.0,0.0
pop,544.mid,4.773040467834185,0.08190772420943494,2.3489216461730127,0.006623496762257169,0.0,,
pop,593.mid,4.637496527044977,0.7337758112094396,2.054460926237771,0.004979253112033195,0.0,,
pop,234.mid,4.449867583959335,0.18952922077922077,1.9338636049438975,0.0040427375108287615,0.0,,
pop,195.mid,4.540049122357504,0.13985148514851486,1.7639233246599157,0.0024983062330623308,0.0,,
pop,803.mid,4.8237432039073775,0.6012578616352201,1.9485248743225823,0.003773843831480719,0.0,,
pop,433.mid,4.503780114978534,0.8060836501901141,2.012719512669711,0.0038970007892659827,0.7,0.0,0.0
pop,341.mid,4.557291162118798,0.2080691642651297,1.866792241825551,0.0037716120840957466,0.0,,
pop,751.mid,4.74842587374976,0.5512572533849129,1.9367319623821322,0.004772814051164567,0.0,,
pop,037.mid,4.869803387138465,0.612508986340762,2.285882391408802,0.005100784465472965,0.0,,
pop,792.mid,4.297409796723429,0.5766990291262136,1.8335431779728852,0.003548221614227086,0.0,,
pop,209.mid,4.73809528271375,0.08454258675078864,1.938273256172898,0.003479143260971986,0.0,,
pop,584.mid,4.747185573215446,0.5004897159647405,1.905533186130317,0.005317128750474744,0.0,,
pop,594.mid,4.7915027570588276,0.3729966002914036,2.109910122357286,0.004610561258990595,0.0,,
pop,219.mid,4.273422693111097,0.32108317214700194,1.8664157449492502,0.0043382693197593705,0.0,,
pop,557.mid,4.674848694369988,0.6127104834329169,2.2507757525469514,0.0056953192773356465,0.0,,
pop,782.mid,4.6164166724275475,0.7994202898550725,2.071057886415493,0.0044882956084349,0.09230769230769231,0.0,0.0
pop,184.mid,3.855941598455315,0.8938775510204081,1.8378772624320334,0.0021933832937305795,0.0,,
pop,609.mid,4.732131474599722,0.23076923076923078,1.8954099355695313,0.005126982234410397,0.0,,
pop,635.mid,3.962615430805133,0.9431151241534989,1.830092451691661,0.0028062750149514654,0.0,,
pop,153.mid,4.369083530593356,0.8885350318471338,1.8406201301949094,0.0022138022052875816,0.0,,
pop,392.mid,4.66525183246457,0.7228003784295175,1.8923094396523537,0.0028876696505919725,0.0,,
pop,379.mid,4.462631669091127,0.515831894070236,2.000497782487369,0.003491726127220282,0.0,,
pop,423.mid,4.55655353790598,0.7319400272603362,2.0879594255165426,0.005635500106330191,0.0,,
pop,422.mid,4.25511254941085,0.8474737845567207,1.9600435878950297,0.0038842096655491046,0.0,,
pop,152.mid,4.957514048232004,0.3433874709976798,2.1889394442361034,0.006080634500991408,0.0,,
pop,620.mid,4.698090444472113,0.21656976744186046,1.8067794964365964,0.003170860604089597,0.0,,
pop,191.mid,4.53815246535424,0.484375,1.8640323377318633,0.0032208040081116544,0.0,,
pop,807.mid,4.272214104450426,0.19486642221058145,1.9623319811614695,0.004903398851682662,0.0,,
pop,026.mid,4.6387727092906355,0.7502287282708143,1.9051598637397513,0.0023020257826887663,0.2916666666666667,0.0,0.0
pop,754.mid,4.396831213183064,0.8369053842132775,1.8459764942643602,0.0025912035458574836,0.0,,
pop,768.mid,4.700504984453547,0.7397346809854706,1.8127675152149436,0.002568001351579659,0.0273972602739726,0.0,0.0
pop,542.mid,3.6264588731931515,0.9181313598519889,1.7877346943375627,0.002381198881871829,0.6326530612244898,0.0,0.0
pop,556.mid,4.662600112175561,0.6226096737907761,1.8355893984013205,0.0026148004871409127,0.0,,
pop,597.mid,4.658798424538958,0.7141931302657162,1.9352432212074975,0.0032277500430366673,0.0,,
pop,568.mid,4.846115313608922,0.7888446215139442,2.2622743504836715,0.003906776236023171,0.0,,
pop,554.mid,4.674087360577359,0.6137339055793991,1.8552974387441599,0.003543900062018251,0.0,,
pop,636.mid,4.29947742122316,0.7681710213776722,1.9576973751399644,0.0037163208423660575,0.0,,
pop,144.mid,4.597381056812367,0.9290155440414508,1.9341023164566133,0.003757044458359424,0.0,,
pop,434.mid,4.856908754108135,0.5298759864712514,2.0305265114549362,0.004237464168501516,0.0,,
pop,352.mid,4.499180281402149,0.7292889758643183,1.8926063449184929,0.0035305799713140377,0.0,,
pop,421.mid,4.423936364400988,0.7083563918096292,1.985796651211553,0.004238204385244129,0.0,,
pop,409.mid,4.321349690512317,0.85385500575374,1.7395622718706116,0.0020680812342308806,0.0,,
pop,637.mid,4.446776147659241,0.7692307692307693,1.809149043787025,0.003667225481978206,0.0,,
pop,804.mid,4.713059188004134,0.3627450980392157,1.9038458411858619,0.0037980339588918675,0.0,,
pop,025.mid,4.584353403826276,0.8186226964112512,2.092349560630617,0.002453953121033481,0.0,,
pop,743.mid,4.7008982580669345,0.2947037231253277,1.949810801684656,0.003996299722479186,0.0,,
game_looping,Super Mario_Wii_Super Mario Galaxy_Into the Galaxy.mid,2.831871090792193,0.9103641456582633,2.054623870451856,0.008105492378417614,0.0,,
game_looping,Super Mario_Wii U_Super Mario 3D World_Shifty Boo Mansion.mid,2.8315523378360345,0.9964747356051704,2.1880291877849216,0.00699699388410905,0.0,,
game_looping,Pokemon_Game Boy Color_Pokemon Gold Version & Pokemon Silver Version_Cherrygrove City.mid,1.9213959922296517,0.9834254143646409,2.04116462213608,0.010412328196584756,0.0,,
game_looping,Other games_Nintendo DS_Radiant Historia_The Garden Where the Celestite Lies.mid,2.476951985100497,0.9931804091754495,1.8228788761599715,0.0039665845303203315,0.0,,
game_looping,Pokemon_Nintendo DS_Pokemon Diamond Version & Pokemon Pearl Version_Battle! (AzelfMespritUxie).mid,2.145862543394136,0.9915966386554622,2.1840843261996796,0.005571030640668524,0.0,,
game_looping,Super Mario_Nintendo 3DS_Super Mario 3D Land_Special World 1.mid,2.195877269295324,0.9702970297029703,1.9001371941226488,0.01079136690647482,0.0,,
game_looping,Other games_Nintendo DS_Cory in the House_White House.mid,2.399042070086238,0.9972936400541272,1.5894536908127013,0.0019472090004327132,0.17142857142857143,0.0,0.0
game_looping,The Legend of Zelda_Game Boy Color_The Legend of Zelda Oracle of Ages & The Legend of Zelda Oracle of Seasons_Level 2 (Wing Dungeon).mid,1.1369943184594973,0.9787234042553191,1.755527347720322,0.0023521505376344087,0.0,,
game_looping,The Legend of Zelda_Multiplatform_The Legend of Zelda Breath of the Wild_Tarrey Town.mid,2.8720579560524726,0.9853658536585366,2.0117342354928116,0.005134653672849209,0.0,,
game_looping,Paper Mario_Nintendo 64_Paper Mario_Welcome to Yoshis Village.mid,2.80091771233367,0.983032293377121,1.575035407179233,0.0016127793564242377,0.0,,
game_looping,Paper Mario_Wii_Super Paper Mario_Battle Time.mid,3.1399236614875043,0.9841840402588066,2.4095365899444405,0.012280701754385965,0.0,,
game_looping,The Legend of Zelda_Nintendo 3DS_The Legend of Zelda A Link Between Worlds_Minigame.mid,1.9236803705047965,0.9113018597997139,1.898588621920291,0.0062264697364610485,0.0,,
game_looping,Pokemon_Nintendo DS_Pokemon Black Version & Pokemon White Version_Opelucid City (Pokemon White).mid,3.214296205339219,0.9968091895341417,2.1843033408465238,0.007752320758443611,0.0,,
game_looping,Super Mario_Wii_Super Mario Galaxy_Buoy Base Galaxy - Undersea.mid,2.300702327541484,0.9692657939669892,2.086944482700383,0.005379623980921746,0.0,,
game_looping,Sonic_Sega Genesis_Sonic the Hedgehog 2_Metropolis Zone.mid,1.906762571506318,0.9781859931113662,1.7436138162696733,0.003515536402812429,0.0,,
game_looping,Dragon Quest_NES_Dragon Quest_Battle Theme_0.mid,2.1210748711106238,0.9765013054830287,2.4426496789259557,0.013647058823529411,0.7272727272727273,0.0,0.0
game_looping,Pokemon_Nintendo DS_Pokemon Diamond Version & Pokemon Pearl Version_Route 206 (Night).mid,2.3614971126652677,0.9563953488372093,2.12923600398805,0.0091324200913242,0.0,,
game_looping,Mega Man_Nintendo Entertainment System_Mega Man_Dr Wily Stage 2.mid,1.5532764892043494,0.9935483870967742,1.6442661676955805,0.005640794223826715,0.0,,
game_looping,Donkey Kong_Nintendo 64_Donkey Kong 64_DK Isle (Jungle Japes).mid,2.7152378678947846,0.995768688293371,2.199619221649462,0.004249667994687915,0.0,,
game_looping,Pokemon_Nintendo DS_Pokemon Platinum Version_Battle! (Giratina).mid,2.4366046630737728,0.9883614088820827,2.3033170408472485,0.009706058236349418,0.0,,
game_looping,Sonic_Multiplatform_Sonic the Hedgehog (Game GearMaster System)_Bridge Zone.mid,1.6970381534906684,0.9917808219178083,2.180971430365824,0.009369510052703494,0.0,,
game_looping,The Legend of Zelda_Super Nintendo Entertainment System_The Legend of Zelda A Link to the Past_Boss Battle.mid,1.3048011719192127,0.9534883720930233,1.9315505055969422,0.005938784833257195,0.7272727272727273,0.0,0.0
game_looping,Ghosts n Goblins_Super Nintendo Entertainment System_Demons Crest_Palace of Decadence.mid,2.354775570514465,0.9180327868852459,2.1502268716723374,0.013208585580627407,0.0,,
game_looping,Metroid_Wii_Metroid Prime 3 Corruption_Battle with Gandrayda.mid,2.055864074367558,0.9802731411229135,1.473339706575519,0.0019217725525661315,0.05970149253731343,0.0,0.0
game_looping,Super Mario_Wii_Super Mario Galaxy 2_Slipsand Galaxy.mid,2.785006175231856,0.9685863874345549,2.14388748750635,0.006392961876832845,0.0,,
game_looping,Other games_Super Nintendo Entertainment System_Drakkhen_Fire Area (Day).mid,2.51920664707749,1.0,1.7950338033731317,0.004002287021154946,0.0,,
game_looping,Touhou_PC_Touhou 8 Imperishable Night_Lunatic Eyes Invisible Full Moon.mid,1.823470866689747,0.9982062780269059,2.4252022790973045,0.006895934085617052,0.0,,
game_looping,The Legend of Zelda_Game Boy Color_The Legend of Zelda Oracle of Ages & The Legend of Zelda Oracle of Seasons_Samasa Desert.mid,1.9855263790403745,0.8486842105263158,2.168884295329743,0.013866231647634585,0.0,,
game_looping,Final Fantasy_Nintendo Entertainment System_Final Fantasy III_Battle 2.mid,1.9508219845973493,0.9975020815986678,2.2399973699126616,0.011981865284974092,0.0,,
game_looping,Paper Mario_Nintendo GameCube_Paper Mario The Thousand-Year Door_Hall of the Thousand-Year Door.mid,2.590802384820494,0.9837837837837838,1.9935034890094951,0.001889216353056752,0.22580645161290322,0.8571428571428572,0.8571428571428572
game_looping,Pokemon_Nintendo DS_Pokemon HeartGold Version & Pokemon SoulSilver Version_Cinnabar Island.mid,2.307567060937924,0.986046511627907,1.96709735222439,0.00290838584585555,0.0,,
game_looping,Super Mario_Super Nintendo Entertainment System_Super Mario World 2 Yoshis Island_Training Course.mid,1.1994715419732414,1.0,1.6626348242879896,0.00475963826749167,0.0,,
game_looping,Super Smash Bros_Multiplatform_Super Smash Bros for Nintendo 3DS and Wii U_Rainbow Road Series Medley.mid,2.3223116282544516,0.9957879957879958,2.0161505630030696,0.0038250164871400307,0.0,,
game_looping,Super Mario_Nintendo 3DS_Super Mario 3D Land_Special World 7.mid,1.0608569471580214,1.0,1.0419792764029772,0.0025343953656770456,0.0,,
game_looping,Other games_PlayStation_Crash Team Racing_Menu.mid,1.3553164320252558,0.9924050632911392,1.922209058939037,0.006875,1.0,0.0,0.0
game_looping,Other games_Nintendo Entertainment System_Ice Climber_Stage Theme.mid,1.347246854982275,0.9803921568627451,2.1484917098999166,0.005152224824355972,0.3333333333333333,0.125,0.125
game_looping,Pokemon_Nintendo DS_Pokemon Ranger Guardian Signs_Renbow Island.mid,2.8252053658233462,0.9967982924226254,2.2577577346848803,0.005743399722093562,0.07407407407407407,0.375,0.375
game_looping,Pokemon_Game Boy_Pokemon Red Version & Pokemon Blue Version_Celadon City Theme.mid,1.8075720313097632,0.9859894921190894,1.9072121827656603,0.009830056647784071,0.0,,
game_looping,Pokemon_Nintendo DS_Pokemon HeartGold Version & Pokemon SoulSilver Version_Goldenrod City.mid,2.492867366690912,0.9972183588317107,1.9268594915981532,0.008913412563667233,0.0,,
game_looping,Final Fantasy_Super Nintendo Entertainment System_Final Fantasy V_The Decisive Battle.mid,2.1237961029638788,0.9844674556213018,2.4119622021122,0.005779170566928493,0.06451612903225806,0.36363636363636365,0.36363636363636365
game_looping,Other games_Nintendo Switch_Octopath Traveler_River of Life.mid,1.7857183814753994,0.9920683343502136,1.7798149083873587,0.0044940416077560085,0.64,0.019607843137254898,0.019607843137254898
game_looping,Super Mario_Super Nintendo Entertainment System_Super Mario RPG Legend of the Seven Stars_Nimbus Land.mid,2.2055178423829274,0.9983397897066962,2.429910465868242,0.009092529862720628,0.0,,
game_looping,The Legend of Zelda_Multiplatform_The Legend of Zelda Breath of the Wild_Goron City (Night).mid,2.928849323687499,0.961439588688946,2.180832787500362,0.0036724771116743394,0.0,,
game_looping,Pokemon_Game Boy Color_Pokemon Gold Version & Pokemon Silver Version_Pewter City.mid,2.1092273918710633,0.9705882352941176,2.147814115756884,0.0057432994839354086,0.2,0.0,0.0
game_looping,Animal Crossing_Nintendo 3DS_Animal Crossing New Leaf_Town Hall.mid,3.1721752822345564,1.0,2.156290378182775,0.007142084190022725,0.0,,
game_looping,Pokemon_Game Boy Color_Pokemon Gold Version & Pokemon Silver Version_Battle! (Champion).mid,1.6556248984323607,0.9821428571428571,1.9467496104897444,0.01339328422462451,0.0,,
game_looping,Pokemon_Game Boy_Pokemon Red Version & Pokemon Blue Version_Hall of Fame.mid,1.5710044858938836,0.9927360774818402,1.673681447581268,0.012536377882247594,0.0,,
game_looping,Pokemon Mystery Dungeon_Nintendo 3DS_Pokemon Super Mystery Dungeon_Welcome to the World of Pokemon!.mid,2.802087678712382,0.9897189856065799,1.9681210100944704,0.0034009990434690192,0.0,,
game_looping,Paper Mario_Nintendo 64_Paper Mario_Approach to the Mansion.mid,2.77356175279897,0.9852216748768473,1.8925470957104524,0.0024971187091817133,0.38461538461538464,0.0,0.0
game_looping,Super Mario_Nintendo DS_New Super Mario Bros_World 3 (The Beach).mid,1.6352073749987037,0.9992520568436799,1.8419630978532244,0.0016900350525788682,1.0,0.0,0.0
game_looping,Bomberman_Game Boy Advance_Bomberman Tournament_Overworld.mid,2.0584956734488693,0.9961389961389961,2.0182802313231156,0.005276360176455324,0.0,,
game_looping,Other games_Super Nintendo Entertainment System_Drakkhen_Water Area (Day).mid,2.48503857447147,0.9962962962962963,1.8526610318233092,0.002751301955389604,0.0,,
game_looping,Pokemon_Nintendo DS_Pokemon Ranger_Deep Lyra Forest.mid,2.2913779681625,1.0,2.31552841088672,0.0070661774697649135,0.0,,
game_looping,Donkey Kong_Nintendo 64_Donkey Kong 64_Creepy Castle.mid,3.0980292937888896,0.9568044588945657,2.285044289077962,0.0034353872368493377,0.0,,
game_looping,The Legend of Zelda_Nintendo 3DS_The Legend of Zelda A Link Between Worlds_Beginning Field.mid,2.2485433111646476,0.9868613138686131,1.8553229577923134,0.007163085124104614,0.4,0.1904761904761905,0.1904761904761905
game_looping,Mega Man_Multiplatform_Mega Man 9_Flash in the Dark (Wily Stage 1).mid,2.2778120453448767,1.0,2.1313436621390682,0.01101642070255664,0.0,,
game_looping,Sonic_Sega Genesis_Sonic & Knuckles_Act 1 Boss.mid,1.7645223722919718,0.9785604900459418,1.649247157288669,0.004733951903048665,0.14285714285714285,0.0,0.0
game_looping,Super Mario_Wii_Super Mario Galaxy_File Select.mid,1.6815876343893321,0.9912663755458515,2.0855801584534643,0.002977801840822956,0.0,,
game_looping,Other games_Nintendo Entertainment System_Arkistas Ring_Overworld.mid,1.0681042331619905,0.9920127795527156,2.2557422420241067,0.006343239750969106,0.0,,
game_looping,Other games_Nintendo Entertainment System_Journey to Silius_Stage 1 & 5.mid,1.7722474935909613,0.9459459459459459,1.9096066194103336,0.006783291681542306,0.14285714285714285,0.0,0.0
game_looping,Super Mario_Nintendo DS_Mario & Luigi Partners in Time_Vim Factory.mid,1.8586161422950975,0.983941605839416,1.5695583213621263,0.0033392963625521765,0.9523809523809523,0.16326530612244897,0.16326530612244897
game_looping,Pokemon Mystery Dungeon_Nintendo 3DS_Pokemon Super Mystery Dungeon_Main Menu.mid,3.5189429569061823,0.7159090909090909,1.9493497323884108,0.008213552361396304,0.0,,
game_looping,Star Fox_Nintendo 64_Star Fox 64_Map.mid,2.152628102758255,0.9943127962085309,1.4957220149029669,0.005865384615384615,1.0,0.0,0.0
game_looping,Sonic_Sega Genesis_Sonic the Hedgehog 3_Hydrocity Zone Act 2.mid,2.051835332964031,0.728629579375848,2.1494175761071097,0.018857142857142857,0.0,,
game_looping,Pokemon_Game Boy Color_Pokemon Gold Version & Pokemon Silver Version_Pokemon Center.mid,2.2304849301201437,0.9941291585127201,1.9194764092746404,0.008627841380454622,0.0,,
game_looping,The Legend of Zelda_Nintendo Entertainment System_Zelda II The Adventure of Link_Overworld.mid,2.3155854940434986,0.9752475247524752,2.0224834711139676,0.0063363456944011635,0.0,,
game_looping,Mario Kart_Nintendo 3DS_Mario Kart 7_Rainbow Road.mid,2.806832530645879,0.9993192648059904,2.077691923870165,0.00507391325559838,0.0,,
game_looping,Kirby_Nintendo 64_Kirby 64 The Crystal Shards_Factory Inspection.mid,1.711348806401935,1.0,2.3382141259340714,0.004186121397520528,0.0,,
game_looping,Paper Mario_Nintendo Switch_Paper Mario The Origami King_Snif City Royal Hotel.mid,2.6385807257947307,0.9514978601997147,2.1972182030835894,0.008068952869979827,0.0,,
game_looping,The Legend of Zelda_Game Boy Advance_The Legend of Zelda The Minish Cap_Hyrule Castle.mid,2.488155040284666,0.9275862068965517,1.7162478526135059,0.0033517680576504107,0.0,,
game_looping,The Legend of Zelda_Multiplatform_The Legend of Zelda Twilight Princess_Hidden Village.mid,2.2170973231268314,0.9664536741214057,1.9825006335784987,0.006026984453119649,0.0,,
game_looping,Mana_PlayStation_Legend of Mana_Cliff Town Gato.mid,1.9478579724803606,0.9981900452488688,2.237428058125568,0.004964114832535885,0.0,,
game_looping,Kirby_Nintendo GameCube_Kirby Air Ride_The Beginners Room.mid,1.6422196875270554,0.9771186440677966,1.9207387952453252,0.006702877614700104,0.0,,
game_looping,Other games_Dreamcast_Illbleed_The Park.mid,2.388657857979027,0.9929078014184397,1.9465691740447355,0.003912975426514321,1.0,0.0,0.0
game_looping,Other games_Super Nintendo Entertainment System_Lufia & The Fortress of Doom_Overworld.mid,1.9526912761414792,0.9965217391304347,1.8170773469104864,0.0026766595289079227,1.0,0.0,0.0
game_looping,Pokemon_Game Boy Advance_Pokemon Ruby Version & Pokemon Sapphire Version_Crossing the Sea.mid,2.5663322528695818,0.9362068965517242,2.0490495187426427,0.012834224598930482,0.0,,
game_looping,Mario Kart_Super Nintendo Entertainment System_Super Mario Kart_Koopa Beach.mid,2.565397293956639,0.9907192575406032,2.1672534715554757,0.00821917808219178,0.0,,
game_looping,Kirby_Nintendo 64_Kirby 64 The Crystal Shards_Inside the Ruins.mid,2.089215164379685,0.9966254218222722,2.2199719626557837,0.006777713957495692,0.09090909090909091,0.5,0.5
game_looping,The Legend of Zelda_Multiplatform_The Legend of Zelda Twilight Princess_Death Mountain.mid,1.9125454747524102,0.9981220657276996,1.569111322693833,0.0022902705912291117,0.0,,
game_looping,Sonic_Sega Genesis_Sonic the Hedgehog 2_Mystic Cave Zone.mid,2.535140353330039,0.9860997547015535,2.178249633557462,0.008203371495537726,0.0,,
game_looping,Professor Layton_Nintendo DS_Professor Layton and the Curious Village_The Looming Tower.mid,2.928412187992594,0.8205479452054795,2.002984535736271,0.006796010084402061,0.0,,
game_looping,Mega Man_Nintendo Entertainment System_Mega Man 2_Wood Man Stage.mid,2.0964304461984478,0.9863013698630136,2.2230737647150733,0.009305555555555555,0.7777777777777778,0.0,0.0
game_looping,Final Fantasy_Super Nintendo Entertainment System_Final Fantasy VI_Town 2 (Unreleased Track).mid,2.087120989250196,0.990228013029316,2.029871615421593,0.006759069130732375,0.0,,
game_looping,Other games_Nintendo DS_Magical Starsign_Boss Battle.mid,1.8652041055995447,1.0,1.404424879028623,0.002486217706193925,0.0,,
game_looping,Other games_Nintendo GameCube_Super Monkey Ball 2_Bubbly Washing Machine Theme (World 7).mid,2.2831849727457194,0.9746707193515705,1.844438792021,0.005016543921443057,0.0,,
game_looping,Undertale_PC_Undertale_Mysterious Shrine.mid,2.477016602483613,0.989778534923339,1.9513614789686295,0.0033326390335346803,0.3333333333333333,0.0,0.0
game_looping,Pokemon_Nintendo DS_Pokemon Black Version & Pokemon White Version_Lacunosa Town.mid,2.0731510598780787,0.9965870307167235,1.941607219664106,0.006554920872740893,0.0,,
game_looping,Xeno_Wii_Xenoblade Chronicles_Eryth Sea.mid,2.5015655980096074,0.9971181556195965,2.0463949549953484,0.00276199742632058,0.0,,
game_looping,Donkey Kong_Nintendo 64_Donkey Kong 64_Battle Arena.mid,1.805330862468718,0.9831081081081081,1.9657464767286048,0.004087193460490463,0.0,,
game_looping,Super Mario_Nintendo DS_New Super Mario Bros_Bowser Jr Battle.mid,2.625388869520052,0.9711442786069652,2.3621610823808386,0.02487291212781409,0.0,,
game_looping,Pokemon_Nintendo DS_Pokemon Diamond Version & Pokemon Pearl Version_Route 216 (Day).mid,2.8219951928967992,0.9084380610412927,2.193718821504792,0.0077836715867158675,0.045454545454545456,0.0,0.0
game_looping,Donkey Kong_Nintendo 64_Donkey Kong 64_Banana Fairy Island.mid,1.0176405157546826,1.0,2.117539013139197,0.002805049088359046,0.6341463414634146,0.23529411764705882,0.23529411764705882
game_looping,Super Mario_Wii_Super Mario Galaxy 2_Spin-Dig Galaxy.mid,2.430192892853355,0.9917127071823204,2.346234527817604,0.006552357624004899,0.0,,
game_looping,The Legend of Zelda_Nintendo GameCube_The Legend of Zelda The Wind Waker_Forbidden Woods.mid,1.5098444787457324,0.8267716535433071,1.798192085669477,0.003095723014256619,0.0,,
game_looping,Other games_PC_Wadanohara and the Great Blue Sea_Impromptu for My Slumber (Versus Laurentia).mid,2.9125872090331266,0.7151898734177216,2.2894902059817546,0.013185414203873784,0.17857142857142858,0.16666666666666666,0.16666666666666666
game_looping,Super Mario_Game Boy Advance_Super Mario Advance_Bonus Stage (Mario Bros Classic).mid,1.6716648758004715,0.9898762654668166,2.142237520279764,0.007239141288067898,0.0,,
game_looping,The Legend of Zelda_Game Boy_The Legend of Zelda Links Awakening_Southern Face Shrine.mid,1.5590734969166418,0.9880478087649402,1.9248692023519134,0.007927356586912656,0.0,,
game_looping,Mega Man_Nintendo Entertainment System_Mega Man 5_Crystal Man Stage.mid,1.6650196610121983,0.9920212765957447,2.349478990433271,0.007925457855842347,0.0,,
game_looping,Sonic_Sega Genesis_Sonic the Hedgehog 2_Death Egg Zone.mid,2.0118171224852763,0.9941002949852508,1.7790399729453714,0.004174757281553398,0.0,,
game_looping,Super Mario_Wii_Super Mario Galaxy 2_Pipe Room.mid,2.139194883095844,0.9355932203389831,2.079715529432521,0.01182033096926714,0.0,,
game_looping,Pokemon_Game Boy Color_Pokemon Pinball_Red Field Theme.mid,2.0727361240286157,0.9737556561085973,2.173166853854611,0.0047488127968008,0.0,,
game_looping,Kirby_Wii_Kirbys Epic Yarn_Blub-Blub Ocean.mid,2.548796563748235,0.997037037037037,1.9400108522843271,0.006063887384948566,0.0,,
game_looping,Final Fantasy_Super Nintendo Entertainment System_Final Fantasy IV_Battle 2.mid,2.0021621616955056,0.9758125472411187,2.207095367643154,0.007950251889168767,0.0,,
game_looping,Other games_Arcade_Mamorukun Curse!_YO-KAI Disco (Hells Entrance World).mid,2.5827522898454425,0.9886826618379357,2.2516307176103916,0.007385169618733113,0.0,,
game_looping,Donkey Kong_Nintendo 64_Donkey Kong 64_Creepy Castle (Wind Tower).mid,2.135540777897332,0.9983193277310924,2.2110725258249047,0.00522508038585209,0.0,,
game_looping,Super Mario_Game Boy_Wario Land Super Mario Land 3_Kitchen Island.mid,1.6104126834741892,1.0,1.966399001699133,0.0021853146853146855,0.1111111111111111,0.6,0.6
game_looping,Mario Kart_Wii_Mario Kart Wii_Daisy Circuit.mid,2.719777291705361,0.9902120717781403,2.167401218992647,0.009549908653047667,0.0,,
game_looping,Other games_Nintendo Entertainment System_Mike Tysons Punch-Out!!_Fight Theme.mid,2.1139623378562136,0.9949066213921901,1.7340248967374146,0.006530984204131228,0.0,,
game_looping,Pokemon_Nintendo DS_Pokemon Ranger Shadows of Almia_Vien Forest.mid,2.7972353015063516,0.9891150023663038,2.1262909089181887,0.006016069770258812,0.0,,
game_looping,Mario Kart_Super Nintendo Entertainment System_Super Mario Kart_Donut Plains.mid,2.253155276853735,0.9867256637168141,2.212418391425208,0.009165760447413391,0.0,,
game_looping,Other games_Nintendo 3DS_Bravely Default_Beneath The Hollow Moon.mid,2.187175042003952,0.9325044404973357,1.9404746603335943,0.004724324904708219,0.0,,
game_looping,Pokemon_Nintendo 3DS_Pokemon Rumble Blast_Northerly Town.mid,2.1689803433093093,0.9772382397572079,1.9425597880568488,0.0048963889131765324,0.0,,
game_looping,The Legend of Zelda_Multiplatform_The Legend of Zelda Breath of the Wild_Korok Forest (Day).mid,2.763540168316127,0.9960159362549801,2.1585300156565523,0.006042296072507553,0.0,,
game_looping,Pokemon_Nintendo DS_Pokemon Black Version & Pokemon White Version_Route 10.mid,2.322068617377639,0.981245311327832,2.1020796474340755,0.0069269521410579345,0.0,,
game_looping,F-Zero_Super Nintendo Entertainment System_F-Zero_Mute City.mid,2.009601662146417,0.9960106382978723,2.2877238766829606,0.009683098591549295,0.0,,
game_looping,Mario Kart_Wii U_Mario Kart 8_3DS Music Park.mid,2.3887172585864227,0.9639133921411387,2.196091560511464,0.013723025350932328,0.0,,
game_looping,Super Mario_Super Nintendo Entertainment System_Super Mario All-Stars_SMB1 Bowser Battle.mid,2.152166133223436,0.991304347826087,1.891622413210603,0.005333333333333333,0.0,,
game_looping,Final Fantasy_Super Nintendo Entertainment System_Final Fantasy V_Town Theme.mid,3.0087230442377555,0.7813620071684588,2.0570847197026483,0.008145217593670002,0.0,,
game_looping,The Legend of Zelda_Multiplatform_The Legend of Zelda Breath of the Wild_Field (Day).mid,3.1900386352251564,0.036585365853658534,2.2652572899280514,0.004550625711035267,0.0,,
game_looping,Pokemon_Game Boy Advance_Pokemon Ruby Version & Pokemon Sapphire Version_Oldale Town.mid,1.9685377675848332,0.9961464354527938,2.050020517125252,0.0072783987522745,0.0,,
game_looping,Final Fantasy_Super Nintendo Entertainment System_Final Fantasy V_Battle 1.mid,2.3748284023504347,0.9706293706293706,2.0373521010858107,0.010352941176470589,0.0,,
game_looping,Pokemon Mystery Dungeon_Nintendo 3DS_Pokemon Mystery Dungeon Gates to Infinity_The Carpenter of Post Town.mid,2.346266552640977,0.8566978193146417,2.2546501373128414,0.007296849087893864,0.0,,
game_looping,Xeno_Nintendo Switch_Xenoblade Chronicles 2_Land of Morytha.mid,2.536816417881042,0.9969818913480886,2.1124214477671552,0.0022819404547773097,0.40425531914893614,0.4044784580498866,0.4044784580498866
game_looping,Super Mario_Nintendo 3DS_Super Mario 3D Land_World 6.mid,2.368509433663061,0.9384615384615385,1.135705382972221,0.0049435028248587575,0.0,,
game_looping,Final Fantasy_Super Nintendo Entertainment System_Final Fantasy IV_The Final Battle.mid,2.638291883659326,0.9506093649775497,2.3596354362757537,0.009928106812735364,0.0,,
game_looping,The Legend of Zelda_Super Nintendo Entertainment System_The Legend of Zelda A Link to the Past_Lost Woods.mid,1.3697746875600043,0.9927360774818402,2.1562676272713346,0.008003880669415474,0.0,,
game_looping,Kirby_Wii_Kirbys Epic Yarn_Grass Land.mid,2.3621420966164717,0.9859154929577465,1.9376425971670255,0.0077075304655765025,0.0,,
game_looping,The Legend of Zelda_Nintendo GameCube_The Legend of Zelda The Wind Waker_Inside a House.mid,0.9680246950413254,0.9917695473251029,2.172677542369076,0.0075589970501474925,0.0,,
game_looping,Super Mario_Wii_Super Mario Galaxy 2_World S.mid,2.8019100359889464,0.9983726606997559,2.269154337567887,0.006598014429302584,0.14634146341463414,0.0,0.0
game_looping,The Legend of Zelda_Nintendo GameCube_The Legend of Zelda The Wind Waker_Sealed Hyrule Castle.mid,1.6769877743224173,0.8,1.5229550675313184,0.0016304347826086956,0.0,,
game_looping,Donkey Kong_Nintendo 64_Donkey Kong 64_King Kut Out Battle.mid,2.6424190489862216,1.0,2.2592240312316743,0.003971856559237404,0.0,,
game_looping,The Legend of Zelda_N64_The Legend of Zelda Majora's Mask_Stone Temple Tower_0.mid,2.008439235373404,0.7676056338028169,1.7986879070748094,0.006004747940231811,0.0,,
game_looping,Super Mario_Super Nintendo Entertainment System_Super Mario RPG Legend of the Seven Stars_Moleville Mountain Ride.mid,1.4744030811888034,0.994920993227991,1.9526046660996932,0.004304050418876336,0.0,,
game_looping,Pokemon Mystery Dungeon_Nintendo 3DS_Pokemon Super Mystery Dungeon_Revelation Mountain.mid,3.193329689907989,0.9984544049459042,2.0194943487959414,0.0038417649296310385,0.0,,
game_looping,Other games_PC_Kero Blaster_Train Station.mid,2.424616546185713,0.9289940828402367,1.8977596817951727,0.0029296875,0.3076923076923077,0.2,0.2
game_looping,Donkey Kong_Nintendo 64_Donkey Kong 64_Jungle Japes (Barrel Blast).mid,0.8183863318165847,1.0,1.9586011139945425,0.0009936242444315642,0.12903225806451613,0.4,0.4
game_looping,Bomberman_Game Boy Advance_Bomberman Tournament_Bomber Base.mid,2.2084718784101818,0.9987429289754871,1.8630965260202401,0.005104188591875395,0.0,,
game_looping,Pokemon_Nintendo DS_Pokemon Diamond Version & Pokemon Pearl Version_Floaroma Town (Day).mid,2.6810726441097876,0.9913258983890955,2.1956064965299316,0.00596294455881309,0.0,,
game_looping,Pokemon_Nintendo 3DS_Pokemon X & Pokemon Y_Anistar City.mid,2.4608303875082065,0.9718004338394793,1.8811153944780685,0.002334305960817007,0.0,,
game_looping,Other games_Super Nintendo Entertainment System_Lufia & The Fortress of Doom_The Fortress of Doom.mid,1.9679691902373215,0.9611111111111111,1.6503974599582623,0.005269937931842136,0.0,,
game_looping,Other games_Arcade_Contra_Stage 17 - JungleHangar.mid,2.1122855498565256,0.9969765684051398,2.0254579941241477,0.006102635228848821,0.0,,
game_looping,Donkey Kong_Nintendo 64_Donkey Kong 64_DK Island Creepy Castle.mid,2.1973401624342297,0.9975124378109452,2.0311244262695514,0.0007321468799279117,0.0,,
game_looping,Super Mario_Nintendo 3DS_Mario & Luigi Dream Team_Breezy Mushrise Park.mid,2.5094204862000855,0.9981464318813716,2.204397526612248,0.004863186265893244,0.0,,
game_looping,Donkey Kong_Nintendo 64_Donkey Kong 64_Pufftoss Battle.mid,2.4591209151453453,0.997997997997998,2.215026087100183,0.003391107761868877,0.03333333333333333,0.0,0.0
game_looping,Final Fantasy_Nintendo Entertainment System_Final Fantasy_Menu.mid,2.15506531756564,0.9874213836477987,2.13196939063456,0.01808543810414718,0.0,,
game_looping,Donkey Kong_Nintendo 64_Donkey Kong 64_Creepy Castle (Greenhouse).mid,1.1967304604750388,1.0,2.2366172675205296,0.002260869565217391,0.0,,
game_looping,Other games_PC_Yume Nikki_Ponikos Room (Lights On).mid,1.7524236752648437,1.0,1.669580126981407,0.00625,0.0,,
game_looping,Super Mario_Game Boy Advance_Wario Land 4_Crescent Moon Village.mid,2.562716427714172,0.9870550161812298,1.9629855653672568,0.001718475521270908,0.030303030303030304,0.0,0.0
game_looping,Professor Layton_Nintendo 3DS_Professor Layton and the Miracle Mask_The One-Stop Shop.mid,1.7806561867122892,0.9924337957124842,2.0140861402064187,0.005195391913259544,0.0,,
game_looping,The Legend of Zelda_Nintendo 3DS_The Legend of Zelda A Link Between Worlds_Lorule Castle.mid,2.4260728017939837,0.9719254658385094,2.237200644473543,0.004451576168538744,0.0,,
game_looping,Super Mario_Game Boy_Wario Land Super Mario Land 3_Stage Theme I.mid,1.9815809058513016,0.9890453834115805,2.300706742909875,0.007079827621588344,0.0,,
game_looping,Other games_Nintendo Entertainment System_Shin Onigashima_Third Chapter Oni Fortress.mid,1.5132057576442761,0.9933554817275747,1.760985957628054,0.007955077211043519,0.0,,
game_looping,Mega Man_Nintendo Entertainment System_Mega Man_Guts Man Stage.mid,2.09073143526544,0.9650655021834061,1.6328539165984952,0.007351589781290204,0.0,,
game_looping,Other games_Nintendo Switch_Octopath Traveler_Town Veiled in White.mid,2.922004038703657,0.9718804920913884,1.92031258818119,0.0042424594641715585,0.0,,
game_looping,Pokemon_Nintendo DS_Pokemon Diamond Version & Pokemon Pearl Version_Contest Hall.mid,2.3922165107851177,1.0,2.0163197932549353,0.00641025641025641,0.2,0.125,0.125
game_looping,Other games_PC_Lenen 3 Reactivate Majestical Imperial_Walking a Road that Ends in Futility.mid,1.9763658834737483,0.9968454258675079,1.7952501772034362,0.0032615141332279106,0.0,,
game_looping,Donkey Kong_Nintendo 64_Donkey Kong 64_Creepy Castle (Museum).mid,2.6385089963276647,0.9784656796769852,2.213100383465815,0.0031291097909391863,0.18181818181818182,0.05714285714285714,0.05714285714285714
game_looping,Donkey Kong_Nintendo 64_Donkey Kong 64_Before Boss.mid,1.8852843675778233,0.995079950799508,1.1974957262590062,0.0028974158183241974,1.0,0.7309523809523811,0.7309523809523811
game_looping,Pokemon_Nintendo GameCube_Pokemon Colosseum_Semifinal Battle.mid,3.0303476185975233,0.9864864864864865,1.7476159713930708,0.0038988657844990547,0.0,,
game_looping,Pokemon_Nintendo 3DS_Pokemon X & Pokemon Y_Lumiose City.mid,2.7228430384867024,0.9969558599695586,2.062993693464105,0.005982559318596634,0.0,,
game_looping,Other games_Arcade_Tekken 2_Character Select.mid,1.84177720301421,0.9881422924901185,1.8407487285692812,0.0010939209251445538,1.0,0.0,0.0
game_looping,Pokemon_Game Boy Color_Pokemon Gold Version & Pokemon Silver Version_Pallet Town.mid,2.761367275896801,0.9941972920696325,1.9829980655055164,0.009370816599732263,0.0,,
game_looping,Paper Mario_Wii_Super Paper Mario_Closing Battle.mid,2.4376338938457183,0.9809220985691574,2.4004638555198343,0.010623229461756374,0.0,,
game_looping,Super Mario_Wii_Super Mario Galaxy_Drip Drop Galaxy.mid,2.4272394611463155,0.9944367176634215,1.8683721138294835,0.005068919519786572,0.0,,
game_looping,Pokemon_Nintendo DS_Pokemon Diamond Version & Pokemon Pearl Version_Route 201 (Day).mid,2.3658427341249575,0.9949238578680203,1.8139728658071295,0.00899850024995834,0.375,0.0,0.0
game_looping,Pokemon_Nintendo DS_Pokemon Diamond Version & Pokemon Pearl Version_Battle! (Team Galactic Boss).mid,1.8665290733563478,0.9989619017959099,2.2278024479547547,0.0008415246804994399,0.020242914979757085,0.11111111111111113,0.11111111111111113
game_looping,Kid Icarus_Nintendo Entertainment System_Kid Icarus_Overworld.mid,2.1069346080833338,0.9985454545454545,2.032194293186613,0.005779895337030384,0.0,,
game_looping,Other games_PC_Yume Nikki_FC Castle.mid,0.9858912746418074,1.0,1.7163849966397329,0.0014473946895587942,0.11764705882352941,0.0,0.0
game_looping,Super Mario_Game Boy Advance_Super Mario Advance 4 Super Mario Bros 3_World-e.mid,2.2762790072831134,0.9842931937172775,1.9498971262782496,0.01306076093128904,0.0,,
game_looping,Super Mario_Game Boy_Super Mario Land 2 6 Golden Coins_Overworld Map.mid,0.857174043642079,1.0,2.1990321296949293,0.009735202492211837,0.5714285714285714,0.18181818181818177,0.18181818181818177
game_looping,Other games_Sega Genesis_Golden Axe II_The Castle.mid,2.342604816273886,0.9046454767726161,2.0147475628810234,0.007485210672461669,0.0,,
game_looping,Final Fantasy_Nintendo Entertainment System_Final Fantasy_Chaos Temple.mid,1.823151020712367,0.9856459330143541,2.00796371402448,0.005381268605449966,0.0,,
game_looping,Pokemon_Game Boy Advance_Pokemon Ruby Version & Pokemon Sapphire Version_Battle! (Steven).mid,2.1591082104205706,0.9939613526570048,2.3220088563101453,0.012324518445968005,0.0,,
game_looping,Mario Party_Wii_Mario Party 9_Battle with Blooper!.mid,1.6198101295238172,0.9953863898500577,2.0364377940260154,0.008664259927797834,0.0,,
game_looping,Kirby_Game Boy Advance_Kirby & The Amazing Mirror_Radish Ruins.mid,2.466560520730879,0.9977081741787625,1.5664891452412126,0.00356605119264601,0.0,,
game_looping,Dragon Quest_NES_Dragon Quest_Town Theme_0.mid,0.7955665718025251,0.9625,2.0472919443381428,0.009153318077803204,0.0,,
game_looping,The Legend of Zelda_Game Boy Color_The Legend of Zelda Oracle of Ages & The Legend of Zelda Oracle of Seasons_Under the Sea.mid,1.719265761306796,0.9970674486803519,1.772126479400011,0.006985769728331177,0.0,,
game_looping,Donkey Kong_Nintendo 64_Donkey Kong 64_Hideout Helm (Bonus Barrel).mid,1.3769021130812846,0.9967602591792657,2.025030340855312,0.008454514710855596,0.0,,
game_looping,Super Mario_Nintendo 3DS_Super Mario 3D Land_World 3.mid,1.0481190195561487,0.9940828402366864,2.131998623388097,0.017350157728706624,0.0,,
game_looping,Pokemon_Game Boy Advance_Pokemon Ruby Version & Pokemon Sapphire Version_Battle! (BrendanMay).mid,1.6935904536541313,0.987391646966115,2.0238308842947674,0.006092401421560332,0.0,,
game_looping,Super Mario_Nintendo 3DS_Super Mario 3D Land_World 2.mid,1.654967301941598,0.9878787878787879,1.9175541420633426,0.013199245757385292,0.5,0.0,0.0
game_looping,The Legend of Zelda_Nintendo GameCube_The Legend of Zelda The Wind Waker_Inside the Pirate Ship.mid,2.3467722691421886,0.9851851851851852,1.916944079364582,0.0039822676384401534,0.0,,
game_looping,The Legend of Zelda_Nintendo DS_The Legend of Zelda Spirit Tracks_Mini Boss (Dungeon).mid,2.448160788020118,0.9892984542211652,2.405939062014511,0.00720504353047133,0.0,,
game_looping,Super Mario_SNES_Super Mario World_Forest of Illusion_0.mid,1.36780927577727,0.9824561403508771,2.072707962147488,0.007450050795800881,0.0,,
game_looping,Ace Attorney_Nintendo DS_Phoenix Wright Ace Attorney Trials and Tribulations_Detention Center Elegy of the Detained.mid,2.16376519411606,0.9915492957746479,1.9597680533689728,0.002749083638787071,0.2,0.0,0.0
game_looping,Super Mario_Super Nintendo Entertainment System_Super Mario RPG Legend of the Seven Stars_Fight Against Monsters.mid,2.125163413130316,0.986644407345576,1.795816029077499,0.006434134778191669,0.0,,
game_looping,Undertale_PC_Undertale_Room of Dog.mid,1.9761242063180613,0.888030888030888,2.204771451601773,0.010535070695869144,0.2,0.0,0.0
game_looping,Kirby_Wii_Kirbys Epic Yarn_Future City.mid,1.958343039374969,0.9991360691144708,1.8033021766444661,0.005425874639688012,0.0,,
game_looping,Pokemon_Nintendo DS_Pokemon Black Version 2 & Pokemon White Version 2_Battle! (Gym Leader-Hoenn Version).mid,2.3499835372545546,0.9884526558891455,2.0569351148765396,0.008116883116883116,0.0,,
game_looping,Super Mario_Super Nintendo Entertainment System_Yoshis Safari_Map.mid,2.2463955078116347,0.9961290322580645,1.8690882925272263,0.0061687229076358785,0.0,,
game_looping,Other games_PlayStation 2_Dark Cloud 2_Zelmite Mine.mid,2.236935532016553,0.9751655629139073,1.7624327353954394,0.0021549866390828377,0.3103448275862069,0.41714285714285715,0.41714285714285715
game_looping,Other games_Nintendo Entertainment System_Shin Onigashima_Fifth Chapter Castle Ruins.mid,2.0258001967006463,0.9904153354632588,2.0047499796634156,0.006747404844290658,0.0,,
game_looping,Final Fantasy_PS1_Final Fantasy VII_Fortress of the Condor_0.mid,1.356965285856569,0.9442771084337349,2.4110913822851034,0.009778112072207596,0.0,,
game_looping,Kirby_Nintendo GameCube_Kirby Air Ride_Station Fire.mid,1.9059808010221542,0.9967776584317938,2.129074318718515,0.004995004995004995,0.3333333333333333,0.0,0.0
game_looping,Pokemon Mystery Dungeon_Nintendo 3DS_Pokemon Super Mystery Dungeon_Serene Village.mid,3.261330036171131,0.9966178128523112,1.8646272527764547,0.0035340586237959945,0.0,,
game_looping,Donkey Kong_Nintendo 64_Donkey Kong 64_Gloomy Galleon (Barrel Course).mid,1.560167007086043,0.9932885906040269,1.7674988143393326,0.0012485311398354876,0.06451612903225806,0.0,0.0
game_looping,Pokemon_Nintendo DS_Pokemon Diamond Version & Pokemon Pearl Version_Oreburgh Mine.mid,1.9892988536844949,0.9984459984459985,2.295446258186448,0.004281537176274018,0.2708333333333333,0.5876623376623377,0.5876623376623377
game_looping,Metal Gear_Nintendo Entertainment System_Metal Gear_Jungle Theme.mid,2.3645105208890933,0.982010582010582,2.103749971750845,0.006202074875958503,0.0,,
game_looping,The Legend of Zelda_Nintendo GameCube_The Legend of Zelda Four Swords Adventures_Lake Hylia.mid,2.0899900376688394,0.9986919555264879,2.1332503614108838,0.00855379188712522,0.0,,
game_looping,Other games_Nintendo Entertainment System_StarTropics_Dungeon.mid,2.0838544873609086,0.9557522123893806,1.82223163027914,0.0053867700926524455,0.0,,
game_looping,Super Smash Bros_Nintendo 64_Super Smash Bros_Peachs Castle.mid,2.782286594385059,0.974739970282318,2.0756804671583495,0.005679042501221299,0.0,,
game_looping,Paper Mario_Nintendo 64_Paper Mario_The Castle Crumbles.mid,3.046614549192383,0.8563218390804598,2.24818349702577,0.006864222333835593,0.0,,
game_looping,Pokemon_Game Boy Advance_Pokemon Ruby Version & Pokemon Sapphire Version_The Trick House.mid,1.8712102204659715,0.9863597612958227,2.062226806349349,0.00798703553652043,0.0,,
game_looping,The Legend of Zelda_Nintendo GameCube_The Legend of Zelda The Wind Waker_Beedles Shop Ship.mid,2.228478488614731,0.9732540861812778,1.9292116573873457,0.0032425910564814115,0.08823529411764706,0.6833333333333333,0.6833333333333333
game_looping,Pokemon_Game Boy Color_Pokemon Gold Version & Pokemon Silver Version_Burned Tower.mid,2.071841914526034,0.9601226993865031,2.164092571281957,0.013865467491099868,0.0,,
game_looping,Sonic_Sega Genesis_Sonic & Knuckles_Lava Reef Zone Act 1.mid,2.6209262741203068,0.9922380336351876,1.9066156591615975,0.005995203836930456,0.0,,
game_looping,Other games_Game Boy Advance_Tactics Ogre The Knight of Lodis_Battle BGM 5.mid,1.6051123486199934,0.9982321744254566,0.9592139676938227,0.001694105382042483,0.034482758620689655,0.0,0.0
game_looping,Paper Mario_Nintendo GameCube_Paper Mario The Thousand-Year Door_Enemy Battle.mid,1.9925897263359538,0.9977941176470588,2.2041660112137453,0.012778645463580861,0.0,,
game_looping,Other games_Super Nintendo Entertainment System_Super NES Classic Edition BIOS_Menu.mid,2.387252114558686,0.9867149758454107,2.0509408167443235,0.006387225548902195,0.0,,
game_looping,Pokemon_Nintendo GameCube_Pokemon Colosseum_Main Menu.mid,1.5512416778659288,0.9942446043165467,1.7999469044664533,0.00682477392936359,0.0,,
game_looping,Other games_Game Boy Advance_Hamtaro Ham-Ham Heartbreak_Sandy Bay Island.mid,2.5255537756351667,0.9966044142614601,2.303759794438581,0.008210807714340271,0.0,,
game_looping,Pokemon Mystery Dungeon_Nintendo DS_Pokemon Mystery Dungeon Explorers of Time & Pokemon Mystery Dungeon Explorers of Darkness_Apple Woods.mid,2.1726001881412906,0.9977255496588324,2.0832450884466,0.0042968296365114384,0.18181818181818182,0.0,0.0
game_looping,The Legend of Zelda_N64_The Legend of Zelda Ocarina of Time_Temple of Time_0.mid,1.701840915978404,0.8498168498168498,1.8676471973801725,0.0005104273005687619,0.18181818181818182,0.5555555555555556,0.5555555555555556
game_looping,Super Mario_Multiplatform_Yoshis Cookie_Versus Music C.mid,2.177085583974605,0.9964601769911504,2.012100472032267,0.013256738842244807,0.0,,
game_looping,The Legend of Zelda_Game Boy_The Legend of Zelda Links Awakening_Shop.mid,2.254146993648559,0.8421052631578947,2.3309426549818006,0.018510546706844596,0.0,,
game_looping,Pokemon_Nintendo DS_Pokemon Black Version & Pokemon White Version_Battle! (Legendary Pokemon).mid,2.3089962735879768,0.8639846743295019,1.7519735296784644,0.006557377049180328,0.0,,
game_looping,The Legend of Zelda_Nintendo DS_The Legend of Zelda Phantom Hourglass_Dungeon.mid,1.4586720227337586,0.9954648526077098,1.8331764150245986,0.0014542432741248572,0.64,0.8666666666666668,0.8666666666666668
game_looping,Pokemon_Nintendo DS_Pokemon Black Version & Pokemon White Version_Route 4.mid,2.493574706764101,0.960618846694796,1.8125564936698124,0.0031425952599188163,0.0,,
game_looping,Pokemon_Nintendo DS_Pokemon Black Version & Pokemon White Version_Nacrene City.mid,2.4910097240684075,0.3674832962138085,2.275244345567637,0.007742820738998334,0.08,0.0,0.0
game_looping,Pokemon_Game Boy Color_Pokemon Gold Version & Pokemon Silver Version_Violet City.mid,2.921936752918511,0.9164345403899722,2.2856550732456578,0.016078017923036373,0.0,,
game_looping,Mega Man_Nintendo Entertainment System_Mega Man 4_Dive Man Stage.mid,1.4711273201369601,0.9961089494163424,2.142923136513756,0.006623314065510597,0.0,,
game_looping,Super Mario_Super Nintendo Entertainment System_Super Mario World 2 Yoshis Island_Castle & Fortress.mid,2.676439241162523,0.9655172413793104,2.310502106285674,0.008424747696358053,0.0,,
game_looping,Pokemon_Nintendo GameCube_Pokemon Colosseum_Normal Battle.mid,2.332872019917661,0.9976798143851509,1.9929485002608291,0.006790311138137225,0.08,0.0,0.0
game_looping,Final Fantasy_Nintendo Entertainment System_Final Fantasy_Battle.mid,2.1874999363224408,0.9779559118236473,2.0786237212659686,0.007252946509519492,0.0,,
game_looping,Paper Mario_Nintendo 64_Paper Mario_Over Shiver Mountain.mid,1.9516400705932917,0.9887920298879203,2.084327990234399,0.004803921568627451,0.0,,
game_looping,Super Smash Bros_Wii_Super Smash Bros Brawl_Subspace Emissary - Overworld.mid,0.9356491232963731,0.9898887765419616,1.81838231473851,0.002758620689655172,0.0,,
game_looping,Pokemon_Nintendo DS_Pokemon Black Version 2 & Pokemon White Version 2_Battle! (Gym Leader-Johto Version).mid,1.7533911823228454,0.9853503184713376,2.3294986179121215,0.010318396226415094,0.0,,
game_looping,Pokemon_Game Boy Color_Pokemon Gold Version & Pokemon Silver Version_Battle! (Gym Leader--Johto Version).mid,1.6450071396660453,0.982,2.320833335865893,0.009663673717851165,0.0,,
game_looping,Tales_PlayStation 2_Tales of the Abyss_Wyon Mirrored Cave.mid,2.9835809621305467,0.7130801687763713,1.717361359665224,0.000669960639812411,0.2,0.3555555555555556,0.3555555555555556
game_looping,Super Mario_Super Nintendo Entertainment System_Super Mario RPG Legend of the Seven Stars_Koopa Castle (Both Times).mid,1.1293706513144064,1.0,2.2464290495600565,0.0035555555555555557,0.5333333333333333,0.05555555555555556,0.05555555555555556
game_looping,Mega Man_PlayStation_Mega Man X6_Metal Shark Player Stage.mid,2.323793910430359,0.9361111111111111,1.556516166493306,0.005614973262032086,0.0,,
game_looping,Super Mario_Nintendo Entertainment System_Super Mario Bros 3_World 1 (Grass Land).mid,1.0725549067611506,0.9883268482490273,1.908704064831004,0.007586705202312138,0.0,,
game_looping,Golden Sun_Game Boy Advance_Golden Sun_Overworld.mid,2.6275633859732435,0.998501872659176,1.8814524942934365,0.0031309793007479564,0.0,,
game_looping,The Legend of Zelda_Nintendo DS_The Legend of Zelda Phantom Hourglass_Mercay Island.mid,1.1333633586423342,0.9802110817941952,1.985837639258007,0.005652324374206944,0.0,,
game_looping,The Legend of Zelda_Game Boy_The Legend of Zelda Links Awakening_Overworld.mid,2.4094563984287745,0.9776951672862454,2.245675298797299,0.010979161998655613,0.0,,
game_looping,Pokemon_Game Boy Advance_Pokemon Ruby Version & Pokemon Sapphire Version_Abandoned Ship.mid,2.0683675234091727,0.9964221824686941,2.21628934224631,0.008066614623991674,0.0,,
game_looping,Sonic_Sega Genesis_Sonic the Hedgehog 2_Mystic Cave Zone (2 Player).mid,2.164869843170532,0.995928338762215,1.6933142533143575,0.007069469318503158,0.0,,
game_looping,The Legend of Zelda_Multiplatform_The Legend of Zelda Breath of the Wild_Gerudo Town (Day).mid,3.013943564787137,0.9908333333333333,2.338574463985269,0.005030944300259533,0.06349206349206349,0.25,0.25
game_looping,Pokemon_Game Boy Color_Pokemon Gold Version & Pokemon Silver Version_Battle! (Gym Leader--Kanto Version).mid,1.9997122559486542,0.992849846782431,2.0407701529483946,0.010315105270594885,0.0,,
game_looping,Pokemon_Game Boy Advance_Pokemon Ruby Version & Pokemon Sapphire Version_Battle! (RegirockRegiceRegisteel).mid,1.5408145896405885,0.9796348314606742,1.91972085660928,0.00784385260853703,0.0,,
game_looping,Pokemon_Game Boy Advance_Pokemon Ruby Version & Pokemon Sapphire Version_Route 110.mid,2.5714016611533186,0.9948892674616695,1.9969295979263444,0.008094388805048704,0.0,,
game_looping,Pokemon_Game Boy Color_Pokemon Gold Version & Pokemon Silver Version_Route 11.mid,2.2919137893702297,0.9643527204502814,2.007374287889132,0.009545020680878142,0.0,,
game_looping,Pokemon_Game Boy Color_Pokemon Gold Version & Pokemon Silver Version_Celadon City.mid,1.9591877108440985,0.9528023598820059,1.9614274906672275,0.009549071618037135,0.0,,
game_looping,Kirby_Game Boy Advance_Kirby & The Amazing Mirror_Peppermint Palace.mid,2.5427112220985753,0.9938733832539143,2.0554903429162503,0.006309633733456448,0.0,,
game_looping,Kirby_Wii_Kirbys Epic Yarn_Melody Town.mid,1.8879120627886874,0.9989224137931034,2.1085838186024115,0.003975495307612096,0.0,,
game_looping,Mario Kart_Nintendo 64_Mario Kart 64_Moo Moo Farm Yoshi Valley.mid,2.0371971816478456,0.9828693790149893,2.078482261095652,0.005670473604344701,0.0,,
game_looping,Undertale_PC_Undertale_Start Menu.mid,1.1151533307089614,0.918552036199095,0.8415176568611328,0.0022823606129768505,0.0,,
game_looping,Pokemon_Nintendo DS_Pokemon HeartGold Version & Pokemon SoulSilver Version_New Bark Town.mid,2.713557327434584,0.9471228615863142,2.159139086134828,0.008339987578741903,0.0,,
game_looping,Pokemon_Nintendo DS_Pokemon Black Version 2 & Pokemon White Version 2_Battle! (Gym Leader-Kanto Version).mid,2.485947543577632,0.961864406779661,1.976409357424125,0.008819538670284939,0.0,,
game_looping,The Legend of Zelda_Multiplatform_The Legend of Zelda Twilight Princess_Kakariko Village.mid,2.510561058912064,0.9769335142469471,2.001710074206414,0.003520923520923521,0.0,,
game_not_looping,Pokemon_Game Boy_Pokemon Red Version & Pokemon Blue Version_Victory! (Trainer Battle).mid,2.405034068912316,0.9469964664310954,2.1382869232361825,0.027916666666666666,0.0,,
game_not_looping,The Legend of Zelda_Super Nintendo Entertainment System_The Legend of Zelda A Link to the Past_Epilogue.mid,3.787517339983439,0.7226069246435846,2.2394987699937223,0.00384189756331823,0.01680672268907563,0.2222222222222222,0.2222222222222222
game_not_looping,Undertale_PC_Undertale_An Ending.mid,2.5918244824721692,0.83125,1.972647950317851,0.004228227060653188,0.0,,
game_not_looping,Super Mario_Nintendo GameCube_Luigis Mansion_Boss Room After Victory.mid,1.4731942964392544,0.9916897506925207,2.2406521180229073,0.0052042674993494666,0.0,,
game_not_looping,The Legend of Zelda_Game Boy Advance_The Legend of Zelda The Minish Cap_Ezlo Appears.mid,2.3371763945429294,1.0,2.3121785849346628,0.005558894230769231,0.0,,
game_not_looping,Animal Crossing_Nintendo GameCube_Animal Crossing_Save Game.mid,1.4479280901806229,1.0,1.560603506411625,0.004629629629629629,0.0,,
game_not_looping,Animal Crossing_Nintendo 3DS_Animal Crossing New Leaf_KK Adventure (Aircheck).mid,3.086151296004306,0.9461358313817331,1.9959008283247746,0.00755718954248366,0.0,,
game_not_looping,The Legend of Zelda_Super Nintendo Entertainment System_The Legend of Zelda A Link to the Past_Credits.mid,3.3387871111753666,0.742393509127789,2.3372589811136386,0.006185311945899138,0.0,,
game_not_looping,Other games_Nintendo Entertainment System_Shin Onigashima_Ending.mid,2.3789957699883755,0.8940042826552462,2.120070108273367,0.006643966447969438,0.13333333333333333,0.0,0.0
game_not_looping,Other games_PlayStation 2_Wild Arms Alter Code F_Introduction.mid,3.2690024613549418,0.491869918699187,2.1889844428784593,0.012129268090055661,0.0,,
game_not_looping,Pokemon_Nintendo 64_Pokemon Snap_Snapshot Lullaby.mid,1.8769380003318916,0.8710801393728222,1.9788464835958184,0.009484193011647254,0.13333333333333333,0.0,0.0
game_not_looping,Mario Kart_Nintendo 64_Mario Kart 64_Result #3 (VS & Battle).mid,2.129668286665076,0.9869281045751634,2.019741478122932,0.007098625585259024,0.35294117647058826,0.3928571428571428,0.3928571428571428
game_not_looping,Fire Emblem_Nintendo Entertainment System_Fire Emblem Shadow Dragon and the Blade of Light_Opening Title Demo.mid,2.462481955254867,0.9103448275862069,2.120424221681218,0.005044533774730038,0.375,0.0,0.0
game_not_looping,Super Mario_Super Nintendo Entertainment System_Super Mario World 2 Yoshis Island_Ending.mid,2.8715047594733285,0.8421461897356143,2.076242423418807,0.0045352629433346925,0.0,,
game_not_looping,Animal Crossing_Nintendo 3DS_Animal Crossing New Leaf_Bubblegum KK.mid,2.0050617718908876,0.8514931396287329,2.048147108359932,0.006192187141655836,0.0,,
game_not_looping,The Legend of Zelda_Nintendo GameCube_The Legend of Zelda The Wind Waker_Wind Gods Aria.mid,1.8576049293267134,0.5316455696202531,1.8278126335882068,0.006802721088435374,0.0,,
game_not_looping,Mario Kart_Wii U_Mario Kart 8_Fanfare Collection.mid,3.1851062765842553,0.39092872570194387,2.4561804918956702,0.018032056990204808,0.0,,
game_not_looping,Other games_Nintendo Entertainment System_Famicom Detective Club The Missing Heir_Staff Roll.mid,2.8909504214168,0.8545454545454545,2.139788910052841,0.0048052604957005566,0.0,,
game_not_looping,Castlevania_Game Boy Advance_Castlevania Harmony of Dissonance_Prologue (Theme of Maxim Kischine).mid,2.3957410126719116,0.9758713136729222,2.3539377292766024,0.013173233854045232,0.0,,
game_not_looping,Mega Man_Nintendo Entertainment System_Mega Man 2_Opening.mid,2.8927601562812546,0.5466101694915254,2.40517838433869,0.016425594508457955,0.0,,
game_not_looping,Super Mario_Game Boy Color_Mario Golf_Intro.mid,2.0685263455479737,0.75,1.9011265587178794,0.015939990623534926,0.0,,
game_not_looping,Donkey Kong_Nintendo 64_Donkey Kong 64_K Rool Introduction.mid,2.6049266502497455,0.994994994994995,1.4580943057604714,0.0015602246723528188,0.0,,
game_not_looping,The Legend of Zelda_Multiplatform_The Legend of Zelda Twilight Princess_End Credits.mid,3.6868297785069206,0.6720248898107337,2.3389550594332778,0.005199152730666114,0.024096385542168676,0.07142857142857145,0.07142857142857145
game_not_looping,Super Mario_Game Boy_Super Mario Land_Ending.mid,2.392950316016802,0.9609507640067911,2.141647501440521,0.00618823312090145,0.07407407407407407,0.0,0.0
game_not_looping,Super Mario_Wii_Super Mario Galaxy_Prologue.mid,2.908742533309948,0.2786885245901639,1.9947179787882177,0.015148846221595914,0.0,,
game_not_looping,Animal Crossing_Nintendo GameCube_Animal Crossing_KK Ballad (Aircheck).mid,1.5860543484255258,0.9772079772079773,1.9160599238861684,0.004116529449018366,0.0,,
game_not_looping,Final Fantasy_Nintendo Entertainment System_Final Fantasy_Victory.mid,1.9610540777016143,0.8846153846153846,2.0200669013123984,0.008220979940808944,0.0,,
game_not_looping,Pokemon_Nintendo DS_Pokemon Diamond Version & Pokemon Pearl Version_Victory! (Gym Leader).mid,2.660012545986506,0.9655172413793104,2.0529891024316838,0.007898309268172282,0.0,,
game_not_looping,Animal Crossing_Nintendo 3DS_Animal Crossing New Leaf_KK Jongara (Aircheck).mid,1.2229643265167203,0.9844961240310077,1.6862759186925822,0.006067677946324387,0.0,,
game_not_looping,Other games_PC_Yume Nikki_NASU Title Screen Game Game Over.mid,2.2090355730259557,0.7912087912087912,1.7734603886857232,0.005614823133071308,0.0,,
game_not_looping,Animal Crossing_Nintendo 3DS_Animal Crossing New Leaf_KK Birthday (Aircheck).mid,2.490400115192082,0.9735294117647059,2.0714385174429575,0.004561182761874803,0.75,0.07407407407407407,0.07407407407407407
game_not_looping,Animal Crossing_Nintendo 3DS_Animal Crossing New Leaf_KK Disco (Aircheck).mid,1.8120403839197434,1.0,2.1330184679828053,0.007661000718218817,0.0,,
game_not_looping,Animal Crossing_Nintendo GameCube_Animal Crossing_KK Song (Aircheck).mid,1.4199212530211844,0.9866666666666667,1.2044697573040677,0.003590664272890485,0.0,,
game_not_looping,Animal Crossing_Nintendo 3DS_Animal Crossing New Leaf_KK Stroll.mid,1.0798014905951785,0.958171206225681,2.0847220170098315,0.0047180243273129375,0.0,,
game_not_looping,Animal Crossing_Nintendo 3DS_Animal Crossing New Leaf_KK Birthday (Music Box).mid,2.627283822879998,0.99836867862969,2.0962716203051572,0.0037479354592809045,0.0,,
game_not_looping,Pokemon_Game Boy Advance_Pokemon Ruby Version & Pokemon Sapphire Version_The End.mid,2.558127910368853,0.9948652118100129,2.0397964385731684,0.003934954724316124,0.0,,
game_not_looping,Pokemon_Game Boy Color_Pokemon Gold Version & Pokemon Silver Version_Pokegear Radio Pokemon Lullaby.mid,1.8234373465168618,0.9880478087649402,1.9798399154240078,0.007966011683483803,0.0,,
game_not_looping,Animal Crossing_Nintendo 3DS_Animal Crossing New Leaf_Space KK (Aircheck).mid,2.399020384470035,0.995768688293371,1.8852653866051599,0.006365004050457123,0.0,,
game_not_looping,Pokemon_Nintendo DS_Pokemon Diamond Version & Pokemon Pearl Version_Victory! (Wild Pokemon).mid,1.3594609119177008,0.9701149425287356,2.2330734715806853,0.01575866726699685,0.0,,
game_not_looping,Donkey Kong_Nintendo 64_Donkey Kong 64_Boss Introduction.mid,2.3528682424331446,0.9888143176733781,1.3719865397718387,0.002165944685104965,0.125,0.0,0.0
game_not_looping,Other games_Game Boy Advance_Advance Wars 2 Black Hole Rising_Ending Theme.mid,2.5457998229539367,0.8877551020408163,1.7851189968177994,0.0032991634264168727,0.0,,
game_not_looping,Animal Crossing_Nintendo GameCube_Animal Crossing_KK Gumbo.mid,2.557730084015044,0.9148296593186372,2.1862207131921982,0.0050644567219152855,0.0,,
game_not_looping,Animal Crossing_Nintendo GameCube_Animal Crossing_Go KK Rider! (Aircheck).mid,2.1463317093453655,0.9925512104283054,1.9911792324792843,0.005823263939438055,0.0,,
game_not_looping,Animal Crossing_Nintendo 3DS_Animal Crossing New Leaf_Space KK (Music Box).mid,1.2090737764899921,0.9889705882352942,1.8900352189478162,0.002318303002202388,0.3181818181818182,0.0,0.0
game_not_looping,Animal Crossing_Nintendo 3DS_Animal Crossing New Leaf_KK Bazaar (Music Box).mid,2.0633110510048676,0.9057471264367816,1.8847020091458702,0.00420954162768943,0.0,,
game_not_looping,Animal Crossing_Nintendo GameCube_Animal Crossing_KK Swing (Aircheck).mid,2.587580657900793,0.9627507163323782,2.383114969729308,0.0131888836552049,0.0,,
game_not_looping,Other games_Nintendo Entertainment System_Princess Tomato in the Salad Kingdom_Ending Staff Roll.mid,2.799455261443502,0.8877697841726618,1.9927837229240668,0.004530011325028313,0.0,,
game_not_looping,Mario Kart_Nintendo 64_Mario Kart 64_Result #2 (Lose).mid,1.8238733159854377,1.0,1.5415362042923422,0.002082790939859412,0.0,,
game_not_looping,Other games_Arcade_SoulCalibur II_Hubris (Reprise).mid,3.9288842005919755,0.4242053789731051,1.88075545242256,0.005357044237035401,0.0,,
game_not_looping,Mega Man_Nintendo Entertainment System_Mega Man 3_Ending.mid,2.61217180481491,0.9265017667844523,2.2521327694391,0.006374238632607772,0.07547169811320754,0.0,0.0
game_not_looping,Pokemon Mystery Dungeon_Nintendo DS_Pokemon Mystery Dungeon Explorers of Time & Pokemon Mystery Dungeon Explorers of Darkness_Ending Theme.mid,2.579205354968125,0.8467009087317265,2.2137878056166067,0.006834566051867803,0.0,,
game_not_looping,Super Mario_Wii U_Super Mario 3D World_Grand Finale.mid,2.330095471411965,0.5174129353233831,1.7010403958473412,0.035736677115987464,0.0,,
game_not_looping,Super Mario_Super Nintendo Entertainment System_Super Mario RPG Legend of the Seven Stars_Logo Intro.mid,2.7901397630185,0.47058823529411764,2.2826649488669224,0.010443864229765013,0.0,,
game_not_looping,Super Mario_Nintendo DS_Mario & Luigi Bowsers Inside Story_The Grand Finale.mid,1.9741252079801537,0.9953007518796992,2.109288435131552,0.00490363781503022,0.0,,
game_not_looping,Golden Sun_Game Boy Advance_Golden Sun The Lost Age_Epilogue.mid,3.0065456837122766,0.998025666337611,2.0566622637629584,0.004204079514195256,0.0,,
game_not_looping,Pokemon_Game Boy_Pokemon Red Version & Pokemon Blue Version_A Rival Appears.mid,2.109189930752114,0.8862745098039215,2.098679749123276,0.02154663518299882,0.0,,
game_not_looping,Kirby_Wii_Kirbys Epic Yarn_Ending.mid,2.6982124419885576,0.5190311418685121,2.1911100208628835,0.010342598577892695,0.0,,
game_not_looping,Super Mario_Nintendo Entertainment System_Super Mario Bros 3_Ending.mid,2.6634662416538593,0.9669499527856469,2.1593826705235983,0.005429034759923852,0.0,,
game_not_looping,Animal Crossing_Nintendo GameCube_Animal Crossing_Senor KK.mid,2.1963091520446634,0.9733688415446072,1.9182728533669862,0.002687140115163148,0.06060606060606061,0.0,0.0
game_not_looping,Super Mario_Super Nintendo Entertainment System_Super Mario World 2 Yoshis Island_Yoshi Start Demo.mid,1.6893364965870115,0.8955431754874652,1.9051946693181103,0.00776156473144986,0.0,,
game_not_looping,Other games_Super Nintendo Entertainment System_Lufia & The Fortress of Doom_Fanfare.mid,1.428878321439851,0.9240121580547113,1.9778133234623054,0.01028999064546305,0.0,,
game_not_looping,Animal Crossing_Nintendo DS_Animal Crossing Wild World_KK Metal.mid,1.8123136590484286,0.9943074003795066,2.069032030535951,0.018443804034582133,0.0,,
game_not_looping,Other games_Nintendo Entertainment System_Super Pitfall_Ending.mid,2.3661006406733938,0.9655172413793104,1.8778551975542872,0.010416666666666666,0.2222222222222222,0.0,0.0
game_not_looping,Super Mario_Nintendo 64_Yoshis Story_Baby Bowsers Lullaby.mid,3.1412110498556336,0.987012987012987,2.037244630726829,0.005469315531247487,0.125,0.7321428571428572,0.7321428571428572
game_not_looping,The Legend of Zelda_Nintendo GameCube_The Legend of Zelda The Wind Waker_Game Demo.mid,3.259019943165144,0.7933673469387755,2.0981390817954986,0.008307372793354102,0.0,,
game_not_looping,Animal Crossing_Wii_Animal Crossing City Folk_KK Sonata (Aircheck).mid,2.3726207393994216,0.9892008639308856,2.174690552581724,0.0053614666205465235,0.0,,
game_not_looping,The Legend of Zelda_Super Nintendo Entertainment System_The Legend of Zelda A Link to the Past_Opening.mid,2.713806704597025,0.974304068522484,2.335392389179653,0.0095404984423676,0.0,,
game_not_looping,Pokemon_Game Boy_Pokemon Red Version & Pokemon Blue Version_Victory! (Gym Leader Battle).mid,2.632492789444586,0.9685598377281948,1.9822986147302633,0.006468716861081654,0.375,0.02857142857142858,0.02857142857142858
game_not_looping,Animal Crossing_Nintendo 3DS_Animal Crossing New Leaf_Bubblegum KK (Aircheck).mid,2.322350216358262,0.9563253012048193,2.0815415754101836,0.005947955390334572,0.0,,
game_not_looping,Mega Man_Super Nintendo Entertainment System_Mega Man 7_Opening Stage.mid,1.5757014825876199,0.9924146649810367,1.9744772626558822,0.0030881527231892197,0.0,,
game_not_looping,Animal Crossing_Nintendo GameCube_Animal Crossing_KK Bossa (Aircheck).mid,2.6383054522436935,0.816933638443936,2.247439979113008,0.009415371140792644,0.0,,
game_not_looping,Metroid_Super Nintendo Entertainment System_Super Metroid_Ending.mid,3.209114081975152,0.7390557939914163,2.218624108813238,0.00635862653666808,0.0,,
game_not_looping,Animal Crossing_Nintendo 3DS_Animal Crossing New Leaf_KK Jongara.mid,2.59776061953699,0.7836065573770492,2.00820013283068,0.007053350341412171,0.0,,
game_not_looping,The Legend of Zelda_Multiplatform_The Legend of Zelda Breath of the Wild_Epilogue.mid,4.055808693290559,0.42723880597014924,2.2004875312130387,0.008701169219613886,0.07142857142857142,0.4,0.4
game_not_looping,Five Nights at Freddys_PC_Five Nights at Freddys 2_Lullaby Waltz (The Monastery Bells).mid,3.3015273956677853,0.6237424547283702,2.0007897746429175,0.02063524175601861,0.0,,
game_not_looping,Other games_PC_Treasure MathStorm!_Intro and Title Theme.mid,2.1116257795252147,0.9737510584250635,1.8060388634494609,0.005012066085019491,0.0,,
game_not_looping,Pokemon Mystery Dungeon_Nintendo 3DS_Pokemon Mystery Dungeon Gates to Infinity_Opening.mid,3.200721275354234,0.5765696784073507,2.025253437920028,0.010981032761593611,0.0,,
game_not_looping,Animal Crossing_Nintendo 3DS_Animal Crossing New Leaf_Space KK.mid,2.9139026757709745,0.7151424287856072,1.9680306636923017,0.005352960856473737,0.0,,
game_not_looping,Pokemon_Nintendo DS_Pokemon Black Version 2 & Pokemon White Version 2_THE END.mid,2.3129180705907366,0.9899665551839465,2.1651229322078165,0.007842176203896581,0.0,,
game_not_looping,Castlevania_Game Boy_Castlevania The Adventure_Theme from The Legend of Dracula & Reprise.mid,2.0545582379095664,0.8303715670436187,2.0751631873654808,0.006374085684430512,0.16666666666666666,0.0,0.0
game_not_looping,Mega Man_Super Nintendo Entertainment System_Mega Man X2_Credits.mid,2.1516134052896265,0.7357357357357357,1.8797357478713672,0.011736382786638579,0.0,,
game_not_looping,Mario Kart_Super Nintendo Entertainment System_Super Mario Kart_Credits.mid,2.083746819940621,0.9785310734463277,2.26996403044779,0.0075681130171543895,0.9,0.0,0.0
game_not_looping,The Legend of Zelda_Nintendo Entertainment System_Zelda II The Adventure of Link_Credits.mid,2.7063767843235476,0.9828571428571429,1.9997369135391316,0.005929162115774692,0.7058823529411765,0.0,0.0
game_not_looping,Pokemon_Game Boy Color_Pokemon Gold Version & Pokemon Silver Version_Victory! (Trainer Battle).mid,1.9244493694601568,0.967479674796748,2.083709990397973,0.01647058823529412,0.5714285714285714,0.0,0.0
game_not_looping,Paper Mario_Nintendo GameCube_Paper Mario The Thousand-Year Door_Level Up!.mid,1.4549949405185008,0.9280155642023347,2.276579103312924,0.012198502911006376,0.0,,
game_not_looping,Pokemon_Nintendo DS_Pokemon Diamond Version & Pokemon Pearl Version_Victory! (Trainer Battle).mid,2.0303061621790284,0.953551912568306,1.5598192518416074,0.012003000750187547,0.0,,
game_not_looping,Other games_PC_Long Live the Queen_Introduction.mid,2.722519079232181,0.39712918660287083,2.1503867051878456,0.01332859427759019,0.0,,
game_not_looping,Ace Attorney_Nintendo DS_Phoenix Wright Ace Attorney Trials and Tribulations_Prologue.mid,2.80675862792618,0.5130111524163569,1.2574270748241752,0.009836519811582156,0.0,,
game_not_looping,Kirby_Nintendo GameCube_Kirby Air Ride_Opening.mid,2.438298238213329,0.8096514745308311,2.177332953113693,0.014135338345864662,0.0,,
game_not_looping,Other games_Nintendo Entertainment System_Sweet Home_Ending Theme.mid,2.1738319639459562,1.0,2.1233481186231806,0.0005813701245173326,0.0,,
game_not_looping,Animal Crossing_Nintendo Switch_Animal Crossing New Horizons_Welcome Horizons (Opening Theme).mid,3.553348873372018,0.8707865168539326,2.253606178674007,0.007634176434299815,0.0,,
game_not_looping,Super Mario_Wii_Super Mario Galaxy 2_Ending.mid,2.509653658758585,0.958041958041958,1.9595069403518053,0.0059775611550487405,0.14814814814814814,0.6190476190476191,0.6190476190476191
game_not_looping,Super Mario_Nintendo Entertainment System_Super Mario Bros The Lost Levels_Ending.mid,2.198447374741171,0.8106666666666666,2.255796904729326,0.009333821376281113,0.0,,
game_not_looping,Pokemon Mystery Dungeon_Nintendo DS_Pokemon Mystery Dungeon Explorers of Time & Pokemon Mystery Dungeon Explorers of Darkness_At the End of the Day.mid,2.5873218912732003,0.9974779319041615,2.0825348752722044,0.00658008658008658,0.0,,
game_not_looping,Super Mario_Super Nintendo Entertainment System_Super Mario RPG Legend of the Seven Stars_Opening.mid,1.7520206970272734,0.9504232164449818,2.1572854424887296,0.003585835948005379,0.0,,
game_not_looping,Other games_Nintendo Entertainment System_Air Fortress_Title Screen Prologue.mid,2.3213969457282984,0.9997990353697749,2.061135898072517,0.0005545897635527874,0.13191489361702127,0.0,0.0
game_not_looping,"Pokemon_Nintendo Switch_Pokemon Lets Go, Pikachu! & Pokemon Lets Go, Eevee!_Congratulations!.mid",2.379364727655642,0.9948783610755442,2.114597269683859,0.004504233979941145,0.0,,
game_not_looping,Animal Crossing_Nintendo 3DS_Animal Crossing New Leaf_Hypno KK (Aircheck).mid,1.6288517280678287,1.0,2.100130006173669,0.0047425474254742545,0.0,,
game_not_looping,Super Mario_Super Nintendo Entertainment System_Super Mario RPG Legend of the Seven Stars_The End!.mid,2.50099171784579,0.9917355371900827,2.113049985684756,0.0044253079775146515,0.0,,
game_not_looping,The Legend of Zelda_Nintendo GameCube_The Legend of Zelda The Wind Waker_Ballad of Gales.mid,2.9282026350632866,0.22988505747126436,2.021643062045626,0.0185799601857996,0.0,,
game_not_looping,Donkey Kong_Nintendo 64_Donkey Kong 64_Ending.mid,2.072668638487026,0.9917081260364843,1.8693827661367433,0.003100620124024805,0.96,0.3109243697478992,0.3109243697478992
game_not_looping,Animal Crossing_Nintendo GameCube_Animal Crossing_KK Aria (Aircheck).mid,2.463886331392313,0.9900990099009901,1.985864853369683,0.003267426273458445,0.0,,
game_not_looping,Pokemon_Game Boy_Pokemon Yellow Version_Opening Movie.mid,2.0772335604724543,0.6115702479338843,1.977821651523433,0.025456292026897216,0.0,,
game_not_looping,The Legend of Zelda_Multiplatform_The Legend of Zelda Twilight Princess_Opening.mid,1.8812042588518085,0.9844559585492227,1.9491412979580716,0.005492349941153394,0.0,,
game_not_looping,Super Smash Bros_Nintendo GameCube_Super Smash Bros Melee_Opening.mid,2.75345939719082,0.8618834080717489,2.1889039474149863,0.016029310739638196,0.0,,
game_not_looping,Super Mario_Wii_Super Mario Galaxy 2_Prologue.mid,1.811963560245147,0.9220489977728286,2.0470640959590645,0.009509093070248425,0.0,,
game_not_looping,Tales_Nintendo GameCube_Tales of Symphonia_The End of a Thought.mid,2.0152117476921374,0.9988322304398599,1.8636728275178034,0.0020651234271443666,0.7358490566037735,0.0,0.0
game_not_looping,Paper Mario_Wii_Super Paper Mario_Big Blooper Appears.mid,2.632180775704937,0.9647495361781077,2.1268052220025986,0.009288917360666239,0.0,,
game_not_looping,The Legend of Zelda_N64_The Legend of Zelda Ocarina of Time_Song of Storms_0.mid,1.7028303094963024,0.9399293286219081,1.887013542758745,0.005265567765567766,0.0,,
game_not_looping,SaGa_Game Boy_Final Fantasy Legend II_Ending Theme 1.mid,3.738135519962645,0.4613733905579399,2.304380713735525,0.007670053152122721,0.0,,
game_not_looping,Pokemon_Game Boy Color_Pokemon Gold Version & Pokemon Silver Version_Opening Movie.mid,2.73910131178309,0.5196304849884527,2.296718860551454,0.023439313065676492,0.0,,
game_not_looping,Undertale_PC_Undertale_Finale.mid,2.365915893127151,0.9609164420485176,1.989164825285843,0.007702635856123242,0.0,,
game_not_looping,Other games_Nintendo Entertainment System_Famicom Grand Prix II 3D Hot Rally_Opening.mid,2.46935545957543,0.9649415692821369,2.049069904580611,0.005704608253855067,0.0,,
game_not_looping,Other games_PC_Do You Remember My Lullaby?_Lullaby (Music Box).mid,2.5352326168225825,0.9905956112852664,1.9271752125570152,0.005201831044527674,0.3333333333333333,0.0,0.0
game_not_looping,Animal Crossing_Nintendo GameCube_Animal Crossing_Only Me (Aircheck).mid,1.8921352191708372,0.9773371104815864,1.8830062493428763,0.005106093271303755,0.36363636363636365,0.17142857142857143,0.17142857142857143
game_not_looping,Pokemon_Game Boy Color_Pokemon Gold Version & Pokemon Silver Version_A Rival Appears! (Version 2).mid,2.152964440013874,0.9668874172185431,2.1803179434199733,0.013719185423365487,0.0,,
game_not_looping,Final Fantasy_Super Nintendo Entertainment System_Final Fantasy VI_Victory Fanfare.mid,2.0689644179149482,0.9236641221374046,1.8918880240886817,0.00839030453697949,0.0,,
game_not_looping,Super Smash Bros_Wii_Super Smash Bros Brawl_Classic Mode Results Screen (Master Hand).mid,2.5223870224830307,0.9762845849802372,2.2106581131658545,0.00786697657786519,0.2857142857142857,0.0625,0.0625
game_not_looping,Other games_Super Nintendo Entertainment System_Illusion of Gaia_Show Me Your Eyes (Ending).mid,2.3620534537227686,0.7879548306148055,2.0283920938669726,0.004213680415749801,0.03773584905660377,0.2857142857142857,0.2857142857142857
game_not_looping,Other games_Super Nintendo Entertainment System_Tetris Attack_Demo (Lips Theme).mid,2.4547194474790563,0.9926524614254225,1.5968216673104791,0.0015501472639900791,0.04081632653061224,0.0,0.0
game_not_looping,Animal Crossing_Nintendo 3DS_Animal Crossing New Leaf_KK Birthday.mid,3.096703072748941,0.5257352941176471,2.295638568181359,0.0076296296296296294,0.0,,
game_not_looping,EarthBoundMother_Game Boy Advance_Mother 3_Shower Time Ballad.mid,2.361637426183797,0.9635258358662614,2.308997393452759,0.006162619573215599,0.2962962962962963,0.0,0.0
game_not_looping,Other games_Arcade_Bubble Bobble_Itsuwari No Ending.mid,1.492389061193408,0.8607594936708861,1.9108818853974014,0.005538248528902735,0.0,,
game_not_looping,The Legend of Zelda_Game Boy_The Legend of Zelda Links Awakening_Credits.mid,2.135171463040904,0.8935978358881875,2.2899356867763165,0.012982536764705883,0.0,,
game_not_looping,Animal Crossing_Nintendo GameCube_Animal Crossing_The K Funk (Aircheck).mid,2.651946945928312,0.991044776119403,2.1277245362317516,0.004320820955981636,0.0,,
game_not_looping,Mario Kart_Nintendo 64_Mario Kart 64_Result #1 (Win).mid,2.3351734469288337,0.9974619289340102,1.815543199734747,0.001938454082868912,0.0,,
game_not_looping,DrakengardNieR_PlayStation 2_Drakengard_Game Over Continue.mid,1.6033422805537156,0.9796839729119639,1.3102113578052856,0.0022732439190725163,0.9090909090909091,0.0,0.0
game_not_looping,Other games_Nintendo DS_Theresia_Opening Song.mid,1.3801204159801397,0.8865248226950354,1.9984549819431163,0.005613305613305614,0.0,,
game_not_looping,EarthBoundMother_Game Boy Advance_Mother 3_Smashing Song of Praise.mid,2.7184754704192664,0.9979181124219292,2.0769270448669372,0.009461575114015384,0.0,,
game_not_looping,Other games_PC_Yume Nikki_The End.mid,1.6052071074554588,1.0,1.844621476365503,0.0009377930603313535,1.0,0.0,0.0
game_not_looping,Mega Man_Nintendo Entertainment System_Mega Man 6_Intro.mid,0.8885050320973327,0.9058823529411765,1.8676979984944961,0.010280633509308142,0.0,,
game_not_looping,Animal Crossing_Nintendo 3DS_Animal Crossing New Leaf_Hypno KK (Music Box).mid,1.7320927953219525,0.9147540983606557,2.133795734195369,0.00784966698382493,0.19047619047619047,0.25,0.25
game_not_looping,Final Fantasy_Super Nintendo Entertainment System_Final Fantasy V_Victory Fanfare.mid,2.2528969871746845,0.8849765258215962,1.9862503085738266,0.011027095148078135,0.0,,
game_not_looping,Mega Man_Super Nintendo Entertainment System_Mega Man X_Ending.mid,0.735909595346598,0.885593220338983,1.8636123145160766,0.0036900369003690036,0.0,,
game_not_looping,Super Smash Bros_Multiplatform_Super Smash Bros for Nintendo 3DS and Wii U_Classic Final Results.mid,3.4949233136929734,0.9829488465396189,2.1045686257338807,0.006374177798874348,0.0,,
game_not_looping,Super Smash Bros_Nintendo Switch_Super Smash Bros Ultimate_Classic Mode Defeat.mid,2.6862016163070996,0.9702970297029703,1.955627925077847,0.009566456340321597,0.0,,
game_not_looping,Animal Crossing_Nintendo GameCube_Animal Crossing_KK Jazz (Aircheck).mid,1.9241720765355186,0.9731663685152058,2.3025153442270727,0.007815307222421847,0.0,,
game_not_looping,Other games_Arcade_Splatterhouse_Ending.mid,2.464544308049171,0.9859719438877755,2.140277148338443,0.005696794490264433,0.0,,
game_not_looping,Other games_Nintendo Entertainment System_Shadowgate_Game Over.mid,1.6253339543287988,1.0,2.022956454291559,0.005274588892336333,0.0,,
game_not_looping,Pokemon Mystery Dungeon_Nintendo DS_Pokemon Mystery Dungeon Explorers of Time & Pokemon Mystery Dungeon Explorers of Darkness_Epilogue Theme.mid,3.4089326536125086,0.12698412698412698,1.9180988567070099,0.007076139258420606,0.0,,
game_not_looping,Mega Man_Nintendo Entertainment System_Mega Man 2_Ending.mid,2.5557262062716104,0.5833333333333334,2.2086330843075554,0.006512637618235386,0.0,,
game_not_looping,Pokemon_Nintendo DS_Pokemon Diamond Version & Pokemon Pearl Version_Victory! (Team Galactic).mid,1.787040495715622,0.909952606635071,2.2523908036294316,0.021510755377688845,0.0,,
game_not_looping,Pokemon_Game Boy Color_Pokemon Crystal Version_Opening Movie.mid,2.230736847119647,0.5785714285714286,2.0067522475113257,0.01989795918367347,0.0,,
game_not_looping,Animal Crossing_Nintendo 3DS_Animal Crossing New Leaf_KK Bazaar.mid,2.6571231675971716,0.9064220183486239,1.5554242229136903,0.006723619680430312,0.0,,
game_not_looping,Other games_Arcade_Xevious_Intro & Gameplay Music.mid,1.9481005369978532,0.8020304568527918,1.6833290596324877,0.01096163428001993,0.0,,
game_not_looping,Super Mario_Game Boy_Super Mario Land 2 6 Golden Coins_Staff Roll.mid,1.9813744714364918,0.9642365887207703,2.050078235148489,0.005622638031154945,0.0,,
game_not_looping,Star Fox_Wii U_Star Fox Zero_Staff Credits 2.mid,2.8028086071917437,0.3313253012048193,2.1727392346603422,0.014698513445799232,0.0,,
game_not_looping,The Legend of Zelda_Game Boy_The Legend of Zelda Links Awakening_Ballad of the Wind Fish.mid,2.465172650090326,0.4588235294117647,2.077401972148858,0.011300595849599342,0.0,,
game_not_looping,Super Mario_Super Nintendo Entertainment System_Super Mario RPG Legend of the Seven Stars_Culex Victory.mid,2.252297348191146,0.9057971014492754,1.816425138672532,0.009351821992905514,0.0,,
game_not_looping,Other games_Nintendo Entertainment System_The Flintstones The Rescue of Dino & Hoppy_Title Theme & Ending.mid,1.6286105038084981,0.9510268562401264,1.866476319866457,0.007336871682797378,0.0,,
game_not_looping,The Legend of Zelda_Game Boy Advance_The Legend of Zelda The Minish Cap_Game Over.mid,2.028702540363461,0.9808306709265175,2.1346005513279893,0.008108529549352877,0.25,0.0,0.0
game_not_looping,Other games_Nintendo DS_Etrian Odyssey III The Drowned City_Unrest The End of the Raging Waves.mid,2.065283273339428,0.9995550611790879,2.0643264759277784,0.001738653001464129,0.03669724770642202,0.4,0.4
game_not_looping,Other games_PC_Epic Battle Fantasy 4_A Stroll Through Nostalgia (Ending Version).mid,3.1532798349301894,0.8214783821478382,1.904797116797822,0.004633000198557152,0.0,,
game_not_looping,Animal Crossing_Nintendo DS_Animal Crossing Wild World_Steep Hill (Aircheck).mid,1.9196088909205804,0.9952456418383518,1.911862740717551,0.0022362431115725582,0.0,,
game_not_looping,Super Mario_Nintendo Entertainment System_Super Mario Bros 2_Ending.mid,1.968859485191279,0.8976486860304288,2.172314072964622,0.0063416942735447235,0.1111111111111111,0.5208333333333334,0.5208333333333334
game_not_looping,Pokemon_Game Boy Color_Pokemon Gold Version & Pokemon Silver Version_Victory! (Gym Leader).mid,2.1747376672762213,0.9683453237410072,1.9500668657066749,0.005357878829509548,0.0,,
game_not_looping,The Legend of Zelda_Nintendo Entertainment System_The Legend of Zelda_Ending.mid,2.0379770213883495,0.9802867383512545,2.037107811233259,0.005204538357447695,0.25,0.3333333333333333,0.3333333333333333
game_not_looping,Pokemon_Game Boy Advance_Pokemon Ruby Version & Pokemon Sapphire Version_Ending Theme.mid,2.972679589845568,0.5625,2.166768442278694,0.009273482391761961,0.0,,
game_not_looping,Animal Crossing_Nintendo DS_Animal Crossing Wild World_KK Dixie.mid,1.9154757689753066,0.8595641646489104,2.378617297278847,0.007099697885196375,0.0,,
game_not_looping,Donkey Kong_Nintendo 64_Donkey Kong 64_K Rool Defeated.mid,1.4556386907527838,0.9912023460410557,2.3629729610965624,0.0033290653008962866,0.6,0.0,0.0
game_not_looping,Metroid_Nintendo Entertainment System_Metroid_Ending Theme.mid,2.4871306086335263,0.8753269398430689,1.8091627553306788,0.00526123492875411,0.0,,
game_not_looping,Other games_Nintendo DS_Meteos_Ending 2.mid,2.820244676201824,0.7153284671532847,1.71176656702475,0.019347037484885126,0.0,,
game_not_looping,Mario Kart_Wii U_Mario Kart 8_Animal Crossing Results.mid,1.9283299163193877,1.0,2.11614711879901,0.00662774183367524,0.0,,
game_not_looping,Mario Party_Nintendo 64_Mario Party 2_Ending Theme.mid,2.3139074708945455,0.8481012658227848,2.1194938107982275,0.011611030478955007,0.36363636363636365,0.375,0.375
game_not_looping,Golden Sun_Game Boy Advance_Golden Sun_Victory Fanfare.mid,2.493288539780655,0.8853046594982079,1.95221752126138,0.011437095972153158,0.0,,
game_not_looping,Mega Man_Game Boy Advance_Mega Man Zero 2_Intro.mid,1.041545477558226,0.9504132231404959,1.8478774811087726,0.005859947260474656,0.34615384615384615,0.10204081632653063,0.10204081632653063
game_not_looping,The Legend of Zelda_Wii_The Legend of Zelda Skyward Sword_Wing Ceremony Victory.mid,2.463196335564241,0.9962168978562421,1.6563585320139897,0.003966679888932963,0.0,,
game_not_looping,Other games_Nintendo Entertainment System_Shingen the Ruler_Credits.mid,1.3731314474871559,0.993006993006993,1.932279044266793,0.0034689668104256515,0.3333333333333333,0.2638888888888889,0.2638888888888889
game_not_looping,Mario Kart_Nintendo GameCube_Mario Kart Double Dash!!_Staff Roll.mid,3.1251512392789005,0.583078491335372,2.1742167660790517,0.009732196791730988,0.0,,
game_not_looping,Pokemon_Game Boy Color_Pokemon Gold Version & Pokemon Silver Version_A Rival Appears!.mid,2.174149632484812,0.9389473684210526,2.1898036347294383,0.01357733175914994,0.0,,
game_not_looping,Ace Attorney_Nintendo DS_Phoenix Wright Ace Attorney_Turnabout Sisters Ballad.mid,3.138677670468884,0.9844961240310077,2.0535786206369964,0.006296114117068372,0.0,,
game_not_looping,Final Fantasy_Super Nintendo Entertainment System_Final Fantasy IV_Fanfare.mid,2.390029099897993,0.8670360110803325,1.9153668207324288,0.007692307692307693,0.0,,
game_not_looping,Pokemon_Game Boy Advance_Pokemon FireRed Version & Pokemon LeafGreen Version_Ending Theme.mid,3.607006718266541,0.630568356374808,2.184970268250407,0.009577947360224263,0.0,,
game_not_looping,The Legend of Zelda_Wii_The Legend of Zelda Skyward Sword_Song of the Hero.mid,3.0679178317715587,0.21311475409836064,1.9440165047788789,0.01964839710444674,0.0,,
game_not_looping,Pokemon_Game Boy Advance_Pokemon Ruby Version & Pokemon Sapphire Version_Victory! (Wild Pokemon).mid,2.362302621439281,0.84,2.3105713628319435,0.01164294954721863,0.0,,
game_not_looping,Super Mario_Super Nintendo Entertainment System_Super Mario RPG Legend of the Seven Stars_Battle Victory.mid,1.8017040206616461,0.9178743961352657,1.8766807390725964,0.01683704149128082,0.0,,
game_not_looping,Animal Crossing_Nintendo GameCube_Animal Crossing_KK Lullaby (Aircheck).mid,2.778702173334877,0.9878542510121457,2.01045974496092,0.0027233406311742404,0.0425531914893617,0.25,0.25
game_not_looping,Super Mario_Nintendo Entertainment System_Dr Mario_Versus Victory.mid,0.7965205992734021,0.9818548387096774,1.9096258130261754,0.0025234318673395817,0.0,,
game_not_looping,Castlevania_Game Boy_Castlevania Legends_Prologue.mid,1.8976850674487709,0.6176470588235294,2.202786748277869,0.016923990498812352,0.0,,
game_not_looping,Other_PC_World of Warcraft Warlords of Draenor_Song of Elune_0.mid,2.088011992069418,0.7532082922013821,2.027832694595084,0.007074395253308992,0.0,,
game_not_looping,Mega Man_Super Nintendo Entertainment System_Mega Man X3_Opening Stage.mid,2.1347067624502496,0.9976825028968713,1.936661306295552,0.004138266796494644,0.0,,
game_not_looping,Super Mario_Nintendo GameCube_Super Mario Sunshine_Event & Goal.mid,1.984097053680491,0.979136690647482,2.2906328288308275,0.009268454154253558,0.0,,
game_not_looping,Final Fantasy_Super Nintendo Entertainment System_Final Fantasy V_Ending Theme.mid,3.357013912593976,0.942094455852156,2.42259280194789,0.004974613028552634,0.0,,
game_not_looping,Star Fox_Nintendo 64_Star Fox 64_Introduction.mid,2.327155336794471,0.8382165605095542,1.9721599196575237,0.00701949860724234,0.0,,
game_not_looping,The Legend of Zelda_N64_The Legend of Zelda Majora's Mask_Song of Healing_0.mid,1.105432513552897,0.9436619718309859,2.0185525135940883,0.006188118811881188,0.0,,
game_not_looping,Animal Crossing_Nintendo 3DS_Animal Crossing New Leaf_Hypno KK.mid,2.6581967019471824,0.7638436482084691,2.182641642283699,0.007724442342555372,0.0,,
game_not_looping,Animal Crossing_Nintendo 3DS_Animal Crossing New Leaf_KK Disco.mid,2.604255476288706,0.8785310734463276,2.1910686695059987,0.006147397834439399,0.0,,
game_not_looping,Other games_Xbox 360_Halo 3 ODST_The Light at the End Another Rain.mid,3.1940310632950997,0.6401098901098901,1.8895771533497245,0.001442125237191651,0.0,,
game_not_looping,Pokemon_Game Boy Color_Pokemon Gold Version & Pokemon Silver Version_Victory! (Wild Pokemon).mid,1.5677660307766708,0.9704142011834319,2.4221349939769383,0.017446176688938383,0.0,,
game_not_looping,Animal Crossing_Nintendo 3DS_Animal Crossing New Leaf_KK Island (Aircheck).mid,1.8960428901419557,1.0,1.5387167226634584,0.0034431137724550897,0.0,,
game_not_looping,Mario Kart_Nintendo 64_Mario Kart 64_Staff Roll.mid,1.909105845217337,0.9490740740740741,1.3432517816762015,0.0026997840172786176,0.0,,
game_not_looping,Mario Kart_Super Nintendo Entertainment System_Super Mario Kart_Victory.mid,2.0902648740087204,0.9748201438848921,2.0929682046272178,0.0052412795951563345,0.0,,
game_not_looping,Animal Crossing_Nintendo 3DS_Animal Crossing New Leaf_KK Stroll (Aircheck).mid,0.9003630158859823,0.9876203576341128,2.0368239819469904,0.003698520591763295,0.08,0.0,0.0
game_not_looping,Other games_Arcade_Mamorukun Curse!_Bless you! boy (Prologue 1).mid,2.7820721717274397,0.9955506117908788,2.2727082325935553,0.011535312941876907,0.0,,
game_not_looping,The Legend of Zelda_Nintendo GameCube_The Legend of Zelda The Wind Waker_Ending.mid,2.6063199893805313,0.7559241706161137,2.0527201991384842,0.01232741617357002,0.0,,
game_not_looping,Other games_Arcade_Bubble Bobble_Start Demo - Main Theme.mid,2.278203341306382,0.9157303370786517,2.032853939136266,0.006165228113440197,0.0,,
game_not_looping,Mario Party_Nintendo 64_Mario Party_Opening Theme.mid,2.1839068519444287,0.917513448894202,2.340007149673069,0.005249215070643642,0.0,,
game_not_looping,Animal Crossing_Nintendo GameCube_Animal Crossing_KK Western (Aircheck).mid,2.076172510923087,0.9600725952813067,1.8628610859885126,0.00433721875847113,0.0,,
game_not_looping,Other games_Super Nintendo Entertainment System_Drakkhen_Game Over.mid,1.9772088121367404,0.9717514124293786,1.9029492643219146,0.00917813934084272,0.0,,
game_not_looping,The Legend of Zelda_Nintendo GameCube_The Legend of Zelda The Wind Waker_Song of the New Years Ceremony.mid,1.5218594100938585,0.8958333333333334,1.784306235918556,0.00431203449627597,0.5714285714285714,0.09999999999999998,0.09999999999999998
game_not_looping,EarthBoundMother_Nintendo Entertainment System_EarthBound Beginnings_You Won! Level Up Game Over.mid,2.4196220214629554,0.8591954022988506,2.16815339537952,0.00967659791189203,0.55,0.04761904761904762,0.04761904761904762
game_not_looping,Other games_PC_The Witchs House_Miller house (Ending).mid,2.5034116606813153,0.7866108786610879,2.1228337951026495,0.0056321029870260485,0.0,,
game_not_looping,Super Smash Bros_Nintendo Switch_Super Smash Bros Ultimate_The Light Realm Prologue.mid,2.5347230867468946,0.9981331673926571,2.1433078315867715,0.009064306616230105,0.11428571428571428,0.0,0.0
game_not_looping,Other games_Nintendo 3DS_Tomodachi Life_Ballad.mid,2.6760204498002254,0.9597523219814241,1.8750384775213358,0.0038095238095238095,0.0,,
game_not_looping,Donkey Kong_Super Nintendo Entertainment System_Donkey Kong Country_The Credits Concerto.mid,1.893822314789537,0.99140708915145,1.1961606005499275,0.001218026796589525,0.0,,
game_not_looping,Mario Kart_Wii_Mario Kart Wii_Race Results (Win).mid,1.957502928044466,0.99568345323741,2.1266686482576747,0.0109375,0.0,,
game_not_looping,Super Mario_Nintendo GameCube_Luigis Mansion_Credits.mid,1.3979727672742301,0.9089664613278576,2.2510778175816406,0.007179781734635267,0.0,,
game_not_looping,Other games_Nintendo Switch_Cadence of Hyrule Crypt of the NecroDancer Featuring The Legend of Zelda_Zeldas Lullaby (File Select).mid,3.247465690413227,0.9878787878787879,2.093589729045876,0.003622368123160516,0.0,,
game_not_looping,Pokemon_Nintendo DS_Pokemon Diamond Version & Pokemon Pearl Version_The Legendary Pokemon Appears!.mid,2.5460813529776196,0.6069651741293532,1.8927020758312625,0.0065540710864633225,0.0,,
game_not_looping,Animal Crossing_Nintendo 3DS_Animal Crossing New Leaf_Bubblegum KK (Music Box).mid,1.9249450606689615,1.0,2.034656719481805,0.0021477951540371837,0.0,,
game_not_looping,Pokemon_Nintendo DS_Pokemon Diamond Version & Pokemon Pearl Version_Team Galactic Appears!.mid,2.122274687464206,0.9720767888307156,2.3204025786458997,0.008639308855291577,0.0,,
game_not_looping,Animal Crossing_Nintendo 3DS_Animal Crossing New Leaf_KK Disco (Music Box).mid,2.715157726052253,0.9944547134935305,2.127667360606032,0.0047129055062446,0.0,,
game_not_looping,Other games_Game Boy Advance_Hamtaro Ham-Ham Heartbreak_Final Credits.mid,2.056274136741114,0.9698795180722891,2.0659651372019687,0.00731227149151589,0.0,,
game_not_looping,Super Mario_Nintendo 64_Yoshis Story_Ending Story.mid,2.747837693974718,0.8778531770512029,2.0814219234889815,0.004461043676729951,0.0,,
game_not_looping,Super Mario_Wii U_Super Mario 3D World_Captain Toads Fiery Finale.mid,2.0206509466920215,0.9939903846153846,2.3659018362171422,0.006968641114982578,0.0,,
game_not_looping,Other games_PC_Kero Blaster_Credits of Kero.mid,2.0576689185743327,0.9859002169197397,2.222094214773968,0.005830499062955507,0.0,,
game_not_looping,Other games_PC_Long Live the Queen_Epilogue.mid,2.7535078215146505,0.647239263803681,2.1733959080664507,0.009416445623342175,0.0,,
game_not_looping,The Legend of Zelda_Nintendo GameCube_The Legend of Zelda The Wind Waker_Farewell Hyrule King.mid,2.6072856988945934,0.9575757575757575,2.0684977942029596,0.005449591280653951,0.0,,
game_not_looping,Other games_Super Nintendo Entertainment System_EVO Search for Eden_Ending Theme.mid,2.2641815655034736,0.9852216748768473,1.924310328530944,0.009669211195928753,0.0,,
game_not_looping,The Legend of Zelda_Nintendo GameCube_The Legend of Zelda The Wind Waker_Epilogue.mid,3.0045796888088026,0.4015444015444015,1.6586800348103115,0.009274193548387096,0.0,,
game_not_looping,Mega Man_Nintendo Entertainment System_Mega Man_Ending.mid,3.2075460965280196,0.6462093862815884,2.29884077356711,0.00933977455716586,0.0,,
game_not_looping,Mario Party_Nintendo 64_Mario Party 3_Ending Theme.mid,3.0930934838692976,0.8444165621079046,1.8752863780486781,0.005427046263345196,0.0,,
game_not_looping,Pokemon_Game Boy_Pokemon Red Version & Pokemon Blue Version_Ending Theme.mid,1.9464389373671498,0.8523936170212766,1.9646348079083322,0.009190417182982238,0.0,,
game_not_looping,Paper Mario_Nintendo GameCube_Paper Mario The Thousand-Year Door_Chapter Ending.mid,2.5915615558062846,0.9151712887438825,2.3099887280758544,0.014925373134328358,0.0,,
game_not_looping,Animal Crossing_Nintendo GameCube_Animal Crossing_Lucky KK (Aircheck).mid,2.563190927803358,0.9959514170040485,1.9035417150651668,0.0027875859505668093,0.0,,
game_not_looping,Animal Crossing_Nintendo GameCube_Animal Crossing_KK Love Song.mid,2.4756963378804206,0.9299474605954466,2.1449008872434647,0.0043325614402031825,0.06060606060606061,0.8181818181818181,0.8181818181818181
game_not_looping,Kirby_Game Boy_Kirbys Dream Land_Ending Theme.mid,2.042447095127045,0.9618949536560247,2.1351976255634173,0.00813228517213337,0.0,,
game_not_looping,Super Mario_SNES_Super Mario World_Ending Theme_0.mid,1.2768805774885719,0.9515096065873742,2.318329362934964,0.009579613095238096,0.0,,
game_not_looping,Pokemon_Game Boy Color_Pokemon Gold Version & Pokemon Silver Version_Ending.mid,3.025092793894312,0.7549909255898367,2.313903786246234,0.014618587755825285,0.0,,
game_not_looping,Pokemon_Game Boy Advance_Pokemon Emerald Version_Rayquaza Appears!.mid,2.0806123235304934,0.7183908045977011,1.360220770579331,0.0072992700729927005,0.0,,
game_not_looping,The Legend of Zelda_Nintendo Entertainment System_The Legend of Zelda_Game Over.mid,1.4969545840693272,0.8690476190476191,2.2720548178490225,0.0048543689320388345,0.0,,
game_not_looping,Pokemon_Nintendo DS_Pokemon Black Version & Pokemon White Version_Ns Farewell.mid,3.0112429419623457,0.3680555555555556,2.16151620689349,0.001954022988505747,0.0,,
game_not_looping,Super Mario_Nintendo GameCube_Luigis Mansion_Stage Clear.mid,1.900239642910427,0.8527131782945736,1.907577585478228,0.004959034066407934,0.0,,
game_not_looping,Metroid_Game Boy_Metroid II Return of Samus_Ending.mid,2.2686118926698033,0.8696939782823297,1.9956756504081028,0.005641066967523572,0.0,,
game_not_looping,The Legend of Zelda_Wii_The Legend of Zelda Skyward Sword_Ballad of the Goddess.mid,3.2424856566783644,0.6893353941267388,1.8539288777460923,0.007230821376115693,0.0,,
game_not_looping,Kirby_Wii_Kirbys Return to Dream Land_Road to Victory (The Arena).mid,2.1990390005761036,0.9991111111111111,1.8381340018461687,0.0042970222389747455,0.058823529411764705,0.0,0.0
game_not_looping,Super Mario_Nintendo 3DS_Super Mario 3D Land_Staff Roll (Main Theme).mid,2.636386830237276,0.8101402373247033,2.2259151648164037,0.019197440341287828,0.0,,
game_not_looping,The Legend of Zelda_Nintendo GameCube_The Legend of Zelda The Wind Waker_Earth Gods Lyric.mid,2.8392148993878887,0.5454545454545454,1.8604391086824377,0.011909487892020643,0.0,,
game_not_looping,Animal Crossing_Nintendo 3DS_Animal Crossing New Leaf_KK Bazaar (Aircheck).mid,2.5058414542828737,0.9636363636363636,1.9942689297327656,0.009414340448823208,0.0,,
game_not_looping,Other games_PC_Tom Clancys Ghost Recon_Anthem.mid,2.9481219031491626,0.35135135135135137,2.091942240897943,0.00425679784553905,0.0,,
game_not_looping,Monster Hunter_Nintendo Switch_Monster Hunter Rise_Kamuras Song of Purification (Hinoa).mid,2.638901789204202,0.3391304347826087,1.912450976127456,0.00915240748109829,0.0,,
game_not_looping,Other_PC_Aion Tower of Eternity_Song of Moonlight_0.mid,2.402117052019563,0.8282352941176471,2.249086113516645,0.005668874172185431,0.0,,
game_not_looping,Fire Emblem_Super Nintendo Entertainment System_Fire Emblem Genealogy of the Holy War_Level Up!.mid,1.3713672501000722,0.9259259259259259,1.7347592906139628,0.008559201141226819,0.0,,
game_not_looping,Other games_Nintendo DS_Nintendogs_Naptime Record.mid,2.893647835437017,0.677710843373494,2.1106713562465202,0.005101567572581393,0.0,,
game_not_looping,Ace Attorney_Nintendo DS_Phoenix Wright Ace Attorney_Investigation Opening 2001.mid,1.795750632849974,0.9960369881109643,1.9103042641160892,0.0028089887640449437,0.16,0.0,0.0
game_not_looping,Other games_PC_Long Live the Queen_Reprise (Garnet).mid,2.84545970128068,0.6635514018691588,2.01680463940777,0.00555011426705844,0.0,,
game_not_looping,Animal Crossing_Nintendo 3DS_Animal Crossing New Leaf_KK Stroll (Music Box).mid,2.4898541071218605,0.794,2.030678105788162,0.008026055600790973,0.0,,
game_not_looping,Animal Crossing_Nintendo GameCube_Animal Crossing_KK Etude (Aircheck).mid,1.9630762460541729,1.0,2.103020182217022,0.00566645202833226,0.0,,
game_not_looping,Final Fantasy_PlayStation 2_Final Fantasy XII_Game Over.mid,3.2703201886001567,0.0,1.983287678496778,0.014380530973451327,0.0,,
game_not_looping,The Legend of Zelda_Multiplatform_The Legend of Zelda Breath of the Wild_Credits (Staff Roll).mid,4.5394750337248,0.3587166602241979,2.35650174572854,0.005333238520204085,0.0,,
